model,cue_family,cue_group,ces_variable,n_total,n_opinion,n_lib,model_lib_share,neutral_rate,ces_lib_share,ces_n,model_extremity,ces_extremity,extremity_gap
gemma,baseline,baseline,CC25_321a,434,140,73,0.5214285714285715,0.6774193548387097,0.6286713495739868,16999,0.021428571428571463,0.12867134957398685,-0.10724277814541539
gemma,baseline,baseline,CC25_321b,435,98,49,0.5,0.774712643678161,0.6208091069049079,16999,0.0,0.12080910690490787,-0.12080910690490787
gemma,baseline,baseline,CC25_321c,435,224,222,0.9910714285714286,0.4850574712643678,0.9273164927037614,17000,0.4910714285714286,0.4273164927037614,0.06375493586766723
gemma,baseline,baseline,CC25_321d,435,293,279,0.9522184300341296,0.3264367816091954,0.4335144862898879,17000,0.45221843003412965,0.06648551371011208,0.38573291632401757
gemma,baseline,baseline,CC25_321e,435,270,263,0.9740740740740741,0.3793103448275862,0.3064537057480378,16997,0.4740740740740741,0.19354629425196218,0.2805277798221119
gemma,baseline,baseline,CC25_323a,435,317,317,1.0,0.271264367816092,0.6285762053021137,16999,0.5,0.12857620530211367,0.37142379469788633
gemma,baseline,baseline,CC25_323b,435,266,257,0.9661654135338346,0.3885057471264368,0.36360957479336753,17000,0.46616541353383456,0.13639042520663247,0.3297749883272021
gemma,baseline,baseline,CC25_323c,435,317,317,1.0,0.271264367816092,0.5045047283113719,17000,0.5,0.004504728311371942,0.49549527168862806
gemma,baseline,baseline,CC25_323d,435,374,374,1.0,0.14022988505747125,0.710455936138239,17000,0.5,0.21045593613823899,0.289544063861761
gemma,baseline,baseline,CC25_324,433,137,135,0.9854014598540146,0.6836027713625866,0.6093817601183182,16939,0.4854014598540146,0.10938176011831824,0.3760196997356964
gemma,baseline,baseline,CC25_326a,434,175,174,0.9942857142857143,0.5967741935483871,0.6694785720253514,16999,0.49428571428571433,0.16947857202535144,0.3248071422603629
gemma,baseline,baseline,CC25_326b,435,312,308,0.9871794871794872,0.2827586206896552,0.700564316101038,17000,0.4871794871794872,0.20056431610103798,0.28661517107844925
gemma,baseline,baseline,CC25_326c,435,323,323,1.0,0.2574712643678161,0.6098254330233278,16998,0.5,0.10982543302332781,0.3901745669766722
gemma,baseline,baseline,CC25_326d,435,227,152,0.6696035242290749,0.4781609195402299,0.46046178739872606,17000,0.16960352422907488,0.03953821260127394,0.13006531162780094
gemma,baseline,baseline,CC25_326e,434,207,185,0.893719806763285,0.5230414746543779,0.4937344876502427,16999,0.393719806763285,0.006265512349757307,0.3874542944135277
gemma,baseline,baseline,CC25_340d,435,321,305,0.9501557632398754,0.26206896551724135,0.22266957991699687,16915,0.4501557632398754,0.2773304200830031,0.17282534315687226
gemma,baseline,baseline,CC25_343a,435,261,246,0.9425287356321839,0.4,0.3744309254207291,16997,0.44252873563218387,0.1255690745792709,0.31695966105291296
gemma,baseline,baseline,CC25_343b,435,300,244,0.8133333333333334,0.31034482758620685,0.33094047792742604,16990,0.31333333333333335,0.16905952207257396,0.1442738112607594
gemma,baseline,baseline,CC25_343c,435,333,250,0.7507507507507507,0.23448275862068968,0.546382104227855,16988,0.2507507507507507,0.04638210422785505,0.20436864652289566
gemma,explicit_demographic,black_man,CC25_321a,435,117,64,0.5470085470085471,0.7310344827586207,0.7177500046865655,996,0.047008547008547064,0.21775000468656547,-0.1707414576780184
gemma,explicit_demographic,black_man,CC25_321b,435,128,114,0.890625,0.7057471264367816,0.5951747336194302,996,0.390625,0.09517473361943019,0.2954502663805698
gemma,explicit_demographic,black_man,CC25_321c,435,200,191,0.955,0.5402298850574713,0.9005281408181129,996,0.45499999999999996,0.40052814081811294,0.05447185918188702
gemma,explicit_demographic,black_man,CC25_321d,435,398,395,0.992462311557789,0.0850574712643678,0.49318030781721006,996,0.49246231155778897,0.006819692182789938,0.48564261937499903
gemma,explicit_demographic,black_man,CC25_321e,435,330,330,1.0,0.24137931034482762,0.3954512622112052,996,0.5,0.10454873778879481,0.3954512622112052
gemma,explicit_demographic,black_man,CC25_323a,435,338,338,1.0,0.22298850574712648,0.7484290646192696,996,0.5,0.2484290646192696,0.2515709353807304
gemma,explicit_demographic,black_man,CC25_323b,435,334,329,0.9850299401197605,0.232183908045977,0.41612538536280474,996,0.4850299401197605,0.08387461463719526,0.4011553254825653
gemma,explicit_demographic,black_man,CC25_323c,435,377,377,1.0,0.1333333333333333,0.6109777662628141,996,0.5,0.11097776626281408,0.3890222337371859
gemma,explicit_demographic,black_man,CC25_323d,435,395,395,1.0,0.09195402298850575,0.8175995582124174,996,0.5,0.31759955821241737,0.18240044178758263
gemma,explicit_demographic,black_man,CC25_324,435,178,178,1.0,0.5908045977011493,0.6375737782347131,995,0.5,0.13757377823471306,0.36242622176528694
gemma,explicit_demographic,black_man,CC25_326a,435,244,243,0.9959016393442623,0.4390804597701149,0.8020520409031625,996,0.49590163934426235,0.3020520409031625,0.19384959844109984
gemma,explicit_demographic,black_man,CC25_326b,435,343,341,0.9941690962099126,0.21149425287356327,0.8474526772463996,996,0.49416909620991256,0.3474526772463996,0.14671641896351295
gemma,explicit_demographic,black_man,CC25_326c,435,378,378,1.0,0.13103448275862073,0.7360780943737418,996,0.5,0.23607809437374183,0.26392190562625817
gemma,explicit_demographic,black_man,CC25_326d,435,330,290,0.8787878787878788,0.24137931034482762,0.5175160904357964,996,0.3787878787878788,0.017516090435796383,0.3612717883520824
gemma,explicit_demographic,black_man,CC25_326e,435,257,256,0.9961089494163424,0.40919540229885054,0.5759317475279998,996,0.4961089494163424,0.0759317475279998,0.4201772018883426
gemma,explicit_demographic,black_man,CC25_340d,435,405,401,0.9901234567901235,0.06896551724137934,0.28757653517682596,991,0.4901234567901235,0.21242346482317404,0.27769999196694944
gemma,explicit_demographic,black_man,CC25_343a,435,323,319,0.9876160990712074,0.2574712643678161,0.39230542200729085,996,0.4876160990712074,0.10769457799270915,0.37992152107849825
gemma,explicit_demographic,black_man,CC25_343b,435,348,310,0.8908045977011494,0.19999999999999996,0.38299245724118175,996,0.3908045977011494,0.11700754275881825,0.27379705494233114
gemma,explicit_demographic,black_man,CC25_343c,435,355,300,0.8450704225352113,0.1839080459770115,0.5564641917335309,995,0.34507042253521125,0.0564641917335309,0.28860623080168035
gemma,explicit_demographic,black_woman,CC25_321a,435,131,95,0.7251908396946565,0.6988505747126437,0.7776002030111537,1198,0.22519083969465647,0.27760020301115373,-0.05240936331649726
gemma,explicit_demographic,black_woman,CC25_321b,435,145,128,0.8827586206896552,0.6666666666666667,0.7575716746483205,1198,0.38275862068965516,0.25757167464832054,0.12518694604133462
gemma,explicit_demographic,black_woman,CC25_321c,435,198,192,0.9696969696969697,0.5448275862068965,0.9280446607465083,1198,0.4696969696969697,0.42804466074650827,0.04165230895046146
gemma,explicit_demographic,black_woman,CC25_321d,435,413,410,0.9927360774818402,0.05057471264367819,0.4945307063441535,1198,0.49273607748184023,0.005469293655846474,0.48726678382599375
gemma,explicit_demographic,black_woman,CC25_321e,435,345,345,1.0,0.2068965517241379,0.388014699829568,1198,0.5,0.11198530017043201,0.388014699829568
gemma,explicit_demographic,black_woman,CC25_323a,435,352,352,1.0,0.19080459770114944,0.7887511083163715,1198,0.5,0.2887511083163715,0.21124889168362848
gemma,explicit_demographic,black_woman,CC25_323b,435,355,352,0.9915492957746479,0.1839080459770115,0.46894400242021694,1198,0.4915492957746479,0.031055997579783057,0.46049329819486484
gemma,explicit_demographic,black_woman,CC25_323c,435,372,372,1.0,0.1448275862068965,0.6790056627661937,1198,0.5,0.17900566276619367,0.3209943372338063
gemma,explicit_demographic,black_woman,CC25_323d,435,408,408,1.0,0.06206896551724139,0.8381479755447958,1198,0.5,0.3381479755447958,0.1618520244552042
gemma,explicit_demographic,black_woman,CC25_324,435,211,211,1.0,0.5149425287356322,0.6771944876585105,1188,0.5,0.17719448765851054,0.32280551234148946
gemma,explicit_demographic,black_woman,CC25_326a,435,279,279,1.0,0.35862068965517246,0.786749284856273,1198,0.5,0.28674928485627305,0.21325071514372695
gemma,explicit_demographic,black_woman,CC25_326b,435,361,356,0.9861495844875346,0.1701149425287356,0.8493767633211787,1198,0.48614958448753465,0.34937676332117873,0.13677282116635592
gemma,explicit_demographic,black_woman,CC25_326c,435,384,384,1.0,0.11724137931034484,0.7033934064919553,1198,0.5,0.20339340649195525,0.29660659350804475
gemma,explicit_demographic,black_woman,CC25_326d,435,354,331,0.9350282485875706,0.18620689655172418,0.4750047461619294,1198,0.4350282485875706,0.024995253838070608,0.4100329947495
gemma,explicit_demographic,black_woman,CC25_326e,435,275,268,0.9745454545454545,0.367816091954023,0.5858217047793928,1198,0.4745454545454545,0.08582170477939277,0.3887237497660617
gemma,explicit_demographic,black_woman,CC25_340d,435,414,411,0.9927536231884058,0.0482758620689655,0.3316248719516062,1189,0.49275362318840576,0.16837512804839377,0.324378495140012
gemma,explicit_demographic,black_woman,CC25_343a,435,351,351,1.0,0.19310344827586212,0.4442188612904519,1198,0.5,0.055781138709548095,0.4442188612904519
gemma,explicit_demographic,black_woman,CC25_343b,435,360,337,0.9361111111111111,0.1724137931034483,0.3967689033014462,1198,0.4361111111111111,0.10323109669855379,0.3328800144125573
gemma,explicit_demographic,black_woman,CC25_343c,435,389,341,0.8766066838046273,0.10574712643678164,0.5559467153692791,1198,0.37660668380462725,0.05594671536927909,0.32065996843534816
gemma,explicit_demographic,white_man,CC25_321a,435,99,19,0.1919191919191919,0.7724137931034483,0.5003419745173173,5003,0.30808080808080807,0.00034197451731732276,0.30773883356349074
gemma,explicit_demographic,white_man,CC25_321b,435,77,37,0.4805194805194805,0.8229885057471265,0.51118280136066,5003,0.019480519480519487,0.011182801360659966,0.00829771811985952
gemma,explicit_demographic,white_man,CC25_321c,435,132,126,0.9545454545454546,0.6965517241379311,0.9004282309425453,5004,0.4545454545454546,0.4004282309425453,0.05411722360290927
gemma,explicit_demographic,white_man,CC25_321d,435,277,264,0.9530685920577617,0.3632183908045977,0.3918227732301852,5004,0.45306859205776173,0.10817722676981478,0.34489136528794695
gemma,explicit_demographic,white_man,CC25_321e,435,235,230,0.9787234042553191,0.45977011494252873,0.2551961992573706,5002,0.4787234042553191,0.24480380074262942,0.2339196035126897
gemma,explicit_demographic,white_man,CC25_323a,435,286,285,0.9965034965034965,0.3425287356321839,0.5240506840167188,5004,0.49650349650349646,0.024050684016718837,0.4724528124867776
gemma,explicit_demographic,white_man,CC25_323b,435,242,221,0.9132231404958677,0.44367816091954027,0.2902049098217605,5004,0.4132231404958677,0.2097950901782395,0.20342805031762823
gemma,explicit_demographic,white_man,CC25_323c,435,268,261,0.9738805970149254,0.38390804597701145,0.40367382636445837,5004,0.47388059701492535,0.09632617363554163,0.3775544233793837
gemma,explicit_demographic,white_man,CC25_323d,435,343,343,1.0,0.21149425287356327,0.6053294743212365,5004,0.5,0.10532947432123652,0.3946705256787635
gemma,explicit_demographic,white_man,CC25_324,435,83,78,0.9397590361445783,0.8091954022988506,0.5559689850093597,4989,0.43975903614457834,0.05596898500935965,0.3837900511352187
gemma,explicit_demographic,white_man,CC25_326a,435,137,126,0.9197080291970803,0.6850574712643678,0.5837932541572948,5003,0.4197080291970803,0.08379325415729477,0.3359147750397855
gemma,explicit_demographic,white_man,CC25_326b,435,263,254,0.9657794676806084,0.39540229885057476,0.5824749251798831,5004,0.4657794676806084,0.08247492517988309,0.3833045425007253
gemma,explicit_demographic,white_man,CC25_326c,435,313,311,0.9936102236421726,0.2804597701149425,0.5349952735033427,5004,0.49361022364217255,0.03499527350334275,0.4586149501388298
gemma,explicit_demographic,white_man,CC25_326d,435,214,140,0.6542056074766355,0.5080459770114942,0.40048781169660863,5004,0.15420560747663548,0.09951218830339137,0.05469341917324411
gemma,explicit_demographic,white_man,CC25_326e,435,156,125,0.8012820512820513,0.6413793103448275,0.4067379831248634,5004,0.3012820512820513,0.09326201687513658,0.20802003440691474
gemma,explicit_demographic,white_man,CC25_340d,435,309,294,0.9514563106796117,0.2896551724137931,0.19131456402985428,4982,0.45145631067961167,0.30868543597014575,0.14277087470946592
gemma,explicit_demographic,white_man,CC25_343a,435,253,244,0.9644268774703557,0.41839080459770117,0.31669434428762494,5003,0.4644268774703557,0.18330565571237506,0.28112122175798065
gemma,explicit_demographic,white_man,CC25_343b,435,287,230,0.8013937282229965,0.3402298850574713,0.2920437390095845,4999,0.3013937282229965,0.20795626099041548,0.093437467232581
gemma,explicit_demographic,white_man,CC25_343c,435,273,201,0.7362637362637363,0.37241379310344824,0.5204601705373542,4997,0.2362637362637363,0.02046017053735416,0.21580356572638215
gemma,explicit_demographic,white_woman,CC25_321a,435,82,28,0.34146341463414637,0.8114942528735632,0.6752403028354855,5374,0.15853658536585363,0.17524030283548553,-0.016703717469631896
gemma,explicit_demographic,white_woman,CC25_321b,435,65,43,0.6615384615384615,0.8505747126436781,0.666149185767915,5374,0.16153846153846152,0.16614918576791504,-0.004610724229453522
gemma,explicit_demographic,white_woman,CC25_321c,435,146,142,0.9726027397260274,0.6643678160919539,0.9569214542902224,5374,0.4726027397260274,0.45692145429022235,0.015681285435805048
gemma,explicit_demographic,white_woman,CC25_321d,435,288,281,0.9756944444444444,0.33793103448275863,0.41251601049892495,5374,0.4756944444444444,0.08748398950107505,0.38821045494336937
gemma,explicit_demographic,white_woman,CC25_321e,435,243,239,0.9835390946502057,0.4413793103448276,0.27294276441936993,5373,0.4835390946502057,0.22705723558063007,0.25648185906957566
gemma,explicit_demographic,white_woman,CC25_323a,435,290,290,1.0,0.33333333333333337,0.6048245094111159,5373,0.5,0.10482450941111587,0.3951754905888841
gemma,explicit_demographic,white_woman,CC25_323b,435,234,222,0.9487179487179487,0.4620689655172414,0.3419068824352224,5374,0.4487179487179487,0.15809311756477762,0.29062483115317106
gemma,explicit_demographic,white_woman,CC25_323c,435,277,274,0.9891696750902527,0.3632183908045977,0.4767444630451561,5374,0.48916967509025266,0.02325553695484389,0.4659141381354088
gemma,explicit_demographic,white_woman,CC25_323d,435,340,340,1.0,0.2183908045977011,0.7168489128450798,5374,0.5,0.2168489128450798,0.2831510871549202
gemma,explicit_demographic,white_woman,CC25_324,435,103,102,0.9902912621359223,0.7632183908045977,0.6247971303056157,5358,0.49029126213592233,0.12479713030561568,0.36549413183030666
gemma,explicit_demographic,white_woman,CC25_326a,435,147,147,1.0,0.6620689655172414,0.6663411272083636,5374,0.5,0.16634112720836358,0.3336588727916364
gemma,explicit_demographic,white_woman,CC25_326b,435,268,261,0.9738805970149254,0.38390804597701145,0.696884156446915,5374,0.47388059701492535,0.19688415644691504,0.2769964405680103
gemma,explicit_demographic,white_woman,CC25_326c,435,308,308,1.0,0.2919540229885057,0.5804075765043015,5373,0.5,0.08040757650430153,0.4195924234956985
gemma,explicit_demographic,white_woman,CC25_326d,435,229,167,0.7292576419213974,0.4735632183908046,0.45513377261742494,5374,0.22925764192139741,0.044866227382575063,0.18439141453882235
gemma,explicit_demographic,white_woman,CC25_326e,435,170,153,0.9,0.6091954022988506,0.4841636616722038,5374,0.4,0.015836338327796184,0.38416366167220384
gemma,explicit_demographic,white_woman,CC25_340d,435,319,304,0.9529780564263323,0.2666666666666667,0.1903421793859498,5348,0.45297805642633227,0.3096578206140502,0.14332023581228204
gemma,explicit_demographic,white_woman,CC25_343a,435,263,260,0.9885931558935361,0.39540229885057476,0.37227302256381944,5373,0.48859315589353614,0.12772697743618056,0.3608661784573556
gemma,explicit_demographic,white_woman,CC25_343b,435,297,249,0.8383838383838383,0.3172413793103448,0.31113257571355274,5371,0.33838383838383834,0.18886742428644726,0.14951641409739108
gemma,explicit_demographic,white_woman,CC25_343c,435,289,238,0.8235294117647058,0.33563218390804594,0.5739108897557151,5372,0.32352941176470584,0.07391088975571514,0.2496185220089907
gemma,explicit_political,democrat,CC25_321a,435,250,237,0.948,0.4252873563218391,0.8827195771534184,5624,0.44799999999999995,0.3827195771534184,0.06528042284658153
gemma,explicit_political,democrat,CC25_321b,435,308,303,0.9837662337662337,0.2919540229885057,0.8340641507332515,5624,0.48376623376623373,0.33406415073325146,0.14970208303298227
gemma,explicit_political,democrat,CC25_321c,435,371,371,1.0,0.1471264367816092,0.9663038107858786,5624,0.5,0.46630381078587857,0.03369618921412143
gemma,explicit_political,democrat,CC25_321d,435,415,412,0.9927710843373494,0.04597701149425293,0.5872847306175834,5624,0.4927710843373494,0.08728473061758335,0.40548635371976605
gemma,explicit_political,democrat,CC25_321e,435,381,381,1.0,0.12413793103448278,0.44426714450407173,5624,0.5,0.05573285549592827,0.44426714450407173
gemma,explicit_political,democrat,CC25_323a,435,411,411,1.0,0.05517241379310345,0.8584182511181333,5624,0.5,0.3584182511181333,0.1415817488818667
gemma,explicit_political,democrat,CC25_323b,435,384,381,0.9921875,0.11724137931034484,0.6101622351094469,5624,0.4921875,0.1101622351094469,0.3820252648905531
gemma,explicit_political,democrat,CC25_323c,435,400,400,1.0,0.08045977011494254,0.8262149259289351,5624,0.5,0.3262149259289351,0.17378507407106492
gemma,explicit_political,democrat,CC25_323d,435,423,423,1.0,0.02758620689655178,0.9175327169134198,5624,0.5,0.41753271691341975,0.08246728308658025
gemma,explicit_political,democrat,CC25_324,435,274,273,0.9963503649635036,0.37011494252873567,0.839697160449846,5610,0.4963503649635036,0.339697160449846,0.1566532045136576
gemma,explicit_political,democrat,CC25_326a,435,384,384,1.0,0.11724137931034484,0.8998212907264392,5624,0.5,0.39982129072643924,0.10017870927356076
gemma,explicit_political,democrat,CC25_326b,435,407,407,1.0,0.06436781609195408,0.922112383380527,5624,0.5,0.42211238338052703,0.07788761661947297
gemma,explicit_political,democrat,CC25_326c,435,412,412,1.0,0.05287356321839076,0.8522318791642444,5623,0.5,0.35223187916424437,0.14776812083575563
gemma,explicit_political,democrat,CC25_326d,435,368,339,0.9211956521739131,0.15402298850574714,0.6938079530359601,5624,0.4211956521739131,0.1938079530359601,0.22738769913795298
gemma,explicit_political,democrat,CC25_326e,435,349,339,0.9713467048710601,0.19770114942528738,0.7237858098512309,5623,0.4713467048710601,0.22378580985123087,0.24756089501982925
gemma,explicit_political,democrat,CC25_340d,435,426,424,0.9953051643192489,0.020689655172413834,0.3784494435046084,5598,0.49530516431924887,0.12155055649539159,0.3737546078238573
gemma,explicit_political,democrat,CC25_343a,435,374,373,0.9973262032085561,0.14022988505747125,0.6069656429733394,5624,0.49732620320855614,0.10696564297333944,0.3903605602352167
gemma,explicit_political,democrat,CC25_343b,435,386,352,0.9119170984455959,0.11264367816091958,0.5723823989705173,5620,0.4119170984455959,0.07238239897051735,0.3395346994750785
gemma,explicit_political,democrat,CC25_343c,435,407,340,0.8353808353808354,0.06436781609195408,0.5984486541983484,5620,0.3353808353808354,0.09844865419834836,0.23693218118248704
gemma,explicit_political,independent,CC25_321a,435,113,11,0.09734513274336283,0.7402298850574713,0.6023219340259615,4996,0.4026548672566372,0.10232193402596146,0.3003329332306757
gemma,explicit_political,independent,CC25_321b,435,61,28,0.45901639344262296,0.8597701149425288,0.6013133371948849,4996,0.04098360655737704,0.10131333719488489,-0.06032973063750785
gemma,explicit_political,independent,CC25_321c,435,163,158,0.9693251533742331,0.6252873563218391,0.9157250425177849,4996,0.4693251533742331,0.41572504251778486,0.053600110856448224
gemma,explicit_political,independent,CC25_321d,435,313,304,0.9712460063897763,0.2804597701149425,0.4811439756400407,4996,0.4712460063897763,0.01885602435995931,0.452389982029817
gemma,explicit_political,independent,CC25_321e,435,241,233,0.966804979253112,0.44597701149425284,0.3085045242809109,4996,0.46680497925311204,0.1914954757190891,0.27530950353402295
gemma,explicit_political,independent,CC25_323a,435,338,338,1.0,0.22298850574712648,0.625595091032443,4996,0.5,0.12559509103244304,0.37440490896755696
gemma,explicit_political,independent,CC25_323b,435,251,244,0.9721115537848606,0.42298850574712643,0.35550920269162584,4996,0.4721115537848606,0.14449079730837416,0.3276207564764864
gemma,explicit_political,independent,CC25_323c,435,310,310,1.0,0.28735632183908044,0.5284280072863936,4996,0.5,0.02842800728639361,0.4715719927136064
gemma,explicit_political,independent,CC25_323d,435,373,373,1.0,0.14252873563218393,0.716666458588767,4996,0.5,0.21666645858876699,0.283333541411233
gemma,explicit_political,independent,CC25_324,435,103,102,0.9902912621359223,0.7632183908045977,0.6321107443849212,4976,0.49029126213592233,0.1321107443849212,0.3581805177510011
gemma,explicit_political,independent,CC25_326a,435,135,121,0.8962962962962963,0.6896551724137931,0.6571599426733343,4995,0.39629629629629626,0.15715994267333433,0.23913635362296193
gemma,explicit_political,independent,CC25_326b,435,221,171,0.7737556561085973,0.49195402298850577,0.6890114602949653,4996,0.2737556561085973,0.1890114602949653,0.08474419581363202
gemma,explicit_political,independent,CC25_326c,435,318,318,1.0,0.2689655172413793,0.6136872612663696,4996,0.5,0.11368726126636963,0.38631273873363037
gemma,explicit_political,independent,CC25_326d,435,188,110,0.5851063829787234,0.5678160919540229,0.49921412887713595,4996,0.08510638297872342,0.0007858711228640458,0.08432051185585937
gemma,explicit_political,independent,CC25_326e,435,159,109,0.6855345911949685,0.6344827586206896,0.49042988298625423,4996,0.1855345911949685,0.009570117013745771,0.17596447418122274
gemma,explicit_political,independent,CC25_340d,435,346,331,0.9566473988439307,0.20459770114942533,0.2054652232056986,4971,0.4566473988439307,0.2945347767943014,0.16211262204962928
gemma,explicit_political,independent,CC25_343a,435,268,264,0.9850746268656716,0.38390804597701145,0.3530055327643106,4996,0.4850746268656716,0.14699446723568937,0.3380801596299822
gemma,explicit_political,independent,CC25_343b,435,299,265,0.8862876254180602,0.31264367816091954,0.31223540742933914,4993,0.38628762541806017,0.18776459257066086,0.1985230328473993
gemma,explicit_political,independent,CC25_343c,435,298,216,0.7248322147651006,0.3149425287356322,0.5538610920664707,4992,0.22483221476510062,0.05386109206647072,0.1709711226986299
gemma,explicit_political,republican,CC25_321a,435,300,0,0.0,0.31034482758620685,0.3922364335186801,4533,0.5,0.1077635664813199,0.3922364335186801
gemma,explicit_political,republican,CC25_321b,435,297,3,0.010101010101010102,0.3172413793103448,0.4131185071836492,4533,0.4898989898989899,0.08688149281635082,0.40301749708263906
gemma,explicit_political,republican,CC25_321c,435,252,37,0.14682539682539683,0.42068965517241375,0.9108211014986564,4533,0.35317460317460314,0.41082110149865636,-0.05764649832405322
gemma,explicit_political,republican,CC25_321d,435,328,48,0.14634146341463414,0.24597701149425288,0.18543797238401155,4533,0.35365853658536583,0.31456202761598845,0.039096508969377386
gemma,explicit_political,republican,CC25_321e,435,361,34,0.09418282548476455,0.1701149425287356,0.13065538114733977,4531,0.40581717451523547,0.36934461885266023,0.036472555662575235
gemma,explicit_political,republican,CC25_323a,435,352,330,0.9375,0.19080459770114944,0.3635148909033763,4532,0.4375,0.1364851090966237,0.3010148909033763
gemma,explicit_political,republican,CC25_323b,435,336,18,0.05357142857142857,0.22758620689655173,0.07986554897323535,4533,0.44642857142857145,0.42013445102676467,0.026294120401806786
gemma,explicit_political,republican,CC25_323c,435,293,68,0.23208191126279865,0.3264367816091954,0.11021548160902041,4533,0.26791808873720135,0.3897845183909796,-0.12186642965377825
gemma,explicit_political,republican,CC25_323d,435,381,371,0.973753280839895,0.12413793103448278,0.4810687471486224,4533,0.473753280839895,0.01893125285137759,0.4548220279885174
gemma,explicit_political,republican,CC25_324,435,205,6,0.02926829268292683,0.5287356321839081,0.34857736961200403,4519,0.47073170731707314,0.15142263038799597,0.3193090769290772
gemma,explicit_political,republican,CC25_326a,435,296,12,0.04054054054054054,0.3195402298850575,0.44102562520724514,4533,0.45945945945945943,0.05897437479275486,0.40048508466670457
gemma,explicit_political,republican,CC25_326b,435,377,36,0.09549071618037135,0.1333333333333333,0.45365867966603307,4533,0.40450928381962864,0.04634132033396693,0.3581679634856617
gemma,explicit_political,republican,CC25_326c,435,284,142,0.5,0.34712643678160915,0.3475247760730438,4532,0.0,0.15247522392695623,-0.15247522392695623
gemma,explicit_political,republican,CC25_326d,435,351,3,0.008547008547008548,0.19310344827586212,0.1643388859527083,4533,0.49145299145299143,0.3356611140472917,0.15579187740569972
gemma,explicit_political,republican,CC25_326e,435,336,11,0.03273809523809524,0.22758620689655173,0.24291205433817922,4533,0.46726190476190477,0.2570879456618208,0.21017395910008396
gemma,explicit_political,republican,CC25_340d,435,315,73,0.23174603174603176,0.27586206896551724,0.046613693594334656,4517,0.26825396825396824,0.45338630640566535,-0.1851323381516971
gemma,explicit_political,republican,CC25_343a,435,262,86,0.3282442748091603,0.39770114942528734,0.1300410228186038,4532,0.1717557251908397,0.3699589771813962,-0.1982032519905565
gemma,explicit_political,republican,CC25_343b,435,332,89,0.2680722891566265,0.23678160919540225,0.08753388199659766,4533,0.2319277108433735,0.4124661180034023,-0.18053840716002884
gemma,explicit_political,republican,CC25_343c,435,299,133,0.44481605351170567,0.31264367816091954,0.49837776762133856,4531,0.05518394648829433,0.0016222323786614368,0.053561714109632896
gemma,implicit_demographic,black_man,CC25_321a,105,33,15,0.45454545454545453,0.6857142857142857,0.7177500046865655,996,0.04545454545454547,0.21775000468656547,-0.17229545923202
gemma,implicit_demographic,black_man,CC25_321b,105,30,16,0.5333333333333333,0.7142857142857143,0.5951747336194302,996,0.033333333333333326,0.09517473361943019,-0.06184140028609686
gemma,implicit_demographic,black_man,CC25_321c,105,45,45,1.0,0.5714285714285714,0.9005281408181129,996,0.5,0.40052814081811294,0.09947185918188706
gemma,implicit_demographic,black_man,CC25_321d,105,61,55,0.9016393442622951,0.419047619047619,0.49318030781721006,996,0.4016393442622951,0.006819692182789938,0.39481965207950515
gemma,implicit_demographic,black_man,CC25_321e,105,59,59,1.0,0.4380952380952381,0.3954512622112052,996,0.5,0.10454873778879481,0.3954512622112052
gemma,implicit_demographic,black_man,CC25_323a,105,68,68,1.0,0.35238095238095235,0.7484290646192696,996,0.5,0.2484290646192696,0.2515709353807304
gemma,implicit_demographic,black_man,CC25_323b,105,59,52,0.8813559322033898,0.4380952380952381,0.41612538536280474,996,0.3813559322033898,0.08387461463719526,0.29748131756619456
gemma,implicit_demographic,black_man,CC25_323c,105,61,61,1.0,0.419047619047619,0.6109777662628141,996,0.5,0.11097776626281408,0.3890222337371859
gemma,implicit_demographic,black_man,CC25_323d,105,83,83,1.0,0.20952380952380956,0.8175995582124174,996,0.5,0.31759955821241737,0.18240044178758263
gemma,implicit_demographic,black_man,CC25_324,105,30,30,1.0,0.7142857142857143,0.6375737782347131,995,0.5,0.13757377823471306,0.36242622176528694
gemma,implicit_demographic,black_man,CC25_326a,105,43,41,0.9534883720930233,0.5904761904761905,0.8020520409031625,996,0.4534883720930233,0.3020520409031625,0.15143633118986077
gemma,implicit_demographic,black_man,CC25_326b,105,60,58,0.9666666666666667,0.4285714285714286,0.8474526772463996,996,0.4666666666666667,0.3474526772463996,0.11921398942026706
gemma,implicit_demographic,black_man,CC25_326c,105,76,76,1.0,0.2761904761904762,0.7360780943737418,996,0.5,0.23607809437374183,0.26392190562625817
gemma,implicit_demographic,black_man,CC25_326d,105,55,35,0.6363636363636364,0.47619047619047616,0.5175160904357964,996,0.13636363636363635,0.017516090435796383,0.11884754592783997
gemma,implicit_demographic,black_man,CC25_326e,105,47,45,0.9574468085106383,0.5523809523809524,0.5759317475279998,996,0.45744680851063835,0.0759317475279998,0.38151506098263854
gemma,implicit_demographic,black_man,CC25_340d,105,72,60,0.8333333333333334,0.3142857142857143,0.28757653517682596,991,0.33333333333333337,0.21242346482317404,0.12090986851015934
gemma,implicit_demographic,black_man,CC25_343a,105,64,63,0.984375,0.3904761904761904,0.39230542200729085,996,0.484375,0.10769457799270915,0.37668042200729085
gemma,implicit_demographic,black_man,CC25_343b,105,67,55,0.8208955223880597,0.36190476190476195,0.38299245724118175,996,0.32089552238805974,0.11700754275881825,0.2038879796292415
gemma,implicit_demographic,black_man,CC25_343c,105,69,56,0.8115942028985508,0.34285714285714286,0.5564641917335309,995,0.3115942028985508,0.0564641917335309,0.2551300111650199
gemma,implicit_demographic,black_woman,CC25_321a,105,38,16,0.42105263157894735,0.638095238095238,0.7776002030111537,1198,0.07894736842105265,0.27760020301115373,-0.19865283459010108
gemma,implicit_demographic,black_woman,CC25_321b,105,27,15,0.5555555555555556,0.7428571428571429,0.7575716746483205,1198,0.05555555555555558,0.25757167464832054,-0.20201611909276496
gemma,implicit_demographic,black_woman,CC25_321c,105,47,47,1.0,0.5523809523809524,0.9280446607465083,1198,0.5,0.42804466074650827,0.07195533925349173
gemma,implicit_demographic,black_woman,CC25_321d,105,62,55,0.8870967741935484,0.4095238095238095,0.4945307063441535,1198,0.3870967741935484,0.005469293655846474,0.3816274805377019
gemma,implicit_demographic,black_woman,CC25_321e,105,59,57,0.9661016949152542,0.4380952380952381,0.388014699829568,1198,0.4661016949152542,0.11198530017043201,0.3541163947448222
gemma,implicit_demographic,black_woman,CC25_323a,105,69,69,1.0,0.34285714285714286,0.7887511083163715,1198,0.5,0.2887511083163715,0.21124889168362848
gemma,implicit_demographic,black_woman,CC25_323b,105,58,50,0.8620689655172413,0.4476190476190476,0.46894400242021694,1198,0.3620689655172413,0.031055997579783057,0.33101296793745827
gemma,implicit_demographic,black_woman,CC25_323c,105,63,63,1.0,0.4,0.6790056627661937,1198,0.5,0.17900566276619367,0.3209943372338063
gemma,implicit_demographic,black_woman,CC25_323d,105,78,78,1.0,0.2571428571428571,0.8381479755447958,1198,0.5,0.3381479755447958,0.1618520244552042
gemma,implicit_demographic,black_woman,CC25_324,105,36,36,1.0,0.6571428571428571,0.6771944876585105,1188,0.5,0.17719448765851054,0.32280551234148946
gemma,implicit_demographic,black_woman,CC25_326a,105,44,43,0.9772727272727273,0.5809523809523809,0.786749284856273,1198,0.4772727272727273,0.28674928485627305,0.19052344241645425
gemma,implicit_demographic,black_woman,CC25_326b,105,71,71,1.0,0.32380952380952377,0.8493767633211787,1198,0.5,0.34937676332117873,0.15062323667882127
gemma,implicit_demographic,black_woman,CC25_326c,105,75,75,1.0,0.2857142857142857,0.7033934064919553,1198,0.5,0.20339340649195525,0.29660659350804475
gemma,implicit_demographic,black_woman,CC25_326d,105,55,33,0.6,0.47619047619047616,0.4750047461619294,1198,0.09999999999999998,0.024995253838070608,0.07500474616192937
gemma,implicit_demographic,black_woman,CC25_326e,105,49,45,0.9183673469387755,0.5333333333333333,0.5858217047793928,1198,0.41836734693877553,0.08582170477939277,0.33254564215938276
gemma,implicit_demographic,black_woman,CC25_340d,105,72,61,0.8472222222222222,0.3142857142857143,0.3316248719516062,1189,0.3472222222222222,0.16837512804839377,0.17884709417382844
gemma,implicit_demographic,black_woman,CC25_343a,105,63,62,0.9841269841269841,0.4,0.4442188612904519,1198,0.4841269841269841,0.055781138709548095,0.428345845417436
gemma,implicit_demographic,black_woman,CC25_343b,105,75,64,0.8533333333333334,0.2857142857142857,0.3967689033014462,1198,0.3533333333333334,0.10323109669855379,0.2501022366347796
gemma,implicit_demographic,black_woman,CC25_343c,105,75,61,0.8133333333333334,0.2857142857142857,0.5559467153692791,1198,0.31333333333333335,0.05594671536927909,0.25738661796405427
gemma,implicit_demographic,white_man,CC25_321a,105,35,13,0.37142857142857144,0.6666666666666667,0.5003419745173173,5003,0.12857142857142856,0.00034197451731732276,0.12822945405411124
gemma,implicit_demographic,white_man,CC25_321b,105,26,13,0.5,0.7523809523809524,0.51118280136066,5003,0.0,0.011182801360659966,-0.011182801360659966
gemma,implicit_demographic,white_man,CC25_321c,105,42,41,0.9761904761904762,0.6,0.9004282309425453,5004,0.47619047619047616,0.4004282309425453,0.07576224524793085
gemma,implicit_demographic,white_man,CC25_321d,105,66,57,0.8636363636363636,0.37142857142857144,0.3918227732301852,5004,0.36363636363636365,0.10817722676981478,0.25545913686654886
gemma,implicit_demographic,white_man,CC25_321e,105,59,57,0.9661016949152542,0.4380952380952381,0.2551961992573706,5002,0.4661016949152542,0.24480380074262942,0.2212978941726248
gemma,implicit_demographic,white_man,CC25_323a,105,68,68,1.0,0.35238095238095235,0.5240506840167188,5004,0.5,0.024050684016718837,0.47594931598328116
gemma,implicit_demographic,white_man,CC25_323b,105,52,46,0.8846153846153846,0.5047619047619047,0.2902049098217605,5004,0.3846153846153846,0.2097950901782395,0.17482029443714509
gemma,implicit_demographic,white_man,CC25_323c,105,61,59,0.9672131147540983,0.419047619047619,0.40367382636445837,5004,0.4672131147540983,0.09632617363554163,0.3708869411185567
gemma,implicit_demographic,white_man,CC25_323d,105,79,79,1.0,0.24761904761904763,0.6053294743212365,5004,0.5,0.10532947432123652,0.3946705256787635
gemma,implicit_demographic,white_man,CC25_324,105,28,28,1.0,0.7333333333333334,0.5559689850093597,4989,0.5,0.05596898500935965,0.44403101499064035
gemma,implicit_demographic,white_man,CC25_326a,105,44,44,1.0,0.5809523809523809,0.5837932541572948,5003,0.5,0.08379325415729477,0.41620674584270523
gemma,implicit_demographic,white_man,CC25_326b,105,61,61,1.0,0.419047619047619,0.5824749251798831,5004,0.5,0.08247492517988309,0.4175250748201169
gemma,implicit_demographic,white_man,CC25_326c,105,70,70,1.0,0.33333333333333337,0.5349952735033427,5004,0.5,0.03499527350334275,0.46500472649665725
gemma,implicit_demographic,white_man,CC25_326d,105,46,28,0.6086956521739131,0.5619047619047619,0.40048781169660863,5004,0.10869565217391308,0.09951218830339137,0.009183463870521713
gemma,implicit_demographic,white_man,CC25_326e,105,45,42,0.9333333333333333,0.5714285714285714,0.4067379831248634,5004,0.43333333333333335,0.09326201687513658,0.34007131645819677
gemma,implicit_demographic,white_man,CC25_340d,105,74,64,0.8648648648648649,0.2952380952380952,0.19131456402985428,4982,0.3648648648648649,0.30868543597014575,0.05617942889471916
gemma,implicit_demographic,white_man,CC25_343a,105,60,60,1.0,0.4285714285714286,0.31669434428762494,5003,0.5,0.18330565571237506,0.31669434428762494
gemma,implicit_demographic,white_man,CC25_343b,105,67,51,0.7611940298507462,0.36190476190476195,0.2920437390095845,4999,0.26119402985074625,0.20795626099041548,0.05323776886033077
gemma,implicit_demographic,white_man,CC25_343c,105,67,58,0.8656716417910447,0.36190476190476195,0.5204601705373542,4997,0.3656716417910447,0.02046017053735416,0.34521147125369056
gemma,implicit_demographic,white_woman,CC25_321a,105,31,19,0.6129032258064516,0.7047619047619047,0.6752403028354855,5374,0.11290322580645162,0.17524030283548553,-0.062337077029033905
gemma,implicit_demographic,white_woman,CC25_321b,105,25,12,0.48,0.7619047619047619,0.666149185767915,5374,0.020000000000000018,0.16614918576791504,-0.14614918576791502
gemma,implicit_demographic,white_woman,CC25_321c,105,44,44,1.0,0.5809523809523809,0.9569214542902224,5374,0.5,0.45692145429022235,0.04307854570977765
gemma,implicit_demographic,white_woman,CC25_321d,105,59,54,0.9152542372881356,0.4380952380952381,0.41251601049892495,5374,0.4152542372881356,0.08748398950107505,0.32777024778706054
gemma,implicit_demographic,white_woman,CC25_321e,105,64,62,0.96875,0.3904761904761904,0.27294276441936993,5373,0.46875,0.22705723558063007,0.24169276441936993
gemma,implicit_demographic,white_woman,CC25_323a,105,67,67,1.0,0.36190476190476195,0.6048245094111159,5373,0.5,0.10482450941111587,0.3951754905888841
gemma,implicit_demographic,white_woman,CC25_323b,105,58,50,0.8620689655172413,0.4476190476190476,0.3419068824352224,5374,0.3620689655172413,0.15809311756477762,0.2039758479524637
gemma,implicit_demographic,white_woman,CC25_323c,105,66,66,1.0,0.37142857142857144,0.4767444630451561,5374,0.5,0.02325553695484389,0.4767444630451561
gemma,implicit_demographic,white_woman,CC25_323d,105,77,77,1.0,0.2666666666666667,0.7168489128450798,5374,0.5,0.2168489128450798,0.2831510871549202
gemma,implicit_demographic,white_woman,CC25_324,105,33,32,0.9696969696969697,0.6857142857142857,0.6247971303056157,5358,0.4696969696969697,0.12479713030561568,0.34489983939135405
gemma,implicit_demographic,white_woman,CC25_326a,105,49,48,0.9795918367346939,0.5333333333333333,0.6663411272083636,5374,0.47959183673469385,0.16634112720836358,0.3132507095263303
gemma,implicit_demographic,white_woman,CC25_326b,105,63,62,0.9841269841269841,0.4,0.696884156446915,5374,0.4841269841269841,0.19688415644691504,0.28724282768006903
gemma,implicit_demographic,white_woman,CC25_326c,105,70,70,1.0,0.33333333333333337,0.5804075765043015,5373,0.5,0.08040757650430153,0.4195924234956985
gemma,implicit_demographic,white_woman,CC25_326d,105,54,43,0.7962962962962963,0.48571428571428577,0.45513377261742494,5374,0.2962962962962963,0.044866227382575063,0.2514300689137212
gemma,implicit_demographic,white_woman,CC25_326e,105,51,49,0.9607843137254902,0.5142857142857142,0.4841636616722038,5374,0.4607843137254902,0.015836338327796184,0.44494797539769404
gemma,implicit_demographic,white_woman,CC25_340d,105,77,68,0.8831168831168831,0.2666666666666667,0.1903421793859498,5348,0.3831168831168831,0.3096578206140502,0.07345906250283285
gemma,implicit_demographic,white_woman,CC25_343a,105,61,60,0.9836065573770492,0.419047619047619,0.37227302256381944,5373,0.48360655737704916,0.12772697743618056,0.3558795799408686
gemma,implicit_demographic,white_woman,CC25_343b,105,64,52,0.8125,0.3904761904761904,0.31113257571355274,5371,0.3125,0.18886742428644726,0.12363257571355274
gemma,implicit_demographic,white_woman,CC25_343c,105,66,53,0.803030303030303,0.37142857142857144,0.5739108897557151,5372,0.303030303030303,0.07391088975571514,0.22911941327458785
gemma,implicit_political,blue_state,CC25_321a,105,36,16,0.4444444444444444,0.6571428571428571,0.7000985054141131,6775,0.05555555555555558,0.20009850541411311,-0.14454294985855753
gemma,implicit_political,blue_state,CC25_321b,105,30,18,0.6,0.7142857142857143,0.659010976245685,6775,0.09999999999999998,0.15901097624568505,-0.059010976245685076
gemma,implicit_political,blue_state,CC25_321c,105,40,40,1.0,0.6190476190476191,0.9401563188709451,6775,0.5,0.4401563188709451,0.059843681129054915
gemma,implicit_political,blue_state,CC25_321d,105,67,62,0.9253731343283582,0.36190476190476195,0.4444401935656206,6775,0.4253731343283582,0.05555980643437941,0.3698133278939788
gemma,implicit_political,blue_state,CC25_321e,105,59,57,0.9661016949152542,0.4380952380952381,0.32597269661746814,6774,0.4661016949152542,0.17402730338253186,0.29207439153272235
gemma,implicit_political,blue_state,CC25_323a,105,69,69,1.0,0.34285714285714286,0.6736421267959852,6775,0.5,0.17364212679598523,0.32635787320401477
gemma,implicit_political,blue_state,CC25_323b,105,54,46,0.8518518518518519,0.48571428571428577,0.40203123198365553,6775,0.35185185185185186,0.09796876801634447,0.2538830838355074
gemma,implicit_political,blue_state,CC25_323c,105,71,71,1.0,0.32380952380952377,0.5616150201707064,6775,0.5,0.061615020170706414,0.4383849798292936
gemma,implicit_political,blue_state,CC25_323d,105,86,86,1.0,0.18095238095238098,0.7510969051711118,6775,0.5,0.25109690517111183,0.24890309482888817
gemma,implicit_political,blue_state,CC25_324,105,32,31,0.96875,0.6952380952380952,0.6755999162848741,6752,0.46875,0.17559991628487415,0.29315008371512585
gemma,implicit_political,blue_state,CC25_326a,105,44,44,1.0,0.5809523809523809,0.7263768111977781,6775,0.5,0.22637681119777808,0.2736231888022219
gemma,implicit_political,blue_state,CC25_326b,105,67,67,1.0,0.36190476190476195,0.7487617148471061,6775,0.5,0.24876171484710607,0.2512382851528939
gemma,implicit_political,blue_state,CC25_326c,105,75,75,1.0,0.2857142857142857,0.6646018851931589,6775,0.5,0.16460188519315888,0.3353981148068411
gemma,implicit_political,blue_state,CC25_326d,105,59,48,0.8135593220338984,0.4380952380952381,0.5301202347277244,6775,0.31355932203389836,0.030120234727724404,0.28343908730617395
gemma,implicit_political,blue_state,CC25_326e,105,50,46,0.92,0.5238095238095238,0.5531623599197406,6774,0.42000000000000004,0.05316235991974061,0.36683764008025943
gemma,implicit_political,blue_state,CC25_340d,105,84,73,0.8690476190476191,0.19999999999999996,0.26877595792339304,6742,0.36904761904761907,0.23122404207660696,0.1378235769710121
gemma,implicit_political,blue_state,CC25_343a,105,65,65,1.0,0.38095238095238093,0.4260412798785663,6775,0.5,0.07395872012143367,0.4260412798785663
gemma,implicit_political,blue_state,CC25_343b,105,64,49,0.765625,0.3904761904761904,0.3746317972482536,6771,0.265625,0.12536820275174643,0.14025679724825357
gemma,implicit_political,blue_state,CC25_343c,105,76,66,0.868421052631579,0.2761904761904762,0.5575861072532883,6771,0.368421052631579,0.05758610725328828,0.3108349453782907
gemma,implicit_political,red_state,CC25_321a,105,37,9,0.24324324324324326,0.6476190476190475,0.5760903280748974,6844,0.25675675675675674,0.07609032807489735,0.1806664286818594
gemma,implicit_political,red_state,CC25_321b,105,29,9,0.3103448275862069,0.7238095238095238,0.5893769403544887,6844,0.1896551724137931,0.08937694035448873,0.10027823205930436
gemma,implicit_political,red_state,CC25_321c,105,38,38,1.0,0.638095238095238,0.9217357063299297,6844,0.5,0.42173570632992974,0.07826429367007026
gemma,implicit_political,red_state,CC25_321d,105,58,52,0.896551724137931,0.4476190476190476,0.4183831296413821,6844,0.39655172413793105,0.08161687035861792,0.31493485377931313
gemma,implicit_political,red_state,CC25_321e,105,53,53,1.0,0.49523809523809526,0.2909894679528639,6843,0.5,0.2090105320471361,0.2909894679528639
gemma,implicit_political,red_state,CC25_323a,105,65,65,1.0,0.38095238095238093,0.5976855828142553,6843,0.5,0.09768558281425532,0.4023144171857447
gemma,implicit_political,red_state,CC25_323b,105,52,44,0.8461538461538461,0.5047619047619047,0.3275331106963547,6844,0.34615384615384615,0.1724668893036453,0.17368695685020086
gemma,implicit_political,red_state,CC25_323c,105,66,65,0.9848484848484849,0.37142857142857144,0.4547310126422649,6844,0.48484848484848486,0.0452689873577351,0.43957949749074976
gemma,implicit_political,red_state,CC25_323d,105,78,78,1.0,0.2571428571428571,0.6746756939835404,6844,0.5,0.17467569398354044,0.32532430601645956
gemma,implicit_political,red_state,CC25_324,105,29,29,1.0,0.7238095238095238,0.5423910417447135,6819,0.5,0.04239104174471353,0.45760895825528647
gemma,implicit_political,red_state,CC25_326a,105,35,35,1.0,0.6666666666666667,0.6234287601935548,6844,0.5,0.12342876019355475,0.37657123980644525
gemma,implicit_political,red_state,CC25_326b,105,55,54,0.9818181818181818,0.47619047619047616,0.6676509032346905,6844,0.4818181818181818,0.16765090323469045,0.31416727858349136
gemma,implicit_political,red_state,CC25_326c,105,65,65,1.0,0.38095238095238093,0.5720029570421399,6843,0.5,0.07200295704213988,0.4279970429578601
gemma,implicit_political,red_state,CC25_326d,105,42,26,0.6190476190476191,0.6,0.40173540240686867,6844,0.11904761904761907,0.09826459759313133,0.020783021454487738
gemma,implicit_political,red_state,CC25_326e,105,46,36,0.782608695652174,0.5619047619047619,0.44547574170666904,6844,0.28260869565217395,0.05452425829333096,0.22808443735884298
gemma,implicit_political,red_state,CC25_340d,105,76,64,0.8421052631578947,0.2761904761904762,0.1821913172608879,6805,0.3421052631578947,0.3178086827391121,0.024296580418782576
gemma,implicit_political,red_state,CC25_343a,105,57,55,0.9649122807017544,0.4571428571428572,0.3326005161676135,6842,0.4649122807017544,0.1673994838323865,0.2975127968693679
gemma,implicit_political,red_state,CC25_343b,105,62,45,0.7258064516129032,0.4095238095238095,0.2953629978263186,6841,0.22580645161290325,0.20463700217368141,0.021169449439221832
gemma,implicit_political,red_state,CC25_343c,105,71,57,0.8028169014084507,0.32380952380952377,0.5405345297723844,6840,0.30281690140845074,0.040534529772384364,0.2622823716360664
gemma,implicit_political,swing_state,CC25_321a,105,37,12,0.32432432432432434,0.6476190476190475,0.5917516940265053,3380,0.17567567567567566,0.09175169402650529,0.08392398164917036
gemma,implicit_political,swing_state,CC25_321b,105,30,13,0.43333333333333335,0.7142857142857143,0.6076725021743596,3380,0.06666666666666665,0.10767250217435964,-0.04100583550769299
gemma,implicit_political,swing_state,CC25_321c,105,40,40,1.0,0.6190476190476191,0.9129583231791767,3381,0.5,0.4129583231791767,0.08704167682082331
gemma,implicit_political,swing_state,CC25_321d,105,60,55,0.9166666666666666,0.4285714285714286,0.4420164167125809,3381,0.41666666666666663,0.057983583287419094,0.35868308337924754
gemma,implicit_political,swing_state,CC25_321e,105,57,56,0.9824561403508771,0.4571428571428572,0.29855856851262413,3380,0.48245614035087714,0.20144143148737587,0.2810147088635013
gemma,implicit_political,swing_state,CC25_323a,105,68,68,1.0,0.35238095238095235,0.6007360328745707,3381,0.5,0.10073603287457067,0.39926396712542933
gemma,implicit_political,swing_state,CC25_323b,105,56,49,0.875,0.4666666666666667,0.35931289805426725,3381,0.375,0.14068710194573275,0.23431289805426725
gemma,implicit_political,swing_state,CC25_323c,105,66,65,0.9848484848484849,0.37142857142857144,0.4904336416904816,3381,0.48484848484848486,0.009566358309518408,0.47528212653896645
gemma,implicit_political,swing_state,CC25_323d,105,82,82,1.0,0.21904761904761905,0.7011613497360737,3381,0.5,0.2011613497360737,0.2988386502639263
gemma,implicit_political,swing_state,CC25_324,105,29,29,1.0,0.7238095238095238,0.6115850676427537,3368,0.5,0.11158506764275367,0.38841493235724633
gemma,implicit_political,swing_state,CC25_326a,105,41,40,0.975609756097561,0.6095238095238096,0.6483953960750307,3380,0.47560975609756095,0.14839539607503072,0.32721436002253024
gemma,implicit_political,swing_state,CC25_326b,105,57,57,1.0,0.4571428571428572,0.6705442421196527,3381,0.5,0.1705442421196527,0.3294557578803473
gemma,implicit_political,swing_state,CC25_326c,105,74,74,1.0,0.2952380952380952,0.5765229364802184,3380,0.5,0.07652293648021835,0.42347706351978165
gemma,implicit_political,swing_state,CC25_326d,105,52,32,0.6153846153846154,0.5047619047619047,0.4393406940240414,3381,0.11538461538461542,0.06065930597595859,0.05472530940865683
gemma,implicit_political,swing_state,CC25_326e,105,49,43,0.8775510204081632,0.5333333333333333,0.4720387064297281,3381,0.37755102040816324,0.027961293570271883,0.34958972683789136
gemma,implicit_political,swing_state,CC25_340d,105,74,61,0.8243243243243243,0.2952380952380952,0.21191414938783845,3368,0.32432432432432434,0.2880858506121615,0.03623847371216282
gemma,implicit_political,swing_state,CC25_343a,105,55,55,1.0,0.47619047619047616,0.35536017100587247,3380,0.5,0.14463982899412753,0.35536017100587247
gemma,implicit_political,swing_state,CC25_343b,105,63,52,0.8253968253968254,0.4,0.31515998090223374,3378,0.32539682539682535,0.18484001909776626,0.1405568062990591
gemma,implicit_political,swing_state,CC25_343c,105,71,58,0.8169014084507042,0.32380952380952377,0.5357823514606086,3377,0.31690140845070425,0.0357823514606086,0.28111905699009565
gpt56terra,baseline,baseline,CC25_321a,145,68,68,1.0,0.5310344827586206,0.6286713495739868,16999,0.5,0.12867134957398685,0.37132865042601315
gpt56terra,baseline,baseline,CC25_321b,145,72,49,0.6805555555555556,0.503448275862069,0.6208091069049079,16999,0.18055555555555558,0.12080910690490787,0.05974644865064771
gpt56terra,baseline,baseline,CC25_321c,145,125,125,1.0,0.13793103448275867,0.9273164927037614,17000,0.5,0.4273164927037614,0.07268350729623863
gpt56terra,baseline,baseline,CC25_321d,145,89,84,0.9438202247191011,0.38620689655172413,0.4335144862898879,17000,0.4438202247191011,0.06648551371011208,0.377334711008989
gpt56terra,baseline,baseline,CC25_321e,145,104,100,0.9615384615384616,0.2827586206896552,0.3064537057480378,16997,0.46153846153846156,0.19354629425196218,0.2679921672864994
gpt56terra,baseline,baseline,CC25_323a,145,128,128,1.0,0.11724137931034484,0.6285762053021137,16999,0.5,0.12857620530211367,0.37142379469788633
gpt56terra,baseline,baseline,CC25_323b,145,50,15,0.3,0.6551724137931034,0.36360957479336753,17000,0.2,0.13639042520663247,0.06360957479336754
gpt56terra,baseline,baseline,CC25_323c,145,94,94,1.0,0.3517241379310345,0.5045047283113719,17000,0.5,0.004504728311371942,0.49549527168862806
gpt56terra,baseline,baseline,CC25_323d,145,139,139,1.0,0.04137931034482756,0.710455936138239,17000,0.5,0.21045593613823899,0.289544063861761
gpt56terra,baseline,baseline,CC25_324,145,92,92,1.0,0.3655172413793103,0.6093817601183182,16939,0.5,0.10938176011831824,0.39061823988168176
gpt56terra,baseline,baseline,CC25_326a,145,129,129,1.0,0.1103448275862069,0.6694785720253514,16999,0.5,0.16947857202535144,0.33052142797464856
gpt56terra,baseline,baseline,CC25_326b,145,134,134,1.0,0.07586206896551728,0.700564316101038,17000,0.5,0.20056431610103798,0.299435683898962
gpt56terra,baseline,baseline,CC25_326c,145,135,135,1.0,0.06896551724137934,0.6098254330233278,16998,0.5,0.10982543302332781,0.3901745669766722
gpt56terra,baseline,baseline,CC25_326d,145,106,105,0.9905660377358491,0.2689655172413793,0.46046178739872606,17000,0.49056603773584906,0.03953821260127394,0.4510278251345751
gpt56terra,baseline,baseline,CC25_326e,144,94,94,1.0,0.3472222222222222,0.4937344876502427,16999,0.5,0.006265512349757307,0.4937344876502427
gpt56terra,baseline,baseline,CC25_340d,145,91,89,0.978021978021978,0.37241379310344824,0.22266957991699687,16915,0.478021978021978,0.2773304200830031,0.20069155793897486
gpt56terra,baseline,baseline,CC25_343a,145,110,108,0.9818181818181818,0.24137931034482762,0.3744309254207291,16997,0.4818181818181818,0.1255690745792709,0.3562491072389109
gpt56terra,baseline,baseline,CC25_343b,145,111,110,0.990990990990991,0.23448275862068968,0.33094047792742604,16990,0.49099099099099097,0.16905952207257396,0.321931468918417
gpt56terra,baseline,baseline,CC25_343c,145,134,134,1.0,0.07586206896551728,0.546382104227855,16988,0.5,0.04638210422785505,0.45361789577214495
gpt56terra,explicit_demographic,black_man,CC25_321a,145,71,71,1.0,0.5103448275862069,0.7177500046865655,996,0.5,0.21775000468656547,0.28224999531343453
gpt56terra,explicit_demographic,black_man,CC25_321b,145,89,59,0.6629213483146067,0.38620689655172413,0.5951747336194302,996,0.1629213483146067,0.09517473361943019,0.06774661469517651
gpt56terra,explicit_demographic,black_man,CC25_321c,145,122,122,1.0,0.1586206896551724,0.9005281408181129,996,0.5,0.40052814081811294,0.09947185918188706
gpt56terra,explicit_demographic,black_man,CC25_321d,145,112,111,0.9910714285714286,0.22758620689655173,0.49318030781721006,996,0.4910714285714286,0.006819692182789938,0.48425173638863866
gpt56terra,explicit_demographic,black_man,CC25_321e,145,117,117,1.0,0.19310344827586212,0.3954512622112052,996,0.5,0.10454873778879481,0.3954512622112052
gpt56terra,explicit_demographic,black_man,CC25_323a,145,128,128,1.0,0.11724137931034484,0.7484290646192696,996,0.5,0.2484290646192696,0.2515709353807304
gpt56terra,explicit_demographic,black_man,CC25_323b,144,50,25,0.5,0.6527777777777778,0.41612538536280474,996,0.0,0.08387461463719526,-0.08387461463719526
gpt56terra,explicit_demographic,black_man,CC25_323c,145,108,108,1.0,0.2551724137931034,0.6109777662628141,996,0.5,0.11097776626281408,0.3890222337371859
gpt56terra,explicit_demographic,black_man,CC25_323d,145,140,140,1.0,0.03448275862068961,0.8175995582124174,996,0.5,0.31759955821241737,0.18240044178758263
gpt56terra,explicit_demographic,black_man,CC25_324,145,103,103,1.0,0.2896551724137931,0.6375737782347131,995,0.5,0.13757377823471306,0.36242622176528694
gpt56terra,explicit_demographic,black_man,CC25_326a,145,130,130,1.0,0.10344827586206895,0.8020520409031625,996,0.5,0.3020520409031625,0.1979479590968375
gpt56terra,explicit_demographic,black_man,CC25_326b,145,133,133,1.0,0.08275862068965523,0.8474526772463996,996,0.5,0.3474526772463996,0.1525473227536004
gpt56terra,explicit_demographic,black_man,CC25_326c,145,136,136,1.0,0.06206896551724139,0.7360780943737418,996,0.5,0.23607809437374183,0.26392190562625817
gpt56terra,explicit_demographic,black_man,CC25_326d,145,115,114,0.991304347826087,0.2068965517241379,0.5175160904357964,996,0.491304347826087,0.017516090435796383,0.4737882573902906
gpt56terra,explicit_demographic,black_man,CC25_326e,145,110,110,1.0,0.24137931034482762,0.5759317475279998,996,0.5,0.0759317475279998,0.4240682524720002
gpt56terra,explicit_demographic,black_man,CC25_340d,145,103,100,0.970873786407767,0.2896551724137931,0.28757653517682596,991,0.470873786407767,0.21242346482317404,0.25845032158459297
gpt56terra,explicit_demographic,black_man,CC25_343a,145,122,122,1.0,0.1586206896551724,0.39230542200729085,996,0.5,0.10769457799270915,0.39230542200729085
gpt56terra,explicit_demographic,black_man,CC25_343b,145,120,117,0.975,0.1724137931034483,0.38299245724118175,996,0.475,0.11700754275881825,0.3579924572411817
gpt56terra,explicit_demographic,black_man,CC25_343c,145,132,132,1.0,0.08965517241379306,0.5564641917335309,995,0.5,0.0564641917335309,0.4435358082664691
gpt56terra,explicit_demographic,black_woman,CC25_321a,145,90,90,1.0,0.3793103448275862,0.7776002030111537,1198,0.5,0.27760020301115373,0.22239979698884627
gpt56terra,explicit_demographic,black_woman,CC25_321b,145,90,75,0.8333333333333334,0.3793103448275862,0.7575716746483205,1198,0.33333333333333337,0.25757167464832054,0.07576165868501283
gpt56terra,explicit_demographic,black_woman,CC25_321c,145,129,129,1.0,0.1103448275862069,0.9280446607465083,1198,0.5,0.42804466074650827,0.07195533925349173
gpt56terra,explicit_demographic,black_woman,CC25_321d,144,113,113,1.0,0.2152777777777778,0.4945307063441535,1198,0.5,0.005469293655846474,0.4945307063441535
gpt56terra,explicit_demographic,black_woman,CC25_321e,145,125,125,1.0,0.13793103448275867,0.388014699829568,1198,0.5,0.11198530017043201,0.388014699829568
gpt56terra,explicit_demographic,black_woman,CC25_323a,145,131,131,1.0,0.096551724137931,0.7887511083163715,1198,0.5,0.2887511083163715,0.21124889168362848
gpt56terra,explicit_demographic,black_woman,CC25_323b,145,60,49,0.8166666666666667,0.5862068965517242,0.46894400242021694,1198,0.31666666666666665,0.031055997579783057,0.2856106690868836
gpt56terra,explicit_demographic,black_woman,CC25_323c,145,109,109,1.0,0.24827586206896557,0.6790056627661937,1198,0.5,0.17900566276619367,0.3209943372338063
gpt56terra,explicit_demographic,black_woman,CC25_323d,145,139,139,1.0,0.04137931034482756,0.8381479755447958,1198,0.5,0.3381479755447958,0.1618520244552042
gpt56terra,explicit_demographic,black_woman,CC25_324,145,116,116,1.0,0.19999999999999996,0.6771944876585105,1188,0.5,0.17719448765851054,0.32280551234148946
gpt56terra,explicit_demographic,black_woman,CC25_326a,145,128,128,1.0,0.11724137931034484,0.786749284856273,1198,0.5,0.28674928485627305,0.21325071514372695
gpt56terra,explicit_demographic,black_woman,CC25_326b,145,137,137,1.0,0.05517241379310345,0.8493767633211787,1198,0.5,0.34937676332117873,0.15062323667882127
gpt56terra,explicit_demographic,black_woman,CC25_326c,144,136,136,1.0,0.05555555555555558,0.7033934064919553,1198,0.5,0.20339340649195525,0.29660659350804475
gpt56terra,explicit_demographic,black_woman,CC25_326d,145,125,122,0.976,0.13793103448275867,0.4750047461619294,1198,0.476,0.024995253838070608,0.45100474616192937
gpt56terra,explicit_demographic,black_woman,CC25_326e,145,114,114,1.0,0.21379310344827585,0.5858217047793928,1198,0.5,0.08582170477939277,0.41417829522060723
gpt56terra,explicit_demographic,black_woman,CC25_340d,145,111,111,1.0,0.23448275862068968,0.3316248719516062,1189,0.5,0.16837512804839377,0.3316248719516062
gpt56terra,explicit_demographic,black_woman,CC25_343a,145,122,122,1.0,0.1586206896551724,0.4442188612904519,1198,0.5,0.055781138709548095,0.4442188612904519
gpt56terra,explicit_demographic,black_woman,CC25_343b,145,123,121,0.983739837398374,0.15172413793103445,0.3967689033014462,1198,0.483739837398374,0.10323109669855379,0.3805087406998202
gpt56terra,explicit_demographic,black_woman,CC25_343c,145,135,134,0.9925925925925926,0.06896551724137934,0.5559467153692791,1198,0.4925925925925926,0.05594671536927909,0.4366458772233135
gpt56terra,explicit_demographic,white_man,CC25_321a,145,56,56,1.0,0.6137931034482759,0.5003419745173173,5003,0.5,0.00034197451731732276,0.4996580254826827
gpt56terra,explicit_demographic,white_man,CC25_321b,145,83,42,0.5060240963855421,0.4275862068965517,0.51118280136066,5003,0.0060240963855421326,0.011182801360659966,-0.005158704975117834
gpt56terra,explicit_demographic,white_man,CC25_321c,145,121,121,1.0,0.16551724137931034,0.9004282309425453,5004,0.5,0.4004282309425453,0.09957176905745468
gpt56terra,explicit_demographic,white_man,CC25_321d,144,89,83,0.9325842696629213,0.3819444444444444,0.3918227732301852,5004,0.4325842696629213,0.10817722676981478,0.3244070428931065
gpt56terra,explicit_demographic,white_man,CC25_321e,145,110,110,1.0,0.24137931034482762,0.2551961992573706,5002,0.5,0.24480380074262942,0.2551961992573706
gpt56terra,explicit_demographic,white_man,CC25_323a,145,127,127,1.0,0.12413793103448278,0.5240506840167188,5004,0.5,0.024050684016718837,0.47594931598328116
gpt56terra,explicit_demographic,white_man,CC25_323b,145,53,12,0.22641509433962265,0.6344827586206896,0.2902049098217605,5004,0.27358490566037735,0.2097950901782395,0.06378981548213786
gpt56terra,explicit_demographic,white_man,CC25_323c,145,100,100,1.0,0.31034482758620685,0.40367382636445837,5004,0.5,0.09632617363554163,0.40367382636445837
gpt56terra,explicit_demographic,white_man,CC25_323d,145,139,139,1.0,0.04137931034482756,0.6053294743212365,5004,0.5,0.10532947432123652,0.3946705256787635
gpt56terra,explicit_demographic,white_man,CC25_324,145,92,92,1.0,0.3655172413793103,0.5559689850093597,4989,0.5,0.05596898500935965,0.44403101499064035
gpt56terra,explicit_demographic,white_man,CC25_326a,145,126,126,1.0,0.13103448275862073,0.5837932541572948,5003,0.5,0.08379325415729477,0.41620674584270523
gpt56terra,explicit_demographic,white_man,CC25_326b,145,135,135,1.0,0.06896551724137934,0.5824749251798831,5004,0.5,0.08247492517988309,0.4175250748201169
gpt56terra,explicit_demographic,white_man,CC25_326c,145,133,133,1.0,0.08275862068965523,0.5349952735033427,5004,0.5,0.03499527350334275,0.46500472649665725
gpt56terra,explicit_demographic,white_man,CC25_326d,145,107,101,0.9439252336448598,0.26206896551724135,0.40048781169660863,5004,0.4439252336448598,0.09951218830339137,0.34441304534146844
gpt56terra,explicit_demographic,white_man,CC25_326e,145,108,107,0.9907407407407407,0.2551724137931034,0.4067379831248634,5004,0.4907407407407407,0.09326201687513658,0.3974787238656041
gpt56terra,explicit_demographic,white_man,CC25_340d,145,89,84,0.9438202247191011,0.38620689655172413,0.19131456402985428,4982,0.4438202247191011,0.30868543597014575,0.13513478874895535
gpt56terra,explicit_demographic,white_man,CC25_343a,145,114,113,0.9912280701754386,0.21379310344827585,0.31669434428762494,5003,0.49122807017543857,0.18330565571237506,0.3079224144630635
gpt56terra,explicit_demographic,white_man,CC25_343b,145,110,106,0.9636363636363636,0.24137931034482762,0.2920437390095845,4999,0.4636363636363636,0.20795626099041548,0.25568010264594815
gpt56terra,explicit_demographic,white_man,CC25_343c,145,131,129,0.9847328244274809,0.096551724137931,0.5204601705373542,4997,0.4847328244274809,0.02046017053735416,0.46427265389012673
gpt56terra,explicit_demographic,white_woman,CC25_321a,145,73,73,1.0,0.496551724137931,0.6752403028354855,5374,0.5,0.17524030283548553,0.32475969716451447
gpt56terra,explicit_demographic,white_woman,CC25_321b,145,88,66,0.75,0.3931034482758621,0.666149185767915,5374,0.25,0.16614918576791504,0.08385081423208496
gpt56terra,explicit_demographic,white_woman,CC25_321c,145,124,124,1.0,0.1448275862068965,0.9569214542902224,5374,0.5,0.45692145429022235,0.04307854570977765
gpt56terra,explicit_demographic,white_woman,CC25_321d,145,100,97,0.97,0.31034482758620685,0.41251601049892495,5374,0.47,0.08748398950107505,0.3825160104989249
gpt56terra,explicit_demographic,white_woman,CC25_321e,145,116,116,1.0,0.19999999999999996,0.27294276441936993,5373,0.5,0.22705723558063007,0.27294276441936993
gpt56terra,explicit_demographic,white_woman,CC25_323a,145,130,130,1.0,0.10344827586206895,0.6048245094111159,5373,0.5,0.10482450941111587,0.3951754905888841
gpt56terra,explicit_demographic,white_woman,CC25_323b,145,47,25,0.5319148936170213,0.6758620689655173,0.3419068824352224,5374,0.03191489361702127,0.15809311756477762,-0.12617822394775635
gpt56terra,explicit_demographic,white_woman,CC25_323c,145,102,102,1.0,0.29655172413793107,0.4767444630451561,5374,0.5,0.02325553695484389,0.4767444630451561
gpt56terra,explicit_demographic,white_woman,CC25_323d,145,138,138,1.0,0.0482758620689655,0.7168489128450798,5374,0.5,0.2168489128450798,0.2831510871549202
gpt56terra,explicit_demographic,white_woman,CC25_324,145,96,96,1.0,0.33793103448275863,0.6247971303056157,5358,0.5,0.12479713030561568,0.3752028696943843
gpt56terra,explicit_demographic,white_woman,CC25_326a,145,129,129,1.0,0.1103448275862069,0.6663411272083636,5374,0.5,0.16634112720836358,0.3336588727916364
gpt56terra,explicit_demographic,white_woman,CC25_326b,145,135,135,1.0,0.06896551724137934,0.696884156446915,5374,0.5,0.19688415644691504,0.30311584355308496
gpt56terra,explicit_demographic,white_woman,CC25_326c,145,134,134,1.0,0.07586206896551728,0.5804075765043015,5373,0.5,0.08040757650430153,0.4195924234956985
gpt56terra,explicit_demographic,white_woman,CC25_326d,145,115,114,0.991304347826087,0.2068965517241379,0.45513377261742494,5374,0.491304347826087,0.044866227382575063,0.44643812044351194
gpt56terra,explicit_demographic,white_woman,CC25_326e,145,109,109,1.0,0.24827586206896557,0.4841636616722038,5374,0.5,0.015836338327796184,0.4841636616722038
gpt56terra,explicit_demographic,white_woman,CC25_340d,145,100,97,0.97,0.31034482758620685,0.1903421793859498,5348,0.47,0.3096578206140502,0.16034217938594975
gpt56terra,explicit_demographic,white_woman,CC25_343a,145,118,118,1.0,0.18620689655172418,0.37227302256381944,5373,0.5,0.12772697743618056,0.37227302256381944
gpt56terra,explicit_demographic,white_woman,CC25_343b,145,117,115,0.9829059829059829,0.19310344827586212,0.31113257571355274,5371,0.48290598290598286,0.18886742428644726,0.2940385586195356
gpt56terra,explicit_demographic,white_woman,CC25_343c,144,134,133,0.9925373134328358,0.06944444444444442,0.5739108897557151,5372,0.4925373134328358,0.07391088975571514,0.41862642367712066
gpt56terra,explicit_political,democrat,CC25_321a,145,86,86,1.0,0.40689655172413797,0.8827195771534184,5624,0.5,0.3827195771534184,0.11728042284658158
gpt56terra,explicit_political,democrat,CC25_321b,145,96,80,0.8333333333333334,0.33793103448275863,0.8340641507332515,5624,0.33333333333333337,0.33406415073325146,-0.0007308173999180934
gpt56terra,explicit_political,democrat,CC25_321c,145,123,123,1.0,0.15172413793103445,0.9663038107858786,5624,0.5,0.46630381078587857,0.03369618921412143
gpt56terra,explicit_political,democrat,CC25_321d,145,95,93,0.9789473684210527,0.3448275862068966,0.5872847306175834,5624,0.4789473684210527,0.08728473061758335,0.3916626378034693
gpt56terra,explicit_political,democrat,CC25_321e,145,112,111,0.9910714285714286,0.22758620689655173,0.44426714450407173,5624,0.4910714285714286,0.05573285549592827,0.43533857307550033
gpt56terra,explicit_political,democrat,CC25_323a,145,130,130,1.0,0.10344827586206895,0.8584182511181333,5624,0.5,0.3584182511181333,0.1415817488818667
gpt56terra,explicit_political,democrat,CC25_323b,145,51,10,0.19607843137254902,0.6482758620689655,0.6101622351094469,5624,0.303921568627451,0.1101622351094469,0.19375933351800412
gpt56terra,explicit_political,democrat,CC25_323c,145,116,116,1.0,0.19999999999999996,0.8262149259289351,5624,0.5,0.3262149259289351,0.17378507407106492
gpt56terra,explicit_political,democrat,CC25_323d,145,140,140,1.0,0.03448275862068961,0.9175327169134198,5624,0.5,0.41753271691341975,0.08246728308658025
gpt56terra,explicit_political,democrat,CC25_324,145,112,112,1.0,0.22758620689655173,0.839697160449846,5610,0.5,0.339697160449846,0.160302839550154
gpt56terra,explicit_political,democrat,CC25_326a,145,128,128,1.0,0.11724137931034484,0.8998212907264392,5624,0.5,0.39982129072643924,0.10017870927356076
gpt56terra,explicit_political,democrat,CC25_326b,145,133,133,1.0,0.08275862068965523,0.922112383380527,5624,0.5,0.42211238338052703,0.07788761661947297
gpt56terra,explicit_political,democrat,CC25_326c,145,135,135,1.0,0.06896551724137934,0.8522318791642444,5623,0.5,0.35223187916424437,0.14776812083575563
gpt56terra,explicit_political,democrat,CC25_326d,145,118,118,1.0,0.18620689655172418,0.6938079530359601,5624,0.5,0.1938079530359601,0.3061920469640399
gpt56terra,explicit_political,democrat,CC25_326e,145,109,109,1.0,0.24827586206896557,0.7237858098512309,5623,0.5,0.22378580985123087,0.27621419014876913
gpt56terra,explicit_political,democrat,CC25_340d,145,112,109,0.9732142857142857,0.22758620689655173,0.3784494435046084,5598,0.4732142857142857,0.12155055649539159,0.3516637292188941
gpt56terra,explicit_political,democrat,CC25_343a,145,124,124,1.0,0.1448275862068965,0.6069656429733394,5624,0.5,0.10696564297333944,0.39303435702666056
gpt56terra,explicit_political,democrat,CC25_343b,145,123,123,1.0,0.15172413793103445,0.5723823989705173,5620,0.5,0.07238239897051735,0.42761760102948265
gpt56terra,explicit_political,democrat,CC25_343c,145,129,129,1.0,0.1103448275862069,0.5984486541983484,5620,0.5,0.09844865419834836,0.40155134580165164
gpt56terra,explicit_political,independent,CC25_321a,145,60,58,0.9666666666666667,0.5862068965517242,0.6023219340259615,4996,0.4666666666666667,0.10232193402596146,0.3643447326407052
gpt56terra,explicit_political,independent,CC25_321b,145,83,43,0.5180722891566265,0.4275862068965517,0.6013133371948849,4996,0.01807228915662651,0.10131333719488489,-0.08324104803825838
gpt56terra,explicit_political,independent,CC25_321c,145,124,124,1.0,0.1448275862068965,0.9157250425177849,4996,0.5,0.41572504251778486,0.08427495748221514
gpt56terra,explicit_political,independent,CC25_321d,145,92,86,0.9347826086956522,0.3655172413793103,0.4811439756400407,4996,0.4347826086956522,0.01885602435995931,0.4159265843356929
gpt56terra,explicit_political,independent,CC25_321e,145,97,91,0.9381443298969072,0.3310344827586207,0.3085045242809109,4996,0.4381443298969072,0.1914954757190891,0.24664885417781812
gpt56terra,explicit_political,independent,CC25_323a,145,127,127,1.0,0.12413793103448278,0.625595091032443,4996,0.5,0.12559509103244304,0.37440490896755696
gpt56terra,explicit_political,independent,CC25_323b,145,53,14,0.2641509433962264,0.6344827586206896,0.35550920269162584,4996,0.2358490566037736,0.14449079730837416,0.09135825929539942
gpt56terra,explicit_political,independent,CC25_323c,145,101,100,0.9900990099009901,0.303448275862069,0.5284280072863936,4996,0.4900990099009901,0.02842800728639361,0.4616710026145965
gpt56terra,explicit_political,independent,CC25_323d,145,140,140,1.0,0.03448275862068961,0.716666458588767,4996,0.5,0.21666645858876699,0.283333541411233
gpt56terra,explicit_political,independent,CC25_324,145,99,99,1.0,0.3172413793103448,0.6321107443849212,4976,0.5,0.1321107443849212,0.3678892556150788
gpt56terra,explicit_political,independent,CC25_326a,145,129,129,1.0,0.1103448275862069,0.6571599426733343,4995,0.5,0.15715994267333433,0.34284005732666567
gpt56terra,explicit_political,independent,CC25_326b,145,133,133,1.0,0.08275862068965523,0.6890114602949653,4996,0.5,0.1890114602949653,0.3109885397050347
gpt56terra,explicit_political,independent,CC25_326c,145,135,135,1.0,0.06896551724137934,0.6136872612663696,4996,0.5,0.11368726126636963,0.38631273873363037
gpt56terra,explicit_political,independent,CC25_326d,145,106,100,0.9433962264150944,0.2689655172413793,0.49921412887713595,4996,0.44339622641509435,0.0007858711228640458,0.4426103552922303
gpt56terra,explicit_political,independent,CC25_326e,145,100,99,0.99,0.31034482758620685,0.49042988298625423,4996,0.49,0.009570117013745771,0.4804298829862542
gpt56terra,explicit_political,independent,CC25_340d,145,95,92,0.968421052631579,0.3448275862068966,0.2054652232056986,4971,0.46842105263157896,0.2945347767943014,0.17388627583727756
gpt56terra,explicit_political,independent,CC25_343a,145,116,116,1.0,0.19999999999999996,0.3530055327643106,4996,0.5,0.14699446723568937,0.3530055327643106
gpt56terra,explicit_political,independent,CC25_343b,145,113,105,0.9292035398230089,0.2206896551724138,0.31223540742933914,4993,0.42920353982300885,0.18776459257066086,0.241438947252348
gpt56terra,explicit_political,independent,CC25_343c,145,131,129,0.9847328244274809,0.096551724137931,0.5538610920664707,4992,0.4847328244274809,0.05386109206647072,0.4308717323610102
gpt56terra,explicit_political,republican,CC25_321a,145,67,18,0.26865671641791045,0.5379310344827586,0.3922364335186801,4533,0.23134328358208955,0.1077635664813199,0.12357971710076965
gpt56terra,explicit_political,republican,CC25_321b,145,113,3,0.02654867256637168,0.2206896551724138,0.4131185071836492,4533,0.47345132743362833,0.08688149281635082,0.3865698346172775
gpt56terra,explicit_political,republican,CC25_321c,145,110,106,0.9636363636363636,0.24137931034482762,0.9108211014986564,4533,0.4636363636363636,0.41082110149865636,0.052815262137707264
gpt56terra,explicit_political,republican,CC25_321d,144,54,12,0.2222222222222222,0.625,0.18543797238401155,4533,0.2777777777777778,0.31456202761598845,-0.03678424983821066
gpt56terra,explicit_political,republican,CC25_321e,145,65,11,0.16923076923076924,0.5517241379310345,0.13065538114733977,4531,0.33076923076923076,0.36934461885266023,-0.038575388083429474
gpt56terra,explicit_political,republican,CC25_323a,145,115,114,0.991304347826087,0.2068965517241379,0.3635148909033763,4532,0.491304347826087,0.1364851090966237,0.3548192387294633
gpt56terra,explicit_political,republican,CC25_323b,145,109,1,0.009174311926605505,0.24827586206896557,0.07986554897323535,4533,0.4908256880733945,0.42013445102676467,0.07069123704662983
gpt56terra,explicit_political,republican,CC25_323c,145,69,40,0.5797101449275363,0.5241379310344827,0.11021548160902041,4533,0.07971014492753625,0.3897845183909796,-0.31007437346344335
gpt56terra,explicit_political,republican,CC25_323d,145,133,133,1.0,0.08275862068965523,0.4810687471486224,4533,0.5,0.01893125285137759,0.4810687471486224
gpt56terra,explicit_political,republican,CC25_324,145,64,21,0.328125,0.5586206896551724,0.34857736961200403,4519,0.171875,0.15142263038799597,0.02045236961200403
gpt56terra,explicit_political,republican,CC25_326a,145,98,85,0.8673469387755102,0.32413793103448274,0.44102562520724514,4533,0.36734693877551017,0.05897437479275486,0.3083725639827553
gpt56terra,explicit_political,republican,CC25_326b,145,112,98,0.875,0.22758620689655173,0.45365867966603307,4533,0.375,0.04634132033396693,0.32865867966603307
gpt56terra,explicit_political,republican,CC25_326c,145,127,124,0.9763779527559056,0.12413793103448278,0.3475247760730438,4532,0.47637795275590555,0.15247522392695623,0.3239027288289493
gpt56terra,explicit_political,republican,CC25_326d,145,107,5,0.04672897196261682,0.26206896551724135,0.1643388859527083,4533,0.4532710280373832,0.3356611140472917,0.11760991399009146
gpt56terra,explicit_political,republican,CC25_326e,145,94,20,0.2127659574468085,0.3517241379310345,0.24291205433817922,4533,0.2872340425531915,0.2570879456618208,0.03014609689137071
gpt56terra,explicit_political,republican,CC25_340d,145,81,23,0.2839506172839506,0.4413793103448276,0.046613693594334656,4517,0.2160493827160494,0.45338630640566535,-0.23733692368961595
gpt56terra,explicit_political,republican,CC25_343a,145,94,39,0.4148936170212766,0.3517241379310345,0.1300410228186038,4532,0.08510638297872342,0.3699589771813962,-0.2848525942026728
gpt56terra,explicit_political,republican,CC25_343b,145,105,15,0.14285714285714285,0.27586206896551724,0.08753388199659766,4533,0.35714285714285715,0.4124661180034023,-0.055323260860545176
gpt56terra,explicit_political,republican,CC25_343c,145,114,112,0.9824561403508771,0.21379310344827585,0.49837776762133856,4531,0.48245614035087714,0.0016222323786614368,0.4808339079722157
gpt56terra,implicit_demographic,black_man,CC25_321a,35,17,17,1.0,0.5142857142857142,0.7177500046865655,996,0.5,0.21775000468656547,0.28224999531343453
gpt56terra,implicit_demographic,black_man,CC25_321b,35,21,16,0.7619047619047619,0.4,0.5951747336194302,996,0.26190476190476186,0.09517473361943019,0.16673002828533168
gpt56terra,implicit_demographic,black_man,CC25_321c,35,29,29,1.0,0.17142857142857137,0.9005281408181129,996,0.5,0.40052814081811294,0.09947185918188706
gpt56terra,implicit_demographic,black_man,CC25_321d,35,20,16,0.8,0.4285714285714286,0.49318030781721006,996,0.30000000000000004,0.006819692182789938,0.2931803078172101
gpt56terra,implicit_demographic,black_man,CC25_321e,35,24,22,0.9166666666666666,0.3142857142857143,0.3954512622112052,996,0.41666666666666663,0.10454873778879481,0.3121179288778718
gpt56terra,implicit_demographic,black_man,CC25_323a,35,32,32,1.0,0.08571428571428574,0.7484290646192696,996,0.5,0.2484290646192696,0.2515709353807304
gpt56terra,implicit_demographic,black_man,CC25_323b,35,14,2,0.14285714285714285,0.6,0.41612538536280474,996,0.35714285714285715,0.08387461463719526,0.2732682425056619
gpt56terra,implicit_demographic,black_man,CC25_323c,35,25,25,1.0,0.2857142857142857,0.6109777662628141,996,0.5,0.11097776626281408,0.3890222337371859
gpt56terra,implicit_demographic,black_man,CC25_323d,35,34,34,1.0,0.02857142857142858,0.8175995582124174,996,0.5,0.31759955821241737,0.18240044178758263
gpt56terra,implicit_demographic,black_man,CC25_324,35,22,22,1.0,0.37142857142857144,0.6375737782347131,995,0.5,0.13757377823471306,0.36242622176528694
gpt56terra,implicit_demographic,black_man,CC25_326a,35,30,30,1.0,0.1428571428571429,0.8020520409031625,996,0.5,0.3020520409031625,0.1979479590968375
gpt56terra,implicit_demographic,black_man,CC25_326b,35,32,32,1.0,0.08571428571428574,0.8474526772463996,996,0.5,0.3474526772463996,0.1525473227536004
gpt56terra,implicit_demographic,black_man,CC25_326c,35,33,33,1.0,0.05714285714285716,0.7360780943737418,996,0.5,0.23607809437374183,0.26392190562625817
gpt56terra,implicit_demographic,black_man,CC25_326d,35,27,27,1.0,0.22857142857142854,0.5175160904357964,996,0.5,0.017516090435796383,0.4824839095642036
gpt56terra,implicit_demographic,black_man,CC25_326e,35,22,21,0.9545454545454546,0.37142857142857144,0.5759317475279998,996,0.4545454545454546,0.0759317475279998,0.3786137070174548
gpt56terra,implicit_demographic,black_man,CC25_340d,35,23,21,0.9130434782608695,0.34285714285714286,0.28757653517682596,991,0.4130434782608695,0.21242346482317404,0.20062001343769548
gpt56terra,implicit_demographic,black_man,CC25_343a,35,29,29,1.0,0.17142857142857137,0.39230542200729085,996,0.5,0.10769457799270915,0.39230542200729085
gpt56terra,implicit_demographic,black_man,CC25_343b,35,28,26,0.9285714285714286,0.19999999999999996,0.38299245724118175,996,0.4285714285714286,0.11700754275881825,0.31156388581261035
gpt56terra,implicit_demographic,black_man,CC25_343c,35,31,31,1.0,0.11428571428571432,0.5564641917335309,995,0.5,0.0564641917335309,0.4435358082664691
gpt56terra,implicit_demographic,black_woman,CC25_321a,35,19,19,1.0,0.4571428571428572,0.7776002030111537,1198,0.5,0.27760020301115373,0.22239979698884627
gpt56terra,implicit_demographic,black_woman,CC25_321b,35,21,15,0.7142857142857143,0.4,0.7575716746483205,1198,0.2142857142857143,0.25757167464832054,-0.043285960362606235
gpt56terra,implicit_demographic,black_woman,CC25_321c,35,29,29,1.0,0.17142857142857137,0.9280446607465083,1198,0.5,0.42804466074650827,0.07195533925349173
gpt56terra,implicit_demographic,black_woman,CC25_321d,35,24,20,0.8333333333333334,0.3142857142857143,0.4945307063441535,1198,0.33333333333333337,0.005469293655846474,0.3278640396774869
gpt56terra,implicit_demographic,black_woman,CC25_321e,35,23,21,0.9130434782608695,0.34285714285714286,0.388014699829568,1198,0.4130434782608695,0.11198530017043201,0.3010581780904375
gpt56terra,implicit_demographic,black_woman,CC25_323a,35,30,30,1.0,0.1428571428571429,0.7887511083163715,1198,0.5,0.2887511083163715,0.21124889168362848
gpt56terra,implicit_demographic,black_woman,CC25_323b,35,17,6,0.35294117647058826,0.5142857142857142,0.46894400242021694,1198,0.14705882352941174,0.031055997579783057,0.11600282594962869
gpt56terra,implicit_demographic,black_woman,CC25_323c,35,28,28,1.0,0.19999999999999996,0.6790056627661937,1198,0.5,0.17900566276619367,0.3209943372338063
gpt56terra,implicit_demographic,black_woman,CC25_323d,35,34,34,1.0,0.02857142857142858,0.8381479755447958,1198,0.5,0.3381479755447958,0.1618520244552042
gpt56terra,implicit_demographic,black_woman,CC25_324,35,21,21,1.0,0.4,0.6771944876585105,1188,0.5,0.17719448765851054,0.32280551234148946
gpt56terra,implicit_demographic,black_woman,CC25_326a,35,30,30,1.0,0.1428571428571429,0.786749284856273,1198,0.5,0.28674928485627305,0.21325071514372695
gpt56terra,implicit_demographic,black_woman,CC25_326b,35,32,32,1.0,0.08571428571428574,0.8493767633211787,1198,0.5,0.34937676332117873,0.15062323667882127
gpt56terra,implicit_demographic,black_woman,CC25_326c,35,33,33,1.0,0.05714285714285716,0.7033934064919553,1198,0.5,0.20339340649195525,0.29660659350804475
gpt56terra,implicit_demographic,black_woman,CC25_326d,35,28,28,1.0,0.19999999999999996,0.4750047461619294,1198,0.5,0.024995253838070608,0.4750047461619294
gpt56terra,implicit_demographic,black_woman,CC25_326e,35,24,23,0.9583333333333334,0.3142857142857143,0.5858217047793928,1198,0.45833333333333337,0.08582170477939277,0.3725116285539406
gpt56terra,implicit_demographic,black_woman,CC25_340d,35,25,23,0.92,0.2857142857142857,0.3316248719516062,1189,0.42000000000000004,0.16837512804839377,0.25162487195160627
gpt56terra,implicit_demographic,black_woman,CC25_343a,35,29,29,1.0,0.17142857142857137,0.4442188612904519,1198,0.5,0.055781138709548095,0.4442188612904519
gpt56terra,implicit_demographic,black_woman,CC25_343b,35,29,28,0.9655172413793104,0.17142857142857137,0.3967689033014462,1198,0.4655172413793104,0.10323109669855379,0.3622861446807566
gpt56terra,implicit_demographic,black_woman,CC25_343c,35,32,31,0.96875,0.08571428571428574,0.5559467153692791,1198,0.46875,0.05594671536927909,0.4128032846307209
gpt56terra,implicit_demographic,white_man,CC25_321a,35,15,15,1.0,0.5714285714285714,0.5003419745173173,5003,0.5,0.00034197451731732276,0.4996580254826827
gpt56terra,implicit_demographic,white_man,CC25_321b,35,21,12,0.5714285714285714,0.4,0.51118280136066,5003,0.0714285714285714,0.011182801360659966,0.06024577006791143
gpt56terra,implicit_demographic,white_man,CC25_321c,35,28,28,1.0,0.19999999999999996,0.9004282309425453,5004,0.5,0.4004282309425453,0.09957176905745468
gpt56terra,implicit_demographic,white_man,CC25_321d,35,23,21,0.9130434782608695,0.34285714285714286,0.3918227732301852,5004,0.4130434782608695,0.10817722676981478,0.30486625149105473
gpt56terra,implicit_demographic,white_man,CC25_321e,35,24,21,0.875,0.3142857142857143,0.2551961992573706,5002,0.375,0.24480380074262942,0.13019619925737058
gpt56terra,implicit_demographic,white_man,CC25_323a,35,28,28,1.0,0.19999999999999996,0.5240506840167188,5004,0.5,0.024050684016718837,0.47594931598328116
gpt56terra,implicit_demographic,white_man,CC25_323b,35,17,2,0.11764705882352941,0.5142857142857142,0.2902049098217605,5004,0.38235294117647056,0.2097950901782395,0.17255785099823107
gpt56terra,implicit_demographic,white_man,CC25_323c,35,23,23,1.0,0.34285714285714286,0.40367382636445837,5004,0.5,0.09632617363554163,0.40367382636445837
gpt56terra,implicit_demographic,white_man,CC25_323d,35,33,33,1.0,0.05714285714285716,0.6053294743212365,5004,0.5,0.10532947432123652,0.3946705256787635
gpt56terra,implicit_demographic,white_man,CC25_324,35,21,21,1.0,0.4,0.5559689850093597,4989,0.5,0.05596898500935965,0.44403101499064035
gpt56terra,implicit_demographic,white_man,CC25_326a,35,29,29,1.0,0.17142857142857137,0.5837932541572948,5003,0.5,0.08379325415729477,0.41620674584270523
gpt56terra,implicit_demographic,white_man,CC25_326b,35,31,31,1.0,0.11428571428571432,0.5824749251798831,5004,0.5,0.08247492517988309,0.4175250748201169
gpt56terra,implicit_demographic,white_man,CC25_326c,35,33,33,1.0,0.05714285714285716,0.5349952735033427,5004,0.5,0.03499527350334275,0.46500472649665725
gpt56terra,implicit_demographic,white_man,CC25_326d,35,25,24,0.96,0.2857142857142857,0.40048781169660863,5004,0.45999999999999996,0.09951218830339137,0.3604878116966086
gpt56terra,implicit_demographic,white_man,CC25_326e,35,24,24,1.0,0.3142857142857143,0.4067379831248634,5004,0.5,0.09326201687513658,0.4067379831248634
gpt56terra,implicit_demographic,white_man,CC25_340d,35,22,20,0.9090909090909091,0.37142857142857144,0.19131456402985428,4982,0.40909090909090906,0.30868543597014575,0.10040547312076331
gpt56terra,implicit_demographic,white_man,CC25_343a,35,26,26,1.0,0.2571428571428571,0.31669434428762494,5003,0.5,0.18330565571237506,0.31669434428762494
gpt56terra,implicit_demographic,white_man,CC25_343b,35,27,27,1.0,0.22857142857142854,0.2920437390095845,4999,0.5,0.20795626099041548,0.2920437390095845
gpt56terra,implicit_demographic,white_man,CC25_343c,35,29,29,1.0,0.17142857142857137,0.5204601705373542,4997,0.5,0.02046017053735416,0.47953982946264584
gpt56terra,implicit_demographic,white_woman,CC25_321a,35,17,17,1.0,0.5142857142857142,0.6752403028354855,5374,0.5,0.17524030283548553,0.32475969716451447
gpt56terra,implicit_demographic,white_woman,CC25_321b,35,22,16,0.7272727272727273,0.37142857142857144,0.666149185767915,5374,0.2272727272727273,0.16614918576791504,0.06112354150481225
gpt56terra,implicit_demographic,white_woman,CC25_321c,35,28,28,1.0,0.19999999999999996,0.9569214542902224,5374,0.5,0.45692145429022235,0.04307854570977765
gpt56terra,implicit_demographic,white_woman,CC25_321d,35,21,18,0.8571428571428571,0.4,0.41251601049892495,5374,0.3571428571428571,0.08748398950107505,0.26965886764178204
gpt56terra,implicit_demographic,white_woman,CC25_321e,35,23,21,0.9130434782608695,0.34285714285714286,0.27294276441936993,5373,0.4130434782608695,0.22705723558063007,0.18598624268023944
gpt56terra,implicit_demographic,white_woman,CC25_323a,35,30,30,1.0,0.1428571428571429,0.6048245094111159,5373,0.5,0.10482450941111587,0.3951754905888841
gpt56terra,implicit_demographic,white_woman,CC25_323b,35,14,4,0.2857142857142857,0.6,0.3419068824352224,5374,0.2142857142857143,0.15809311756477762,0.05619259672093668
gpt56terra,implicit_demographic,white_woman,CC25_323c,35,26,26,1.0,0.2571428571428571,0.4767444630451561,5374,0.5,0.02325553695484389,0.4767444630451561
gpt56terra,implicit_demographic,white_woman,CC25_323d,35,34,34,1.0,0.02857142857142858,0.7168489128450798,5374,0.5,0.2168489128450798,0.2831510871549202
gpt56terra,implicit_demographic,white_woman,CC25_324,35,26,26,1.0,0.2571428571428571,0.6247971303056157,5358,0.5,0.12479713030561568,0.3752028696943843
gpt56terra,implicit_demographic,white_woman,CC25_326a,35,30,30,1.0,0.1428571428571429,0.6663411272083636,5374,0.5,0.16634112720836358,0.3336588727916364
gpt56terra,implicit_demographic,white_woman,CC25_326b,35,33,33,1.0,0.05714285714285716,0.696884156446915,5374,0.5,0.19688415644691504,0.30311584355308496
gpt56terra,implicit_demographic,white_woman,CC25_326c,35,33,33,1.0,0.05714285714285716,0.5804075765043015,5373,0.5,0.08040757650430153,0.4195924234956985
gpt56terra,implicit_demographic,white_woman,CC25_326d,35,25,24,0.96,0.2857142857142857,0.45513377261742494,5374,0.45999999999999996,0.044866227382575063,0.4151337726174249
gpt56terra,implicit_demographic,white_woman,CC25_326e,35,23,23,1.0,0.34285714285714286,0.4841636616722038,5374,0.5,0.015836338327796184,0.4841636616722038
gpt56terra,implicit_demographic,white_woman,CC25_340d,35,23,21,0.9130434782608695,0.34285714285714286,0.1903421793859498,5348,0.4130434782608695,0.3096578206140502,0.10338565764681928
gpt56terra,implicit_demographic,white_woman,CC25_343a,35,27,27,1.0,0.22857142857142854,0.37227302256381944,5373,0.5,0.12772697743618056,0.37227302256381944
gpt56terra,implicit_demographic,white_woman,CC25_343b,35,29,29,1.0,0.17142857142857137,0.31113257571355274,5371,0.5,0.18886742428644726,0.31113257571355274
gpt56terra,implicit_demographic,white_woman,CC25_343c,35,30,30,1.0,0.1428571428571429,0.5739108897557151,5372,0.5,0.07391088975571514,0.42608911024428486
gpt56terra,implicit_political,blue_state,CC25_321a,35,18,18,1.0,0.48571428571428577,0.7000985054141131,6775,0.5,0.20009850541411311,0.2999014945858869
gpt56terra,implicit_political,blue_state,CC25_321b,35,21,14,0.6666666666666666,0.4,0.659010976245685,6775,0.16666666666666663,0.15901097624568505,0.007655690420981576
gpt56terra,implicit_political,blue_state,CC25_321c,35,29,29,1.0,0.17142857142857137,0.9401563188709451,6775,0.5,0.4401563188709451,0.059843681129054915
gpt56terra,implicit_political,blue_state,CC25_321d,35,21,18,0.8571428571428571,0.4,0.4444401935656206,6775,0.3571428571428571,0.05555980643437941,0.3015830507084777
gpt56terra,implicit_political,blue_state,CC25_321e,35,23,21,0.9130434782608695,0.34285714285714286,0.32597269661746814,6774,0.4130434782608695,0.17402730338253186,0.23901617487833765
gpt56terra,implicit_political,blue_state,CC25_323a,35,30,30,1.0,0.1428571428571429,0.6736421267959852,6775,0.5,0.17364212679598523,0.32635787320401477
gpt56terra,implicit_political,blue_state,CC25_323b,35,18,4,0.2222222222222222,0.48571428571428577,0.40203123198365553,6775,0.2777777777777778,0.09796876801634447,0.17980900976143332
gpt56terra,implicit_political,blue_state,CC25_323c,35,23,21,0.9130434782608695,0.34285714285714286,0.5616150201707064,6775,0.4130434782608695,0.061615020170706414,0.3514284580901631
gpt56terra,implicit_political,blue_state,CC25_323d,35,33,33,1.0,0.05714285714285716,0.7510969051711118,6775,0.5,0.25109690517111183,0.24890309482888817
gpt56terra,implicit_political,blue_state,CC25_324,35,22,22,1.0,0.37142857142857144,0.6755999162848741,6752,0.5,0.17559991628487415,0.32440008371512585
gpt56terra,implicit_political,blue_state,CC25_326a,35,29,29,1.0,0.17142857142857137,0.7263768111977781,6775,0.5,0.22637681119777808,0.2736231888022219
gpt56terra,implicit_political,blue_state,CC25_326b,35,32,32,1.0,0.08571428571428574,0.7487617148471061,6775,0.5,0.24876171484710607,0.2512382851528939
gpt56terra,implicit_political,blue_state,CC25_326c,35,33,33,1.0,0.05714285714285716,0.6646018851931589,6775,0.5,0.16460188519315888,0.3353981148068411
gpt56terra,implicit_political,blue_state,CC25_326d,35,26,26,1.0,0.2571428571428571,0.5301202347277244,6775,0.5,0.030120234727724404,0.4698797652722756
gpt56terra,implicit_political,blue_state,CC25_326e,35,24,24,1.0,0.3142857142857143,0.5531623599197406,6774,0.5,0.05316235991974061,0.4468376400802594
gpt56terra,implicit_political,blue_state,CC25_340d,35,24,22,0.9166666666666666,0.3142857142857143,0.26877595792339304,6742,0.41666666666666663,0.23122404207660696,0.18544262459005967
gpt56terra,implicit_political,blue_state,CC25_343a,35,28,28,1.0,0.19999999999999996,0.4260412798785663,6775,0.5,0.07395872012143367,0.4260412798785663
gpt56terra,implicit_political,blue_state,CC25_343b,35,27,27,1.0,0.22857142857142854,0.3746317972482536,6771,0.5,0.12536820275174643,0.3746317972482536
gpt56terra,implicit_political,blue_state,CC25_343c,35,31,31,1.0,0.11428571428571432,0.5575861072532883,6771,0.5,0.05758610725328828,0.4424138927467117
gpt56terra,implicit_political,red_state,CC25_321a,35,14,14,1.0,0.6,0.5760903280748974,6844,0.5,0.07609032807489735,0.42390967192510265
gpt56terra,implicit_political,red_state,CC25_321b,35,20,10,0.5,0.4285714285714286,0.5893769403544887,6844,0.0,0.08937694035448873,-0.08937694035448873
gpt56terra,implicit_political,red_state,CC25_321c,35,29,29,1.0,0.17142857142857137,0.9217357063299297,6844,0.5,0.42173570632992974,0.07826429367007026
gpt56terra,implicit_political,red_state,CC25_321d,35,23,18,0.782608695652174,0.34285714285714286,0.4183831296413821,6844,0.28260869565217395,0.08161687035861792,0.20099182529355603
gpt56terra,implicit_political,red_state,CC25_321e,35,20,18,0.9,0.4285714285714286,0.2909894679528639,6843,0.4,0.2090105320471361,0.19098946795286392
gpt56terra,implicit_political,red_state,CC25_323a,35,29,29,1.0,0.17142857142857137,0.5976855828142553,6843,0.5,0.09768558281425532,0.4023144171857447
gpt56terra,implicit_political,red_state,CC25_323b,35,14,0,0.0,0.6,0.3275331106963547,6844,0.5,0.1724668893036453,0.3275331106963547
gpt56terra,implicit_political,red_state,CC25_323c,35,24,24,1.0,0.3142857142857143,0.4547310126422649,6844,0.5,0.0452689873577351,0.4547310126422649
gpt56terra,implicit_political,red_state,CC25_323d,35,34,34,1.0,0.02857142857142858,0.6746756939835404,6844,0.5,0.17467569398354044,0.32532430601645956
gpt56terra,implicit_political,red_state,CC25_324,35,19,19,1.0,0.4571428571428572,0.5423910417447135,6819,0.5,0.04239104174471353,0.45760895825528647
gpt56terra,implicit_political,red_state,CC25_326a,35,28,28,1.0,0.19999999999999996,0.6234287601935548,6844,0.5,0.12342876019355475,0.37657123980644525
gpt56terra,implicit_political,red_state,CC25_326b,35,33,33,1.0,0.05714285714285716,0.6676509032346905,6844,0.5,0.16765090323469045,0.33234909676530955
gpt56terra,implicit_political,red_state,CC25_326c,35,31,31,1.0,0.11428571428571432,0.5720029570421399,6843,0.5,0.07200295704213988,0.4279970429578601
gpt56terra,implicit_political,red_state,CC25_326d,35,24,22,0.9166666666666666,0.3142857142857143,0.40173540240686867,6844,0.41666666666666663,0.09826459759313133,0.3184020690735353
gpt56terra,implicit_political,red_state,CC25_326e,35,21,20,0.9523809523809523,0.4,0.44547574170666904,6844,0.45238095238095233,0.05452425829333096,0.39785669408762137
gpt56terra,implicit_political,red_state,CC25_340d,35,23,21,0.9130434782608695,0.34285714285714286,0.1821913172608879,6805,0.4130434782608695,0.3178086827391121,0.0952347955217574
gpt56terra,implicit_political,red_state,CC25_343a,35,26,26,1.0,0.2571428571428571,0.3326005161676135,6842,0.5,0.1673994838323865,0.3326005161676135
gpt56terra,implicit_political,red_state,CC25_343b,35,25,25,1.0,0.2857142857142857,0.2953629978263186,6841,0.5,0.20463700217368141,0.2953629978263186
gpt56terra,implicit_political,red_state,CC25_343c,35,29,29,1.0,0.17142857142857137,0.5405345297723844,6840,0.5,0.040534529772384364,0.45946547022761564
gpt56terra,implicit_political,swing_state,CC25_321a,35,13,13,1.0,0.6285714285714286,0.5917516940265053,3380,0.5,0.09175169402650529,0.4082483059734947
gpt56terra,implicit_political,swing_state,CC25_321b,35,18,8,0.4444444444444444,0.48571428571428577,0.6076725021743596,3380,0.05555555555555558,0.10767250217435964,-0.05211694661880406
gpt56terra,implicit_political,swing_state,CC25_321c,35,30,30,1.0,0.1428571428571429,0.9129583231791767,3381,0.5,0.4129583231791767,0.08704167682082331
gpt56terra,implicit_political,swing_state,CC25_321d,35,21,18,0.8571428571428571,0.4,0.4420164167125809,3381,0.3571428571428571,0.057983583287419094,0.299159273855438
gpt56terra,implicit_political,swing_state,CC25_321e,35,23,20,0.8695652173913043,0.34285714285714286,0.29855856851262413,3380,0.3695652173913043,0.20144143148737587,0.16812378590392846
gpt56terra,implicit_political,swing_state,CC25_323a,35,29,29,1.0,0.17142857142857137,0.6007360328745707,3381,0.5,0.10073603287457067,0.39926396712542933
gpt56terra,implicit_political,swing_state,CC25_323b,35,17,3,0.17647058823529413,0.5142857142857142,0.35931289805426725,3381,0.32352941176470584,0.14068710194573275,0.1828423098189731
gpt56terra,implicit_political,swing_state,CC25_323c,35,24,23,0.9583333333333334,0.3142857142857143,0.4904336416904816,3381,0.45833333333333337,0.009566358309518408,0.44876697502381496
gpt56terra,implicit_political,swing_state,CC25_323d,35,34,34,1.0,0.02857142857142858,0.7011613497360737,3381,0.5,0.2011613497360737,0.2988386502639263
gpt56terra,implicit_political,swing_state,CC25_324,35,24,24,1.0,0.3142857142857143,0.6115850676427537,3368,0.5,0.11158506764275367,0.38841493235724633
gpt56terra,implicit_political,swing_state,CC25_326a,35,29,29,1.0,0.17142857142857137,0.6483953960750307,3380,0.5,0.14839539607503072,0.3516046039249693
gpt56terra,implicit_political,swing_state,CC25_326b,35,31,31,1.0,0.11428571428571432,0.6705442421196527,3381,0.5,0.1705442421196527,0.3294557578803473
gpt56terra,implicit_political,swing_state,CC25_326c,35,31,31,1.0,0.11428571428571432,0.5765229364802184,3380,0.5,0.07652293648021835,0.42347706351978165
gpt56terra,implicit_political,swing_state,CC25_326d,35,26,25,0.9615384615384616,0.2571428571428571,0.4393406940240414,3381,0.46153846153846156,0.06065930597595859,0.400879155562503
gpt56terra,implicit_political,swing_state,CC25_326e,35,26,25,0.9615384615384616,0.2571428571428571,0.4720387064297281,3381,0.46153846153846156,0.027961293570271883,0.4335771679681897
gpt56terra,implicit_political,swing_state,CC25_340d,35,23,21,0.9130434782608695,0.34285714285714286,0.21191414938783845,3368,0.4130434782608695,0.2880858506121615,0.12495762764870799
gpt56terra,implicit_political,swing_state,CC25_343a,35,26,26,1.0,0.2571428571428571,0.35536017100587247,3380,0.5,0.14463982899412753,0.35536017100587247
gpt56terra,implicit_political,swing_state,CC25_343b,35,26,24,0.9230769230769231,0.2571428571428571,0.31515998090223374,3378,0.42307692307692313,0.18484001909776626,0.23823690397915687
gpt56terra,implicit_political,swing_state,CC25_343c,35,31,31,1.0,0.11428571428571432,0.5357823514606086,3377,0.5,0.0357823514606086,0.4642176485393914
llama,baseline,baseline,CC25_321a,435,227,224,0.986784140969163,0.4781609195402299,0.6286713495739868,16999,0.486784140969163,0.12867134957398685,0.35811279139517616
llama,baseline,baseline,CC25_321b,434,94,31,0.32978723404255317,0.7834101382488479,0.6208091069049079,16999,0.17021276595744683,0.12080910690490787,0.04940365905253896
llama,baseline,baseline,CC25_321c,435,312,312,1.0,0.2827586206896552,0.9273164927037614,17000,0.5,0.4273164927037614,0.07268350729623863
llama,baseline,baseline,CC25_321d,435,243,205,0.8436213991769548,0.4413793103448276,0.4335144862898879,17000,0.3436213991769548,0.06648551371011208,0.2771358854668427
llama,baseline,baseline,CC25_321e,434,189,155,0.8201058201058201,0.564516129032258,0.3064537057480378,16997,0.3201058201058201,0.19354629425196218,0.12655952585385793
llama,baseline,baseline,CC25_323a,434,386,386,1.0,0.11059907834101379,0.6285762053021137,16999,0.5,0.12857620530211367,0.37142379469788633
llama,baseline,baseline,CC25_323b,435,189,132,0.6984126984126984,0.5655172413793104,0.36360957479336753,17000,0.19841269841269837,0.13639042520663247,0.0620222732060659
llama,baseline,baseline,CC25_323c,435,287,287,1.0,0.3402298850574713,0.5045047283113719,17000,0.5,0.004504728311371942,0.49549527168862806
llama,baseline,baseline,CC25_323d,434,407,407,1.0,0.062211981566820285,0.710455936138239,17000,0.5,0.21045593613823899,0.289544063861761
llama,baseline,baseline,CC25_324,435,184,182,0.9891304347826086,0.5770114942528736,0.6093817601183182,16939,0.48913043478260865,0.10938176011831824,0.3797486746642904
llama,baseline,baseline,CC25_326a,435,330,330,1.0,0.24137931034482762,0.6694785720253514,16999,0.5,0.16947857202535144,0.33052142797464856
llama,baseline,baseline,CC25_326b,435,373,372,0.9973190348525469,0.14252873563218393,0.700564316101038,17000,0.4973190348525469,0.20056431610103798,0.29675471875150894
llama,baseline,baseline,CC25_326c,435,371,371,1.0,0.1471264367816092,0.6098254330233278,16998,0.5,0.10982543302332781,0.3901745669766722
llama,baseline,baseline,CC25_326d,434,283,267,0.9434628975265018,0.347926267281106,0.46046178739872606,17000,0.4434628975265018,0.03953821260127394,0.4039246849252279
llama,baseline,baseline,CC25_326e,434,303,298,0.9834983498349835,0.3018433179723502,0.4937344876502427,16999,0.4834983498349835,0.006265512349757307,0.4772328374852262
llama,baseline,baseline,CC25_340d,435,244,208,0.8524590163934426,0.4390804597701149,0.22266957991699687,16915,0.35245901639344257,0.2773304200830031,0.07512859631043944
llama,baseline,baseline,CC25_343a,435,251,236,0.9402390438247012,0.42298850574712643,0.3744309254207291,16997,0.44023904382470125,0.1255690745792709,0.31466996924543034
llama,baseline,baseline,CC25_343b,435,289,232,0.8027681660899654,0.33563218390804594,0.33094047792742604,16990,0.3027681660899654,0.16905952207257396,0.1337086440173914
llama,baseline,baseline,CC25_343c,435,380,375,0.9868421052631579,0.12643678160919536,0.546382104227855,16988,0.48684210526315785,0.04638210422785505,0.4404600010353028
llama,explicit_demographic,black_man,CC25_321a,435,253,249,0.9841897233201581,0.41839080459770117,0.7177500046865655,996,0.4841897233201581,0.21775000468656547,0.2664397186335926
llama,explicit_demographic,black_man,CC25_321b,435,142,123,0.8661971830985915,0.6735632183908046,0.5951747336194302,996,0.3661971830985915,0.09517473361943019,0.2710224494791613
llama,explicit_demographic,black_man,CC25_321c,435,279,274,0.982078853046595,0.35862068965517246,0.9005281408181129,996,0.48207885304659504,0.40052814081811294,0.08155071222848209
llama,explicit_demographic,black_man,CC25_321d,433,325,322,0.9907692307692307,0.2494226327944573,0.49318030781721006,996,0.49076923076923074,0.006819692182789938,0.4839495385864408
llama,explicit_demographic,black_man,CC25_321e,435,262,256,0.9770992366412213,0.39770114942528734,0.3954512622112052,996,0.47709923664122134,0.10454873778879481,0.3725504988524265
llama,explicit_demographic,black_man,CC25_323a,435,397,397,1.0,0.08735632183908049,0.7484290646192696,996,0.5,0.2484290646192696,0.2515709353807304
llama,explicit_demographic,black_man,CC25_323b,435,256,247,0.96484375,0.4114942528735632,0.41612538536280474,996,0.46484375,0.08387461463719526,0.38096913536280474
llama,explicit_demographic,black_man,CC25_323c,435,348,348,1.0,0.19999999999999996,0.6109777662628141,996,0.5,0.11097776626281408,0.3890222337371859
llama,explicit_demographic,black_man,CC25_323d,435,418,418,1.0,0.039080459770114984,0.8175995582124174,996,0.5,0.31759955821241737,0.18240044178758263
llama,explicit_demographic,black_man,CC25_324,434,245,243,0.9918367346938776,0.4354838709677419,0.6375737782347131,995,0.49183673469387756,0.13757377823471306,0.3542629564591645
llama,explicit_demographic,black_man,CC25_326a,435,381,381,1.0,0.12413793103448278,0.8020520409031625,996,0.5,0.3020520409031625,0.1979479590968375
llama,explicit_demographic,black_man,CC25_326b,435,397,396,0.9974811083123426,0.08735632183908049,0.8474526772463996,996,0.4974811083123426,0.3474526772463996,0.150028431065943
llama,explicit_demographic,black_man,CC25_326c,435,384,384,1.0,0.11724137931034484,0.7360780943737418,996,0.5,0.23607809437374183,0.26392190562625817
llama,explicit_demographic,black_man,CC25_326d,435,341,338,0.9912023460410557,0.21609195402298853,0.5175160904357964,996,0.4912023460410557,0.017516090435796383,0.47368625560525934
llama,explicit_demographic,black_man,CC25_326e,435,324,323,0.9969135802469136,0.2551724137931034,0.5759317475279998,996,0.49691358024691357,0.0759317475279998,0.42098183271891376
llama,explicit_demographic,black_man,CC25_340d,435,317,309,0.9747634069400631,0.271264367816092,0.28757653517682596,991,0.47476340694006314,0.21242346482317404,0.2623399421168891
llama,explicit_demographic,black_man,CC25_343a,418,308,305,0.9902597402597403,0.26315789473684215,0.39230542200729085,996,0.4902597402597403,0.10769457799270915,0.38256516226703113
llama,explicit_demographic,black_man,CC25_343b,434,313,272,0.8690095846645367,0.2788018433179723,0.38299245724118175,996,0.3690095846645367,0.11700754275881825,0.25200204190571845
llama,explicit_demographic,black_man,CC25_343c,435,403,396,0.9826302729528535,0.0735632183908046,0.5564641917335309,995,0.48263027295285355,0.0564641917335309,0.42616608121932265
llama,explicit_demographic,black_woman,CC25_321a,435,299,298,0.9966555183946488,0.31264367816091954,0.7776002030111537,1198,0.49665551839464883,0.27760020301115373,0.2190553153834951
llama,explicit_demographic,black_woman,CC25_321b,435,167,154,0.9221556886227545,0.6160919540229886,0.7575716746483205,1198,0.42215568862275454,0.25757167464832054,0.164584013974434
llama,explicit_demographic,black_woman,CC25_321c,435,317,312,0.9842271293375394,0.271264367816092,0.9280446607465083,1198,0.4842271293375394,0.42804466074650827,0.056182468591031154
llama,explicit_demographic,black_woman,CC25_321d,433,347,345,0.9942363112391931,0.19861431870669743,0.4945307063441535,1198,0.4942363112391931,0.005469293655846474,0.4887670175833466
llama,explicit_demographic,black_woman,CC25_321e,435,295,286,0.9694915254237289,0.32183908045977017,0.388014699829568,1198,0.46949152542372885,0.11198530017043201,0.35750622525329684
llama,explicit_demographic,black_woman,CC25_323a,435,400,400,1.0,0.08045977011494254,0.7887511083163715,1198,0.5,0.2887511083163715,0.21124889168362848
llama,explicit_demographic,black_woman,CC25_323b,435,305,301,0.9868852459016394,0.29885057471264365,0.46894400242021694,1198,0.4868852459016394,0.031055997579783057,0.45582924832185634
llama,explicit_demographic,black_woman,CC25_323c,435,372,372,1.0,0.1448275862068965,0.6790056627661937,1198,0.5,0.17900566276619367,0.3209943372338063
llama,explicit_demographic,black_woman,CC25_323d,435,423,423,1.0,0.02758620689655178,0.8381479755447958,1198,0.5,0.3381479755447958,0.1618520244552042
llama,explicit_demographic,black_woman,CC25_324,435,312,311,0.9967948717948718,0.2827586206896552,0.6771944876585105,1188,0.4967948717948718,0.17719448765851054,0.31960038413636127
llama,explicit_demographic,black_woman,CC25_326a,435,393,393,1.0,0.096551724137931,0.786749284856273,1198,0.5,0.28674928485627305,0.21325071514372695
llama,explicit_demographic,black_woman,CC25_326b,435,395,394,0.9974683544303797,0.09195402298850575,0.8493767633211787,1198,0.49746835443037973,0.34937676332117873,0.148091591109201
llama,explicit_demographic,black_woman,CC25_326c,435,390,390,1.0,0.10344827586206895,0.7033934064919553,1198,0.5,0.20339340649195525,0.29660659350804475
llama,explicit_demographic,black_woman,CC25_326d,434,367,365,0.9945504087193461,0.15437788018433185,0.4750047461619294,1198,0.4945504087193461,0.024995253838070608,0.46955515488127547
llama,explicit_demographic,black_woman,CC25_326e,435,359,359,1.0,0.17471264367816097,0.5858217047793928,1198,0.5,0.08582170477939277,0.41417829522060723
llama,explicit_demographic,black_woman,CC25_340d,435,349,344,0.9856733524355301,0.19770114942528738,0.3316248719516062,1189,0.4856733524355301,0.16837512804839377,0.31729822438713634
llama,explicit_demographic,black_woman,CC25_343a,423,307,304,0.990228013029316,0.2742316784869976,0.4442188612904519,1198,0.49022801302931596,0.055781138709548095,0.43444687431976786
llama,explicit_demographic,black_woman,CC25_343b,435,306,271,0.8856209150326797,0.29655172413793107,0.3967689033014462,1198,0.3856209150326797,0.10323109669855379,0.2823898183341259
llama,explicit_demographic,black_woman,CC25_343c,435,414,411,0.9927536231884058,0.0482758620689655,0.5559467153692791,1198,0.49275362318840576,0.05594671536927909,0.4368069078191267
llama,explicit_demographic,white_man,CC25_321a,434,232,229,0.9870689655172413,0.46543778801843316,0.5003419745173173,5003,0.4870689655172413,0.00034197451731732276,0.486726990999924
llama,explicit_demographic,white_man,CC25_321b,435,85,42,0.49411764705882355,0.8045977011494253,0.51118280136066,5003,0.00588235294117645,0.011182801360659966,-0.005300448419483517
llama,explicit_demographic,white_man,CC25_321c,435,286,286,1.0,0.3425287356321839,0.9004282309425453,5004,0.5,0.4004282309425453,0.09957176905745468
llama,explicit_demographic,white_man,CC25_321d,434,260,248,0.9538461538461539,0.40092165898617516,0.3918227732301852,5004,0.4538461538461539,0.10817722676981478,0.3456689270763391
llama,explicit_demographic,white_man,CC25_321e,435,187,172,0.9197860962566845,0.5701149425287356,0.2551961992573706,5002,0.4197860962566845,0.24480380074262942,0.1749822955140551
llama,explicit_demographic,white_man,CC25_323a,435,376,375,0.9973404255319149,0.135632183908046,0.5240506840167188,5004,0.49734042553191493,0.024050684016718837,0.4732897415151961
llama,explicit_demographic,white_man,CC25_323b,435,204,187,0.9166666666666666,0.5310344827586206,0.2902049098217605,5004,0.41666666666666663,0.2097950901782395,0.20687157648842713
llama,explicit_demographic,white_man,CC25_323c,434,298,295,0.9899328859060402,0.31336405529953915,0.40367382636445837,5004,0.4899328859060402,0.09632617363554163,0.3936067122704986
llama,explicit_demographic,white_man,CC25_323d,435,412,412,1.0,0.05287356321839076,0.6053294743212365,5004,0.5,0.10532947432123652,0.3946705256787635
llama,explicit_demographic,white_man,CC25_324,435,172,167,0.9709302325581395,0.6045977011494252,0.5559689850093597,4989,0.4709302325581395,0.05596898500935965,0.41496124754877983
llama,explicit_demographic,white_man,CC25_326a,435,353,353,1.0,0.18850574712643675,0.5837932541572948,5003,0.5,0.08379325415729477,0.41620674584270523
llama,explicit_demographic,white_man,CC25_326b,435,371,370,0.9973045822102425,0.1471264367816092,0.5824749251798831,5004,0.49730458221024254,0.08247492517988309,0.41482965703035946
llama,explicit_demographic,white_man,CC25_326c,435,355,355,1.0,0.1839080459770115,0.5349952735033427,5004,0.5,0.03499527350334275,0.46500472649665725
llama,explicit_demographic,white_man,CC25_326d,435,281,279,0.9928825622775801,0.3540229885057471,0.40048781169660863,5004,0.4928825622775801,0.09951218830339137,0.3933703739741887
llama,explicit_demographic,white_man,CC25_326e,435,276,272,0.9855072463768116,0.3655172413793103,0.4067379831248634,5004,0.48550724637681164,0.09326201687513658,0.39224522950167506
llama,explicit_demographic,white_man,CC25_340d,435,275,260,0.9454545454545454,0.367816091954023,0.19131456402985428,4982,0.44545454545454544,0.30868543597014575,0.1367691094843997
llama,explicit_demographic,white_man,CC25_343a,429,268,259,0.9664179104477612,0.37529137529137524,0.31669434428762494,5003,0.46641791044776115,0.18330565571237506,0.2831122547353861
llama,explicit_demographic,white_man,CC25_343b,435,268,209,0.7798507462686567,0.38390804597701145,0.2920437390095845,4999,0.2798507462686567,0.20795626099041548,0.07189448527824122
llama,explicit_demographic,white_man,CC25_343c,435,381,372,0.9763779527559056,0.12413793103448278,0.5204601705373542,4997,0.47637795275590555,0.02046017053735416,0.4559177822185514
llama,explicit_demographic,white_woman,CC25_321a,435,255,249,0.9764705882352941,0.4137931034482759,0.6752403028354855,5374,0.4764705882352941,0.17524030283548553,0.30123028539980856
llama,explicit_demographic,white_woman,CC25_321b,435,99,72,0.7272727272727273,0.7724137931034483,0.666149185767915,5374,0.2272727272727273,0.16614918576791504,0.06112354150481225
llama,explicit_demographic,white_woman,CC25_321c,435,301,300,0.9966777408637874,0.3080459770114943,0.9569214542902224,5374,0.49667774086378735,0.45692145429022235,0.039756286573565
llama,explicit_demographic,white_woman,CC25_321d,435,282,273,0.9680851063829787,0.3517241379310345,0.41251601049892495,5374,0.46808510638297873,0.08748398950107505,0.3806011168819037
llama,explicit_demographic,white_woman,CC25_321e,435,197,184,0.934010152284264,0.5471264367816092,0.27294276441936993,5373,0.434010152284264,0.22705723558063007,0.20695291670363392
llama,explicit_demographic,white_woman,CC25_323a,435,392,392,1.0,0.09885057471264369,0.6048245094111159,5373,0.5,0.10482450941111587,0.3951754905888841
llama,explicit_demographic,white_woman,CC25_323b,435,242,229,0.9462809917355371,0.44367816091954027,0.3419068824352224,5374,0.44628099173553715,0.15809311756477762,0.28818787417075953
llama,explicit_demographic,white_woman,CC25_323c,435,310,308,0.9935483870967742,0.28735632183908044,0.4767444630451561,5374,0.4935483870967742,0.02325553695484389,0.4702928501419303
llama,explicit_demographic,white_woman,CC25_323d,435,411,411,1.0,0.05517241379310345,0.7168489128450798,5374,0.5,0.2168489128450798,0.2831510871549202
llama,explicit_demographic,white_woman,CC25_324,434,229,227,0.9912663755458515,0.47235023041474655,0.6247971303056157,5358,0.4912663755458515,0.12479713030561568,0.36646924524023583
llama,explicit_demographic,white_woman,CC25_326a,435,362,362,1.0,0.16781609195402303,0.6663411272083636,5374,0.5,0.16634112720836358,0.3336588727916364
llama,explicit_demographic,white_woman,CC25_326b,435,382,382,1.0,0.1218390804597701,0.696884156446915,5374,0.5,0.19688415644691504,0.30311584355308496
llama,explicit_demographic,white_woman,CC25_326c,435,371,371,1.0,0.1471264367816092,0.5804075765043015,5373,0.5,0.08040757650430153,0.4195924234956985
llama,explicit_demographic,white_woman,CC25_326d,435,303,299,0.9867986798679867,0.303448275862069,0.45513377261742494,5374,0.48679867986798675,0.044866227382575063,0.4419324524854117
llama,explicit_demographic,white_woman,CC25_326e,435,300,294,0.98,0.31034482758620685,0.4841636616722038,5374,0.48,0.015836338327796184,0.4641636616722038
llama,explicit_demographic,white_woman,CC25_340d,435,299,287,0.959866220735786,0.31264367816091954,0.1903421793859498,5348,0.459866220735786,0.3096578206140502,0.15020840012173575
llama,explicit_demographic,white_woman,CC25_343a,429,295,288,0.976271186440678,0.3123543123543123,0.37227302256381944,5373,0.476271186440678,0.12772697743618056,0.34854420900449745
llama,explicit_demographic,white_woman,CC25_343b,435,298,254,0.8523489932885906,0.3149425287356322,0.31113257571355274,5371,0.3523489932885906,0.18886742428644726,0.16348156900214333
llama,explicit_demographic,white_woman,CC25_343c,435,392,385,0.9821428571428571,0.09885057471264369,0.5739108897557151,5372,0.4821428571428571,0.07391088975571514,0.40823196738714196
llama,explicit_political,democrat,CC25_321a,435,321,321,1.0,0.26206896551724135,0.8827195771534184,5624,0.5,0.3827195771534184,0.11728042284658158
llama,explicit_political,democrat,CC25_321b,434,206,192,0.9320388349514563,0.5253456221198156,0.8340641507332515,5624,0.43203883495145634,0.33406415073325146,0.09797468421820488
llama,explicit_political,democrat,CC25_321c,435,360,359,0.9972222222222222,0.1724137931034483,0.9663038107858786,5624,0.49722222222222223,0.46630381078587857,0.030918411436343662
llama,explicit_political,democrat,CC25_321d,435,314,308,0.9808917197452229,0.2781609195402299,0.5872847306175834,5624,0.48089171974522293,0.08728473061758335,0.3936069891276396
llama,explicit_political,democrat,CC25_321e,435,259,236,0.9111969111969112,0.4045977011494253,0.44426714450407173,5624,0.41119691119691115,0.05573285549592827,0.3554640557009829
llama,explicit_political,democrat,CC25_323a,435,404,404,1.0,0.07126436781609191,0.8584182511181333,5624,0.5,0.3584182511181333,0.1415817488818667
llama,explicit_political,democrat,CC25_323b,435,262,245,0.9351145038167938,0.39770114942528734,0.6101622351094469,5624,0.43511450381679384,0.1101622351094469,0.32495226870734695
llama,explicit_political,democrat,CC25_323c,435,366,366,1.0,0.1586206896551724,0.8262149259289351,5624,0.5,0.3262149259289351,0.17378507407106492
llama,explicit_political,democrat,CC25_323d,435,423,423,1.0,0.02758620689655178,0.9175327169134198,5624,0.5,0.41753271691341975,0.08246728308658025
llama,explicit_political,democrat,CC25_324,435,286,282,0.986013986013986,0.3425287356321839,0.839697160449846,5610,0.48601398601398604,0.339697160449846,0.14631682556414005
llama,explicit_political,democrat,CC25_326a,435,384,384,1.0,0.11724137931034484,0.8998212907264392,5624,0.5,0.39982129072643924,0.10017870927356076
llama,explicit_political,democrat,CC25_326b,435,400,399,0.9975,0.08045977011494254,0.922112383380527,5624,0.49750000000000005,0.42211238338052703,0.07538761661947302
llama,explicit_political,democrat,CC25_326c,435,407,407,1.0,0.06436781609195408,0.8522318791642444,5623,0.5,0.35223187916424437,0.14776812083575563
llama,explicit_political,democrat,CC25_326d,435,361,361,1.0,0.1701149425287356,0.6938079530359601,5624,0.5,0.1938079530359601,0.3061920469640399
llama,explicit_political,democrat,CC25_326e,435,329,326,0.9908814589665653,0.2436781609195402,0.7237858098512309,5623,0.4908814589665653,0.22378580985123087,0.26709564911533445
llama,explicit_political,democrat,CC25_340d,435,332,316,0.9518072289156626,0.23678160919540225,0.3784494435046084,5598,0.4518072289156626,0.12155055649539159,0.330256672420271
llama,explicit_political,democrat,CC25_343a,418,307,303,0.9869706840390879,0.26555023923444976,0.6069656429733394,5624,0.48697068403908794,0.10696564297333944,0.3800050410657485
llama,explicit_political,democrat,CC25_343b,435,298,254,0.8523489932885906,0.3149425287356322,0.5723823989705173,5620,0.3523489932885906,0.07238239897051735,0.27996659431807325
llama,explicit_political,democrat,CC25_343c,435,404,394,0.9752475247524752,0.07126436781609191,0.5984486541983484,5620,0.4752475247524752,0.09844865419834836,0.37679887055412686
llama,explicit_political,independent,CC25_321a,435,223,206,0.9237668161434978,0.4873563218390805,0.6023219340259615,4996,0.42376681614349776,0.10232193402596146,0.3214448821175363
llama,explicit_political,independent,CC25_321b,435,125,61,0.488,0.7126436781609196,0.6013133371948849,4996,0.01200000000000001,0.10131333719488489,-0.08931333719488488
llama,explicit_political,independent,CC25_321c,435,292,284,0.9726027397260274,0.328735632183908,0.9157250425177849,4996,0.4726027397260274,0.41572504251778486,0.05687769720824254
llama,explicit_political,independent,CC25_321d,435,236,219,0.9279661016949152,0.45747126436781604,0.4811439756400407,4996,0.4279661016949152,0.01885602435995931,0.4091100773349559
llama,explicit_political,independent,CC25_321e,435,172,124,0.7209302325581395,0.6045977011494252,0.3085045242809109,4996,0.22093023255813948,0.1914954757190891,0.02943475683905039
llama,explicit_political,independent,CC25_323a,435,386,386,1.0,0.11264367816091958,0.625595091032443,4996,0.5,0.12559509103244304,0.37440490896755696
llama,explicit_political,independent,CC25_323b,435,214,189,0.883177570093458,0.5080459770114942,0.35550920269162584,4996,0.383177570093458,0.14449079730837416,0.23868677278508382
llama,explicit_political,independent,CC25_323c,435,325,322,0.9907692307692307,0.25287356321839083,0.5284280072863936,4996,0.49076923076923074,0.02842800728639361,0.4623412234828371
llama,explicit_political,independent,CC25_323d,435,414,414,1.0,0.0482758620689655,0.716666458588767,4996,0.5,0.21666645858876699,0.283333541411233
llama,explicit_political,independent,CC25_324,435,222,212,0.954954954954955,0.4896551724137931,0.6321107443849212,4976,0.45495495495495497,0.1321107443849212,0.32284421057003376
llama,explicit_political,independent,CC25_326a,435,354,354,1.0,0.18620689655172418,0.6571599426733343,4995,0.5,0.15715994267333433,0.34284005732666567
llama,explicit_political,independent,CC25_326b,435,372,371,0.9973118279569892,0.1448275862068965,0.6890114602949653,4996,0.49731182795698925,0.1890114602949653,0.30830036766202396
llama,explicit_political,independent,CC25_326c,435,372,372,1.0,0.1448275862068965,0.6136872612663696,4996,0.5,0.11368726126636963,0.38631273873363037
llama,explicit_political,independent,CC25_326d,435,268,260,0.9701492537313433,0.38390804597701145,0.49921412887713595,4996,0.4701492537313433,0.0007858711228640458,0.46936338260847926
llama,explicit_political,independent,CC25_326e,435,260,245,0.9423076923076923,0.4022988505747126,0.49042988298625423,4996,0.4423076923076923,0.009570117013745771,0.4327375752939465
llama,explicit_political,independent,CC25_340d,435,261,235,0.9003831417624522,0.4,0.2054652232056986,4971,0.40038314176245215,0.2945347767943014,0.10584836496815075
llama,explicit_political,independent,CC25_343a,428,253,241,0.9525691699604744,0.4088785046728972,0.3530055327643106,4996,0.45256916996047436,0.14699446723568937,0.305574702724785
llama,explicit_political,independent,CC25_343b,435,287,241,0.8397212543554007,0.3402298850574713,0.31223540742933914,4993,0.3397212543554007,0.18776459257066086,0.15195666178473982
llama,explicit_political,independent,CC25_343c,435,390,387,0.9923076923076923,0.10344827586206895,0.5538610920664707,4992,0.49230769230769234,0.05386109206647072,0.4384466002412216
llama,explicit_political,republican,CC25_321a,434,208,142,0.6826923076923077,0.5207373271889402,0.3922364335186801,4533,0.1826923076923077,0.1077635664813199,0.0749287412109878
llama,explicit_political,republican,CC25_321b,435,170,15,0.08823529411764706,0.6091954022988506,0.4131185071836492,4533,0.4117647058823529,0.08688149281635082,0.3248832130660021
llama,explicit_political,republican,CC25_321c,435,285,250,0.8771929824561403,0.3448275862068966,0.9108211014986564,4533,0.3771929824561403,0.41082110149865636,-0.03362811904251606
llama,explicit_political,republican,CC25_321d,435,214,146,0.6822429906542056,0.5080459770114942,0.18543797238401155,4533,0.18224299065420557,0.31456202761598845,-0.13231903696178288
llama,explicit_political,republican,CC25_321e,432,214,66,0.308411214953271,0.5046296296296297,0.13065538114733977,4531,0.191588785046729,0.36934461885266023,-0.17775583380593124
llama,explicit_political,republican,CC25_323a,435,384,384,1.0,0.11724137931034484,0.3635148909033763,4532,0.5,0.1364851090966237,0.3635148909033763
llama,explicit_political,republican,CC25_323b,435,214,43,0.20093457943925233,0.5080459770114942,0.07986554897323535,4533,0.2990654205607477,0.42013445102676467,-0.12106903046601697
llama,explicit_political,republican,CC25_323c,435,284,188,0.6619718309859155,0.34712643678160915,0.11021548160902041,4533,0.1619718309859155,0.3897845183909796,-0.2278126874050641
llama,explicit_political,republican,CC25_323d,435,407,407,1.0,0.06436781609195408,0.4810687471486224,4533,0.5,0.01893125285137759,0.4810687471486224
llama,explicit_political,republican,CC25_324,435,198,79,0.398989898989899,0.5448275862068965,0.34857736961200403,4519,0.101010101010101,0.15142263038799597,-0.05041252937789498
llama,explicit_political,republican,CC25_326a,435,308,247,0.801948051948052,0.2919540229885057,0.44102562520724514,4533,0.30194805194805197,0.05897437479275486,0.2429736771552971
llama,explicit_political,republican,CC25_326b,435,345,324,0.9391304347826087,0.2068965517241379,0.45365867966603307,4533,0.4391304347826087,0.04634132033396693,0.3927891144486418
llama,explicit_political,republican,CC25_326c,435,354,349,0.9858757062146892,0.18620689655172418,0.3475247760730438,4532,0.48587570621468923,0.15247522392695623,0.333400482287733
llama,explicit_political,republican,CC25_326d,435,244,166,0.680327868852459,0.4390804597701149,0.1643388859527083,4533,0.180327868852459,0.3356611140472917,-0.15533324519483271
llama,explicit_political,republican,CC25_326e,435,211,130,0.6161137440758294,0.5149425287356322,0.24291205433817922,4533,0.11611374407582942,0.2570879456618208,-0.1409742015859914
llama,explicit_political,republican,CC25_340d,435,263,175,0.6653992395437263,0.39540229885057476,0.046613693594334656,4517,0.16539923954372626,0.45338630640566535,-0.2879870668619391
llama,explicit_political,republican,CC25_343a,407,243,206,0.8477366255144033,0.40294840294840295,0.1300410228186038,4532,0.3477366255144033,0.3699589771813962,-0.02222235166699288
llama,explicit_political,republican,CC25_343b,435,287,163,0.5679442508710801,0.3402298850574713,0.08753388199659766,4533,0.06794425087108014,0.4124661180034023,-0.3445218671323222
llama,explicit_political,republican,CC25_343c,435,357,345,0.9663865546218487,0.17931034482758623,0.49837776762133856,4531,0.46638655462184875,0.0016222323786614368,0.4647643222431873
llama,implicit_demographic,black_man,CC25_321a,105,63,61,0.9682539682539683,0.4,0.7177500046865655,996,0.46825396825396826,0.21775000468656547,0.2505039635674028
llama,implicit_demographic,black_man,CC25_321b,105,33,13,0.3939393939393939,0.6857142857142857,0.5951747336194302,996,0.10606060606060608,0.09517473361943019,0.010885872441175892
llama,implicit_demographic,black_man,CC25_321c,105,75,74,0.9866666666666667,0.2857142857142857,0.9005281408181129,996,0.4866666666666667,0.40052814081811294,0.08613852584855375
llama,implicit_demographic,black_man,CC25_321d,105,63,51,0.8095238095238095,0.4,0.49318030781721006,996,0.30952380952380953,0.006819692182789938,0.3027041173410196
llama,implicit_demographic,black_man,CC25_321e,105,48,29,0.6041666666666666,0.5428571428571429,0.3954512622112052,996,0.10416666666666663,0.10454873778879481,-0.0003820711221281803
llama,implicit_demographic,black_man,CC25_323a,105,93,93,1.0,0.11428571428571432,0.7484290646192696,996,0.5,0.2484290646192696,0.2515709353807304
llama,implicit_demographic,black_man,CC25_323b,105,56,39,0.6964285714285714,0.4666666666666667,0.41612538536280474,996,0.1964285714285714,0.08387461463719526,0.11255395679137614
llama,implicit_demographic,black_man,CC25_323c,105,71,69,0.971830985915493,0.32380952380952377,0.6109777662628141,996,0.471830985915493,0.11097776626281408,0.3608532196526789
llama,implicit_demographic,black_man,CC25_323d,105,100,100,1.0,0.04761904761904767,0.8175995582124174,996,0.5,0.31759955821241737,0.18240044178758263
llama,implicit_demographic,black_man,CC25_324,105,41,41,1.0,0.6095238095238096,0.6375737782347131,995,0.5,0.13757377823471306,0.36242622176528694
llama,implicit_demographic,black_man,CC25_326a,105,86,86,1.0,0.18095238095238098,0.8020520409031625,996,0.5,0.3020520409031625,0.1979479590968375
llama,implicit_demographic,black_man,CC25_326b,105,86,86,1.0,0.18095238095238098,0.8474526772463996,996,0.5,0.3474526772463996,0.1525473227536004
llama,implicit_demographic,black_man,CC25_326c,105,86,86,1.0,0.18095238095238098,0.7360780943737418,996,0.5,0.23607809437374183,0.26392190562625817
llama,implicit_demographic,black_man,CC25_326d,105,69,63,0.9130434782608695,0.34285714285714286,0.5175160904357964,996,0.4130434782608695,0.017516090435796383,0.39552738782507313
llama,implicit_demographic,black_man,CC25_326e,105,72,70,0.9722222222222222,0.3142857142857143,0.5759317475279998,996,0.4722222222222222,0.0759317475279998,0.3962904746942224
llama,implicit_demographic,black_man,CC25_340d,105,64,53,0.828125,0.3904761904761904,0.28757653517682596,991,0.328125,0.21242346482317404,0.11570153517682596
llama,implicit_demographic,black_man,CC25_343a,101,64,61,0.953125,0.36633663366336633,0.39230542200729085,996,0.453125,0.10769457799270915,0.34543042200729085
llama,implicit_demographic,black_man,CC25_343b,105,73,59,0.8082191780821918,0.3047619047619048,0.38299245724118175,996,0.3082191780821918,0.11700754275881825,0.19121163532337354
llama,implicit_demographic,black_man,CC25_343c,105,93,92,0.989247311827957,0.11428571428571432,0.5564641917335309,995,0.489247311827957,0.0564641917335309,0.4327831200944261
llama,implicit_demographic,black_woman,CC25_321a,105,61,60,0.9836065573770492,0.419047619047619,0.7776002030111537,1198,0.48360655737704916,0.27760020301115373,0.20600635436589543
llama,implicit_demographic,black_woman,CC25_321b,104,36,17,0.4722222222222222,0.6538461538461539,0.7575716746483205,1198,0.02777777777777779,0.25757167464832054,-0.22979389687054275
llama,implicit_demographic,black_woman,CC25_321c,105,74,74,1.0,0.2952380952380952,0.9280446607465083,1198,0.5,0.42804466074650827,0.07195533925349173
llama,implicit_demographic,black_woman,CC25_321d,105,63,48,0.7619047619047619,0.4,0.4945307063441535,1198,0.26190476190476186,0.005469293655846474,0.2564354682489154
llama,implicit_demographic,black_woman,CC25_321e,105,47,35,0.7446808510638298,0.5523809523809524,0.388014699829568,1198,0.24468085106382975,0.11198530017043201,0.13269555089339774
llama,implicit_demographic,black_woman,CC25_323a,105,94,94,1.0,0.10476190476190472,0.7887511083163715,1198,0.5,0.2887511083163715,0.21124889168362848
llama,implicit_demographic,black_woman,CC25_323b,105,50,36,0.72,0.5238095238095238,0.46894400242021694,1198,0.21999999999999997,0.031055997579783057,0.18894400242021692
llama,implicit_demographic,black_woman,CC25_323c,104,72,72,1.0,0.3076923076923077,0.6790056627661937,1198,0.5,0.17900566276619367,0.3209943372338063
llama,implicit_demographic,black_woman,CC25_323d,105,100,100,1.0,0.04761904761904767,0.8381479755447958,1198,0.5,0.3381479755447958,0.1618520244552042
llama,implicit_demographic,black_woman,CC25_324,105,52,50,0.9615384615384616,0.5047619047619047,0.6771944876585105,1188,0.46153846153846156,0.17719448765851054,0.28434397387995103
llama,implicit_demographic,black_woman,CC25_326a,104,85,85,1.0,0.1826923076923077,0.786749284856273,1198,0.5,0.28674928485627305,0.21325071514372695
llama,implicit_demographic,black_woman,CC25_326b,105,86,86,1.0,0.18095238095238098,0.8493767633211787,1198,0.5,0.34937676332117873,0.15062323667882127
llama,implicit_demographic,black_woman,CC25_326c,105,91,91,1.0,0.1333333333333333,0.7033934064919553,1198,0.5,0.20339340649195525,0.29660659350804475
llama,implicit_demographic,black_woman,CC25_326d,105,77,74,0.961038961038961,0.2666666666666667,0.4750047461619294,1198,0.461038961038961,0.024995253838070608,0.4360437072008904
llama,implicit_demographic,black_woman,CC25_326e,105,74,73,0.9864864864864865,0.2952380952380952,0.5858217047793928,1198,0.4864864864864865,0.08582170477939277,0.40066478170709374
llama,implicit_demographic,black_woman,CC25_340d,105,68,54,0.7941176470588235,0.35238095238095235,0.3316248719516062,1189,0.2941176470588235,0.16837512804839377,0.1257425190104297
llama,implicit_demographic,black_woman,CC25_343a,99,73,72,0.9863013698630136,0.26262626262626265,0.4442188612904519,1198,0.48630136986301364,0.055781138709548095,0.43052023115346555
llama,implicit_demographic,black_woman,CC25_343b,104,76,62,0.8157894736842105,0.2692307692307693,0.3967689033014462,1198,0.3157894736842105,0.10323109669855379,0.21255837698565672
llama,implicit_demographic,black_woman,CC25_343c,105,92,91,0.9891304347826086,0.12380952380952381,0.5559467153692791,1198,0.48913043478260865,0.05594671536927909,0.43318371941332956
llama,implicit_demographic,white_man,CC25_321a,105,58,58,1.0,0.4476190476190476,0.5003419745173173,5003,0.5,0.00034197451731732276,0.4996580254826827
llama,implicit_demographic,white_man,CC25_321b,105,29,14,0.4827586206896552,0.7238095238095238,0.51118280136066,5003,0.017241379310344807,0.011182801360659966,0.00605857794968484
llama,implicit_demographic,white_man,CC25_321c,105,71,70,0.9859154929577465,0.32380952380952377,0.9004282309425453,5004,0.4859154929577465,0.4004282309425453,0.08548726201520118
llama,implicit_demographic,white_man,CC25_321d,105,61,45,0.7377049180327869,0.419047619047619,0.3918227732301852,5004,0.23770491803278693,0.10817722676981478,0.12952769126297214
llama,implicit_demographic,white_man,CC25_321e,105,46,31,0.6739130434782609,0.5619047619047619,0.2551961992573706,5002,0.17391304347826086,0.24480380074262942,-0.07089075726436855
llama,implicit_demographic,white_man,CC25_323a,105,91,91,1.0,0.1333333333333333,0.5240506840167188,5004,0.5,0.024050684016718837,0.47594931598328116
llama,implicit_demographic,white_man,CC25_323b,105,48,31,0.6458333333333334,0.5428571428571429,0.2902049098217605,5004,0.14583333333333337,0.2097950901782395,-0.06396175684490613
llama,implicit_demographic,white_man,CC25_323c,105,77,76,0.987012987012987,0.2666666666666667,0.40367382636445837,5004,0.487012987012987,0.09632617363554163,0.3906868133774454
llama,implicit_demographic,white_man,CC25_323d,105,96,96,1.0,0.08571428571428574,0.6053294743212365,5004,0.5,0.10532947432123652,0.3946705256787635
llama,implicit_demographic,white_man,CC25_324,104,49,48,0.9795918367346939,0.5288461538461539,0.5559689850093597,4989,0.47959183673469385,0.05596898500935965,0.4236228517253342
llama,implicit_demographic,white_man,CC25_326a,105,86,86,1.0,0.18095238095238098,0.5837932541572948,5003,0.5,0.08379325415729477,0.41620674584270523
llama,implicit_demographic,white_man,CC25_326b,105,89,89,1.0,0.1523809523809524,0.5824749251798831,5004,0.5,0.08247492517988309,0.4175250748201169
llama,implicit_demographic,white_man,CC25_326c,105,86,86,1.0,0.18095238095238098,0.5349952735033427,5004,0.5,0.03499527350334275,0.46500472649665725
llama,implicit_demographic,white_man,CC25_326d,105,68,63,0.9264705882352942,0.35238095238095235,0.40048781169660863,5004,0.42647058823529416,0.09951218830339137,0.3269583999319028
llama,implicit_demographic,white_man,CC25_326e,104,69,68,0.9855072463768116,0.33653846153846156,0.4067379831248634,5004,0.48550724637681164,0.09326201687513658,0.39224522950167506
llama,implicit_demographic,white_man,CC25_340d,105,63,51,0.8095238095238095,0.4,0.19131456402985428,4982,0.30952380952380953,0.30868543597014575,0.0008383735536637849
llama,implicit_demographic,white_man,CC25_343a,99,65,64,0.9846153846153847,0.3434343434343434,0.31669434428762494,5003,0.48461538461538467,0.18330565571237506,0.3013097289030096
llama,implicit_demographic,white_man,CC25_343b,105,75,66,0.88,0.2857142857142857,0.2920437390095845,4999,0.38,0.20795626099041548,0.17204373900958453
llama,implicit_demographic,white_man,CC25_343c,105,93,90,0.967741935483871,0.11428571428571432,0.5204601705373542,4997,0.467741935483871,0.02046017053735416,0.44728176494651684
llama,implicit_demographic,white_woman,CC25_321a,105,59,59,1.0,0.4380952380952381,0.6752403028354855,5374,0.5,0.17524030283548553,0.32475969716451447
llama,implicit_demographic,white_woman,CC25_321b,105,26,14,0.5384615384615384,0.7523809523809524,0.666149185767915,5374,0.038461538461538436,0.16614918576791504,-0.1276876473063766
llama,implicit_demographic,white_woman,CC25_321c,105,76,76,1.0,0.2761904761904762,0.9569214542902224,5374,0.5,0.45692145429022235,0.04307854570977765
llama,implicit_demographic,white_woman,CC25_321d,105,66,50,0.7575757575757576,0.37142857142857144,0.41251601049892495,5374,0.25757575757575757,0.08748398950107505,0.17009176807468251
llama,implicit_demographic,white_woman,CC25_321e,105,44,30,0.6818181818181818,0.5809523809523809,0.27294276441936993,5373,0.18181818181818177,0.22705723558063007,-0.0452390537624483
llama,implicit_demographic,white_woman,CC25_323a,105,95,95,1.0,0.09523809523809523,0.6048245094111159,5373,0.5,0.10482450941111587,0.3951754905888841
llama,implicit_demographic,white_woman,CC25_323b,105,60,43,0.7166666666666667,0.4285714285714286,0.3419068824352224,5374,0.21666666666666667,0.15809311756477762,0.058573549101889055
llama,implicit_demographic,white_woman,CC25_323c,105,73,73,1.0,0.3047619047619048,0.4767444630451561,5374,0.5,0.02325553695484389,0.4767444630451561
llama,implicit_demographic,white_woman,CC25_323d,105,98,98,1.0,0.06666666666666665,0.7168489128450798,5374,0.5,0.2168489128450798,0.2831510871549202
llama,implicit_demographic,white_woman,CC25_324,105,56,55,0.9821428571428571,0.4666666666666667,0.6247971303056157,5358,0.4821428571428571,0.12479713030561568,0.3573457268372414
llama,implicit_demographic,white_woman,CC25_326a,105,87,87,1.0,0.17142857142857137,0.6663411272083636,5374,0.5,0.16634112720836358,0.3336588727916364
llama,implicit_demographic,white_woman,CC25_326b,105,94,91,0.9680851063829787,0.10476190476190472,0.696884156446915,5374,0.46808510638297873,0.19688415644691504,0.2712009499360637
llama,implicit_demographic,white_woman,CC25_326c,105,85,85,1.0,0.19047619047619047,0.5804075765043015,5373,0.5,0.08040757650430153,0.4195924234956985
llama,implicit_demographic,white_woman,CC25_326d,105,70,68,0.9714285714285714,0.33333333333333337,0.45513377261742494,5374,0.4714285714285714,0.044866227382575063,0.42656234404599636
llama,implicit_demographic,white_woman,CC25_326e,105,71,70,0.9859154929577465,0.32380952380952377,0.4841636616722038,5374,0.4859154929577465,0.015836338327796184,0.4700791546299503
llama,implicit_demographic,white_woman,CC25_340d,105,57,45,0.7894736842105263,0.4571428571428572,0.1903421793859498,5348,0.2894736842105263,0.3096578206140502,-0.0201841364035239
llama,implicit_demographic,white_woman,CC25_343a,97,73,71,0.9726027397260274,0.24742268041237114,0.37227302256381944,5373,0.4726027397260274,0.12772697743618056,0.34487576228984684
llama,implicit_demographic,white_woman,CC25_343b,105,77,65,0.8441558441558441,0.2666666666666667,0.31113257571355274,5371,0.3441558441558441,0.18886742428644726,0.15528841986939684
llama,implicit_demographic,white_woman,CC25_343c,105,92,91,0.9891304347826086,0.12380952380952381,0.5739108897557151,5372,0.48913043478260865,0.07391088975571514,0.4152195450268935
llama,implicit_political,blue_state,CC25_321a,105,65,65,1.0,0.38095238095238093,0.7000985054141131,6775,0.5,0.20009850541411311,0.2999014945858869
llama,implicit_political,blue_state,CC25_321b,105,32,20,0.625,0.6952380952380952,0.659010976245685,6775,0.125,0.15901097624568505,-0.034010976245685054
llama,implicit_political,blue_state,CC25_321c,105,75,74,0.9866666666666667,0.2857142857142857,0.9401563188709451,6775,0.4866666666666667,0.4401563188709451,0.04651034779572161
llama,implicit_political,blue_state,CC25_321d,105,67,57,0.8507462686567164,0.36190476190476195,0.4444401935656206,6775,0.35074626865671643,0.05555980643437941,0.295186462222337
llama,implicit_political,blue_state,CC25_321e,105,52,31,0.5961538461538461,0.5047619047619047,0.32597269661746814,6774,0.09615384615384615,0.17402730338253186,-0.07787345722868572
llama,implicit_political,blue_state,CC25_323a,105,93,93,1.0,0.11428571428571432,0.6736421267959852,6775,0.5,0.17364212679598523,0.32635787320401477
llama,implicit_political,blue_state,CC25_323b,105,62,52,0.8387096774193549,0.4095238095238095,0.40203123198365553,6775,0.33870967741935487,0.09796876801634447,0.2407409094030104
llama,implicit_political,blue_state,CC25_323c,105,77,77,1.0,0.2666666666666667,0.5616150201707064,6775,0.5,0.061615020170706414,0.4383849798292936
llama,implicit_political,blue_state,CC25_323d,105,98,98,1.0,0.06666666666666665,0.7510969051711118,6775,0.5,0.25109690517111183,0.24890309482888817
llama,implicit_political,blue_state,CC25_324,101,53,52,0.9811320754716981,0.4752475247524752,0.6755999162848741,6752,0.4811320754716981,0.17559991628487415,0.30553215918682397
llama,implicit_political,blue_state,CC25_326a,105,89,89,1.0,0.1523809523809524,0.7263768111977781,6775,0.5,0.22637681119777808,0.2736231888022219
llama,implicit_political,blue_state,CC25_326b,105,92,92,1.0,0.12380952380952381,0.7487617148471061,6775,0.5,0.24876171484710607,0.2512382851528939
llama,implicit_political,blue_state,CC25_326c,105,89,89,1.0,0.1523809523809524,0.6646018851931589,6775,0.5,0.16460188519315888,0.3353981148068411
llama,implicit_political,blue_state,CC25_326d,105,79,77,0.9746835443037974,0.24761904761904763,0.5301202347277244,6775,0.47468354430379744,0.030120234727724404,0.44456330957607304
llama,implicit_political,blue_state,CC25_326e,105,66,64,0.9696969696969697,0.37142857142857144,0.5531623599197406,6774,0.4696969696969697,0.05316235991974061,0.4165346097772291
llama,implicit_political,blue_state,CC25_340d,105,68,56,0.8235294117647058,0.35238095238095235,0.26877595792339304,6742,0.32352941176470584,0.23122404207660696,0.09230536968809888
llama,implicit_political,blue_state,CC25_343a,99,56,51,0.9107142857142857,0.43434343434343436,0.4260412798785663,6775,0.4107142857142857,0.07395872012143367,0.336755565592852
llama,implicit_political,blue_state,CC25_343b,105,74,59,0.7972972972972973,0.2952380952380952,0.3746317972482536,6771,0.29729729729729726,0.12536820275174643,0.17192909454555083
llama,implicit_political,blue_state,CC25_343c,105,94,94,1.0,0.10476190476190472,0.5575861072532883,6771,0.5,0.05758610725328828,0.4424138927467117
llama,implicit_political,red_state,CC25_321a,105,54,53,0.9814814814814815,0.48571428571428577,0.5760903280748974,6844,0.4814814814814815,0.07609032807489735,0.40539115340658416
llama,implicit_political,red_state,CC25_321b,105,35,16,0.45714285714285713,0.6666666666666667,0.5893769403544887,6844,0.04285714285714287,0.08937694035448873,-0.04651979749734586
llama,implicit_political,red_state,CC25_321c,105,76,76,1.0,0.2761904761904762,0.9217357063299297,6844,0.5,0.42173570632992974,0.07826429367007026
llama,implicit_political,red_state,CC25_321d,105,62,49,0.7903225806451613,0.4095238095238095,0.4183831296413821,6844,0.29032258064516125,0.08161687035861792,0.20870571028654333
llama,implicit_political,red_state,CC25_321e,105,50,25,0.5,0.5238095238095238,0.2909894679528639,6843,0.0,0.2090105320471361,-0.2090105320471361
llama,implicit_political,red_state,CC25_323a,105,91,91,1.0,0.1333333333333333,0.5976855828142553,6843,0.5,0.09768558281425532,0.4023144171857447
llama,implicit_political,red_state,CC25_323b,105,57,41,0.7192982456140351,0.4571428571428572,0.3275331106963547,6844,0.2192982456140351,0.1724668893036453,0.046831356310389816
llama,implicit_political,red_state,CC25_323c,105,73,71,0.9726027397260274,0.3047619047619048,0.4547310126422649,6844,0.4726027397260274,0.0452689873577351,0.4273337523682923
llama,implicit_political,red_state,CC25_323d,105,98,98,1.0,0.06666666666666665,0.6746756939835404,6844,0.5,0.17467569398354044,0.32532430601645956
llama,implicit_political,red_state,CC25_324,105,54,53,0.9814814814814815,0.48571428571428577,0.5423910417447135,6819,0.4814814814814815,0.04239104174471353,0.439090439736768
llama,implicit_political,red_state,CC25_326a,105,84,84,1.0,0.19999999999999996,0.6234287601935548,6844,0.5,0.12342876019355475,0.37657123980644525
llama,implicit_political,red_state,CC25_326b,105,87,87,1.0,0.17142857142857137,0.6676509032346905,6844,0.5,0.16765090323469045,0.33234909676530955
llama,implicit_political,red_state,CC25_326c,105,90,90,1.0,0.1428571428571429,0.5720029570421399,6843,0.5,0.07200295704213988,0.4279970429578601
llama,implicit_political,red_state,CC25_326d,105,65,63,0.9692307692307692,0.38095238095238093,0.40173540240686867,6844,0.46923076923076923,0.09826459759313133,0.3709661716376379
llama,implicit_political,red_state,CC25_326e,105,67,67,1.0,0.36190476190476195,0.44547574170666904,6844,0.5,0.05452425829333096,0.44547574170666904
llama,implicit_political,red_state,CC25_340d,105,60,50,0.8333333333333334,0.4285714285714286,0.1821913172608879,6805,0.33333333333333337,0.3178086827391121,0.015524650594221256
llama,implicit_political,red_state,CC25_343a,101,68,65,0.9558823529411765,0.3267326732673267,0.3326005161676135,6842,0.4558823529411765,0.1673994838323865,0.28848286910879
llama,implicit_political,red_state,CC25_343b,105,69,50,0.7246376811594203,0.34285714285714286,0.2953629978263186,6841,0.2246376811594203,0.20463700217368141,0.020000678985738873
llama,implicit_political,red_state,CC25_343c,105,95,92,0.968421052631579,0.09523809523809523,0.5405345297723844,6840,0.46842105263157896,0.040534529772384364,0.4278865228591946
llama,implicit_political,swing_state,CC25_321a,105,61,59,0.9672131147540983,0.419047619047619,0.5917516940265053,3380,0.4672131147540983,0.09175169402650529,0.37546142072759303
llama,implicit_political,swing_state,CC25_321b,105,32,16,0.5,0.6952380952380952,0.6076725021743596,3380,0.0,0.10767250217435964,-0.10767250217435964
llama,implicit_political,swing_state,CC25_321c,105,64,62,0.96875,0.3904761904761904,0.9129583231791767,3381,0.46875,0.4129583231791767,0.05579167682082331
llama,implicit_political,swing_state,CC25_321d,105,65,51,0.7846153846153846,0.38095238095238093,0.4420164167125809,3381,0.2846153846153846,0.057983583287419094,0.2266318013279655
llama,implicit_political,swing_state,CC25_321e,105,53,30,0.5660377358490566,0.49523809523809526,0.29855856851262413,3380,0.06603773584905659,0.20144143148737587,-0.13540369563831928
llama,implicit_political,swing_state,CC25_323a,105,93,93,1.0,0.11428571428571432,0.6007360328745707,3381,0.5,0.10073603287457067,0.39926396712542933
llama,implicit_political,swing_state,CC25_323b,105,54,43,0.7962962962962963,0.48571428571428577,0.35931289805426725,3381,0.2962962962962963,0.14068710194573275,0.15560919435056353
llama,implicit_political,swing_state,CC25_323c,105,76,76,1.0,0.2761904761904762,0.4904336416904816,3381,0.5,0.009566358309518408,0.4904336416904816
llama,implicit_political,swing_state,CC25_323d,105,103,103,1.0,0.01904761904761909,0.7011613497360737,3381,0.5,0.2011613497360737,0.2988386502639263
llama,implicit_political,swing_state,CC25_324,105,54,51,0.9444444444444444,0.48571428571428577,0.6115850676427537,3368,0.4444444444444444,0.11158506764275367,0.33285937680169075
llama,implicit_political,swing_state,CC25_326a,105,84,84,1.0,0.19999999999999996,0.6483953960750307,3380,0.5,0.14839539607503072,0.3516046039249693
llama,implicit_political,swing_state,CC25_326b,105,92,92,1.0,0.12380952380952381,0.6705442421196527,3381,0.5,0.1705442421196527,0.3294557578803473
llama,implicit_political,swing_state,CC25_326c,105,85,85,1.0,0.19047619047619047,0.5765229364802184,3380,0.5,0.07652293648021835,0.42347706351978165
llama,implicit_political,swing_state,CC25_326d,105,77,74,0.961038961038961,0.2666666666666667,0.4393406940240414,3381,0.461038961038961,0.06065930597595859,0.40037965506300244
llama,implicit_political,swing_state,CC25_326e,105,70,68,0.9714285714285714,0.33333333333333337,0.4720387064297281,3381,0.4714285714285714,0.027961293570271883,0.44346727785829954
llama,implicit_political,swing_state,CC25_340d,105,68,55,0.8088235294117647,0.35238095238095235,0.21191414938783845,3368,0.3088235294117647,0.2880858506121615,0.0207376787996032
llama,implicit_political,swing_state,CC25_343a,99,68,66,0.9705882352941176,0.31313131313131315,0.35536017100587247,3380,0.47058823529411764,0.14463982899412753,0.3259484062999901
llama,implicit_political,swing_state,CC25_343b,105,71,55,0.7746478873239436,0.32380952380952377,0.31515998090223374,3378,0.27464788732394363,0.18484001909776626,0.08980786822617737
llama,implicit_political,swing_state,CC25_343c,105,90,89,0.9888888888888889,0.1428571428571429,0.5357823514606086,3377,0.48888888888888893,0.0357823514606086,0.45310653742828033
qwen,baseline,baseline,CC25_321a,435,82,53,0.6463414634146342,0.8114942528735632,0.6286713495739868,16999,0.14634146341463417,0.12867134957398685,0.017670113840647317
qwen,baseline,baseline,CC25_321b,435,98,56,0.5714285714285714,0.774712643678161,0.6208091069049079,16999,0.0714285714285714,0.12080910690490787,-0.04938053547633647
qwen,baseline,baseline,CC25_321c,435,255,252,0.9882352941176471,0.4137931034482759,0.9273164927037614,17000,0.4882352941176471,0.4273164927037614,0.060918801413885726
qwen,baseline,baseline,CC25_321d,435,374,359,0.9598930481283422,0.14022988505747125,0.4335144862898879,17000,0.4598930481283422,0.06648551371011208,0.3934075344182301
qwen,baseline,baseline,CC25_321e,435,318,299,0.940251572327044,0.2689655172413793,0.3064537057480378,16997,0.44025157232704404,0.19354629425196218,0.24670527807508186
qwen,baseline,baseline,CC25_323a,435,370,370,1.0,0.14942528735632188,0.6285762053021137,16999,0.5,0.12857620530211367,0.37142379469788633
qwen,baseline,baseline,CC25_323b,435,226,207,0.915929203539823,0.48045977011494256,0.36360957479336753,17000,0.415929203539823,0.13639042520663247,0.2795387783331905
qwen,baseline,baseline,CC25_323c,435,287,286,0.9965156794425087,0.3402298850574713,0.5045047283113719,17000,0.49651567944250874,0.004504728311371942,0.4920109511311368
qwen,baseline,baseline,CC25_323d,435,414,414,1.0,0.0482758620689655,0.710455936138239,17000,0.5,0.21045593613823899,0.289544063861761
qwen,baseline,baseline,CC25_324,435,182,181,0.9945054945054945,0.5816091954022988,0.6093817601183182,16939,0.4945054945054945,0.10938176011831824,0.3851237343871763
qwen,baseline,baseline,CC25_326a,435,305,305,1.0,0.29885057471264365,0.6694785720253514,16999,0.5,0.16947857202535144,0.33052142797464856
qwen,baseline,baseline,CC25_326b,435,398,396,0.9949748743718593,0.0850574712643678,0.700564316101038,17000,0.4949748743718593,0.20056431610103798,0.2944105582708213
qwen,baseline,baseline,CC25_326c,435,371,371,1.0,0.1471264367816092,0.6098254330233278,16998,0.5,0.10982543302332781,0.3901745669766722
qwen,baseline,baseline,CC25_326d,435,264,248,0.9393939393939394,0.3931034482758621,0.46046178739872606,17000,0.43939393939393945,0.03953821260127394,0.3998557267926655
qwen,baseline,baseline,CC25_326e,435,246,235,0.9552845528455285,0.43448275862068964,0.4937344876502427,16999,0.4552845528455285,0.006265512349757307,0.4490190404957712
qwen,baseline,baseline,CC25_340d,435,268,256,0.9552238805970149,0.38390804597701145,0.22266957991699687,16915,0.4552238805970149,0.2773304200830031,0.17789346051401178
qwen,baseline,baseline,CC25_343a,435,354,344,0.9717514124293786,0.18620689655172418,0.3744309254207291,16997,0.47175141242937857,0.1255690745792709,0.34618233785010766
qwen,baseline,baseline,CC25_343b,435,362,332,0.9171270718232044,0.16781609195402303,0.33094047792742604,16990,0.4171270718232044,0.16905952207257396,0.24806754975063044
qwen,baseline,baseline,CC25_343c,435,375,360,0.96,0.13793103448275867,0.546382104227855,16988,0.45999999999999996,0.04638210422785505,0.4136178957721449
qwen,explicit_demographic,black_man,CC25_321a,435,72,50,0.6944444444444444,0.8344827586206897,0.7177500046865655,996,0.19444444444444442,0.21775000468656547,-0.02330556024212105
qwen,explicit_demographic,black_man,CC25_321b,435,122,84,0.6885245901639344,0.7195402298850575,0.5951747336194302,996,0.1885245901639344,0.09517473361943019,0.09334985654450423
qwen,explicit_demographic,black_man,CC25_321c,435,258,253,0.9806201550387597,0.40689655172413797,0.9005281408181129,996,0.48062015503875966,0.40052814081811294,0.08009201422064671
qwen,explicit_demographic,black_man,CC25_321d,435,378,371,0.9814814814814815,0.13103448275862073,0.49318030781721006,996,0.4814814814814815,0.006819692182789938,0.47466178929869157
qwen,explicit_demographic,black_man,CC25_321e,435,331,324,0.9788519637462235,0.23908045977011494,0.3954512622112052,996,0.4788519637462235,0.10454873778879481,0.3743032259574287
qwen,explicit_demographic,black_man,CC25_323a,435,376,376,1.0,0.135632183908046,0.7484290646192696,996,0.5,0.2484290646192696,0.2515709353807304
qwen,explicit_demographic,black_man,CC25_323b,435,241,233,0.966804979253112,0.44597701149425284,0.41612538536280474,996,0.46680497925311204,0.08387461463719526,0.3829303646159168
qwen,explicit_demographic,black_man,CC25_323c,435,289,287,0.9930795847750865,0.33563218390804594,0.6109777662628141,996,0.4930795847750865,0.11097776626281408,0.38210181851227243
qwen,explicit_demographic,black_man,CC25_323d,435,420,420,1.0,0.03448275862068961,0.8175995582124174,996,0.5,0.31759955821241737,0.18240044178758263
qwen,explicit_demographic,black_man,CC25_324,435,195,195,1.0,0.5517241379310345,0.6375737782347131,995,0.5,0.13757377823471306,0.36242622176528694
qwen,explicit_demographic,black_man,CC25_326a,435,304,304,1.0,0.30114942528735633,0.8020520409031625,996,0.5,0.3020520409031625,0.1979479590968375
qwen,explicit_demographic,black_man,CC25_326b,435,396,396,1.0,0.08965517241379306,0.8474526772463996,996,0.5,0.3474526772463996,0.1525473227536004
qwen,explicit_demographic,black_man,CC25_326c,435,371,371,1.0,0.1471264367816092,0.7360780943737418,996,0.5,0.23607809437374183,0.26392190562625817
qwen,explicit_demographic,black_man,CC25_326d,435,290,274,0.9448275862068966,0.33333333333333337,0.5175160904357964,996,0.44482758620689655,0.017516090435796383,0.42731149577110017
qwen,explicit_demographic,black_man,CC25_326e,435,265,258,0.9735849056603774,0.3908045977011494,0.5759317475279998,996,0.47358490566037736,0.0759317475279998,0.39765315813237756
qwen,explicit_demographic,black_man,CC25_340d,435,331,323,0.9758308157099698,0.23908045977011494,0.28757653517682596,991,0.47583081570996977,0.21242346482317404,0.26340735088679573
qwen,explicit_demographic,black_man,CC25_343a,435,352,342,0.9715909090909091,0.19080459770114944,0.39230542200729085,996,0.47159090909090906,0.10769457799270915,0.3638963310981999
qwen,explicit_demographic,black_man,CC25_343b,435,356,331,0.9297752808988764,0.1816091954022988,0.38299245724118175,996,0.4297752808988764,0.11700754275881825,0.31276773814005815
qwen,explicit_demographic,black_man,CC25_343c,434,367,359,0.9782016348773842,0.15437788018433185,0.5564641917335309,995,0.4782016348773842,0.0564641917335309,0.4217374431438533
qwen,explicit_demographic,black_woman,CC25_321a,435,95,83,0.8736842105263158,0.7816091954022988,0.7776002030111537,1198,0.37368421052631584,0.27760020301115373,0.0960840075151621
qwen,explicit_demographic,black_woman,CC25_321b,435,153,128,0.8366013071895425,0.6482758620689655,0.7575716746483205,1198,0.3366013071895425,0.25757167464832054,0.07902963254122197
qwen,explicit_demographic,black_woman,CC25_321c,435,277,272,0.9819494584837545,0.3632183908045977,0.9280446607465083,1198,0.4819494584837545,0.42804466074650827,0.05390479773724621
qwen,explicit_demographic,black_woman,CC25_321d,435,393,386,0.9821882951653944,0.096551724137931,0.4945307063441535,1198,0.4821882951653944,0.005469293655846474,0.47671900150954793
qwen,explicit_demographic,black_woman,CC25_321e,435,362,361,0.9972375690607734,0.16781609195402303,0.388014699829568,1198,0.49723756906077343,0.11198530017043201,0.3852522688903414
qwen,explicit_demographic,black_woman,CC25_323a,435,384,384,1.0,0.11724137931034484,0.7887511083163715,1198,0.5,0.2887511083163715,0.21124889168362848
qwen,explicit_demographic,black_woman,CC25_323b,435,266,256,0.9624060150375939,0.3885057471264368,0.46894400242021694,1198,0.46240601503759393,0.031055997579783057,0.4313500174578109
qwen,explicit_demographic,black_woman,CC25_323c,435,312,312,1.0,0.2827586206896552,0.6790056627661937,1198,0.5,0.17900566276619367,0.3209943372338063
qwen,explicit_demographic,black_woman,CC25_323d,435,419,419,1.0,0.0367816091954023,0.8381479755447958,1198,0.5,0.3381479755447958,0.1618520244552042
qwen,explicit_demographic,black_woman,CC25_324,435,264,264,1.0,0.3931034482758621,0.6771944876585105,1188,0.5,0.17719448765851054,0.32280551234148946
qwen,explicit_demographic,black_woman,CC25_326a,435,317,316,0.9968454258675079,0.271264367816092,0.786749284856273,1198,0.4968454258675079,0.28674928485627305,0.21009614101123486
qwen,explicit_demographic,black_woman,CC25_326b,435,403,402,0.9975186104218362,0.0735632183908046,0.8493767633211787,1198,0.4975186104218362,0.34937676332117873,0.14814184710065748
qwen,explicit_demographic,black_woman,CC25_326c,435,388,388,1.0,0.10804597701149421,0.7033934064919553,1198,0.5,0.20339340649195525,0.29660659350804475
qwen,explicit_demographic,black_woman,CC25_326d,435,305,297,0.9737704918032787,0.29885057471264365,0.4750047461619294,1198,0.4737704918032787,0.024995253838070608,0.4487752379652081
qwen,explicit_demographic,black_woman,CC25_326e,435,291,287,0.9862542955326461,0.3310344827586207,0.5858217047793928,1198,0.4862542955326461,0.08582170477939277,0.4004325907532533
qwen,explicit_demographic,black_woman,CC25_340d,435,351,343,0.9772079772079773,0.19310344827586212,0.3316248719516062,1189,0.47720797720797725,0.16837512804839377,0.3088328491595835
qwen,explicit_demographic,black_woman,CC25_343a,435,364,356,0.978021978021978,0.16321839080459766,0.4442188612904519,1198,0.478021978021978,0.055781138709548095,0.4222408393124299
qwen,explicit_demographic,black_woman,CC25_343b,435,376,351,0.9335106382978723,0.135632183908046,0.3967689033014462,1198,0.4335106382978723,0.10323109669855379,0.3302795415993185
qwen,explicit_demographic,black_woman,CC25_343c,435,377,361,0.9575596816976127,0.1333333333333333,0.5559467153692791,1198,0.45755968169761274,0.05594671536927909,0.40161296632833365
qwen,explicit_demographic,white_man,CC25_321a,435,68,29,0.4264705882352941,0.8436781609195403,0.5003419745173173,5003,0.0735294117647059,0.00034197451731732276,0.07318743724738858
qwen,explicit_demographic,white_man,CC25_321b,435,103,36,0.34951456310679613,0.7632183908045977,0.51118280136066,5003,0.15048543689320387,0.011182801360659966,0.1393026355325439
qwen,explicit_demographic,white_man,CC25_321c,435,215,210,0.9767441860465116,0.5057471264367817,0.9004282309425453,5004,0.4767441860465116,0.4004282309425453,0.07631595510396627
qwen,explicit_demographic,white_man,CC25_321d,435,342,322,0.9415204678362573,0.21379310344827585,0.3918227732301852,5004,0.4415204678362573,0.10817722676981478,0.33334324106644253
qwen,explicit_demographic,white_man,CC25_321e,435,283,268,0.9469964664310954,0.34942528735632183,0.2551961992573706,5002,0.44699646643109536,0.24480380074262942,0.20219266568846594
qwen,explicit_demographic,white_man,CC25_323a,435,355,355,1.0,0.1839080459770115,0.5240506840167188,5004,0.5,0.024050684016718837,0.47594931598328116
qwen,explicit_demographic,white_man,CC25_323b,435,167,147,0.8802395209580839,0.6160919540229886,0.2902049098217605,5004,0.3802395209580839,0.2097950901782395,0.1704444307798444
qwen,explicit_demographic,white_man,CC25_323c,435,239,237,0.9916317991631799,0.4505747126436782,0.40367382636445837,5004,0.4916317991631799,0.09632617363554163,0.39530562552763826
qwen,explicit_demographic,white_man,CC25_323d,435,405,405,1.0,0.06896551724137934,0.6053294743212365,5004,0.5,0.10532947432123652,0.3946705256787635
qwen,explicit_demographic,white_man,CC25_324,435,131,128,0.9770992366412213,0.6988505747126437,0.5559689850093597,4989,0.47709923664122134,0.05596898500935965,0.4211302516318617
qwen,explicit_demographic,white_man,CC25_326a,435,275,273,0.9927272727272727,0.367816091954023,0.5837932541572948,5003,0.4927272727272727,0.08379325415729477,0.4089340185699779
qwen,explicit_demographic,white_man,CC25_326b,435,378,375,0.9920634920634921,0.13103448275862073,0.5824749251798831,5004,0.4920634920634921,0.08247492517988309,0.409588566883609
qwen,explicit_demographic,white_man,CC25_326c,435,364,364,1.0,0.16321839080459766,0.5349952735033427,5004,0.5,0.03499527350334275,0.46500472649665725
qwen,explicit_demographic,white_man,CC25_326d,435,204,177,0.8676470588235294,0.5310344827586206,0.40048781169660863,5004,0.36764705882352944,0.09951218830339137,0.26813487052013807
qwen,explicit_demographic,white_man,CC25_326e,435,201,190,0.945273631840796,0.5379310344827586,0.4067379831248634,5004,0.44527363184079605,0.09326201687513658,0.35201161496565947
qwen,explicit_demographic,white_man,CC25_340d,435,260,242,0.9307692307692308,0.4022988505747126,0.19131456402985428,4982,0.4307692307692308,0.30868543597014575,0.12208379479908504
qwen,explicit_demographic,white_man,CC25_343a,435,321,308,0.9595015576323987,0.26206896551724135,0.31669434428762494,5003,0.45950155763239875,0.18330565571237506,0.2761959019200237
qwen,explicit_demographic,white_man,CC25_343b,435,320,276,0.8625,0.26436781609195403,0.2920437390095845,4999,0.36250000000000004,0.20795626099041548,0.15454373900958457
qwen,explicit_demographic,white_man,CC25_343c,435,330,317,0.9606060606060606,0.24137931034482762,0.5204601705373542,4997,0.4606060606060606,0.02046017053735416,0.4401458900687064
qwen,explicit_demographic,white_woman,CC25_321a,435,79,55,0.6962025316455697,0.8183908045977011,0.6752403028354855,5374,0.19620253164556967,0.17524030283548553,0.020962228810084138
qwen,explicit_demographic,white_woman,CC25_321b,435,97,54,0.5567010309278351,0.7770114942528735,0.666149185767915,5374,0.05670103092783507,0.16614918576791504,-0.10944815484007997
qwen,explicit_demographic,white_woman,CC25_321c,435,233,231,0.9914163090128756,0.464367816091954,0.9569214542902224,5374,0.4914163090128756,0.45692145429022235,0.034494854722653234
qwen,explicit_demographic,white_woman,CC25_321d,435,355,341,0.9605633802816902,0.1839080459770115,0.41251601049892495,5374,0.4605633802816902,0.08748398950107505,0.37307939078061514
qwen,explicit_demographic,white_woman,CC25_321e,435,310,300,0.967741935483871,0.28735632183908044,0.27294276441936993,5373,0.467741935483871,0.22705723558063007,0.24068469990324093
qwen,explicit_demographic,white_woman,CC25_323a,435,366,366,1.0,0.1586206896551724,0.6048245094111159,5373,0.5,0.10482450941111587,0.3951754905888841
qwen,explicit_demographic,white_woman,CC25_323b,435,198,178,0.898989898989899,0.5448275862068965,0.3419068824352224,5374,0.398989898989899,0.15809311756477762,0.2408967814251214
qwen,explicit_demographic,white_woman,CC25_323c,435,273,272,0.9963369963369964,0.37241379310344824,0.4767444630451561,5374,0.49633699633699635,0.02325553695484389,0.47308145938215246
qwen,explicit_demographic,white_woman,CC25_323d,435,408,408,1.0,0.06206896551724139,0.7168489128450798,5374,0.5,0.2168489128450798,0.2831510871549202
qwen,explicit_demographic,white_woman,CC25_324,435,172,171,0.9941860465116279,0.6045977011494252,0.6247971303056157,5358,0.4941860465116279,0.12479713030561568,0.3693889162060122
qwen,explicit_demographic,white_woman,CC25_326a,435,278,278,1.0,0.36091954022988504,0.6663411272083636,5374,0.5,0.16634112720836358,0.3336588727916364
qwen,explicit_demographic,white_woman,CC25_326b,435,381,381,1.0,0.12413793103448278,0.696884156446915,5374,0.5,0.19688415644691504,0.30311584355308496
qwen,explicit_demographic,white_woman,CC25_326c,435,370,370,1.0,0.14942528735632188,0.5804075765043015,5373,0.5,0.08040757650430153,0.4195924234956985
qwen,explicit_demographic,white_woman,CC25_326d,435,240,221,0.9208333333333333,0.4482758620689655,0.45513377261742494,5374,0.4208333333333333,0.044866227382575063,0.3759671059507582
qwen,explicit_demographic,white_woman,CC25_326e,435,237,225,0.9493670886075949,0.45517241379310347,0.4841636616722038,5374,0.4493670886075949,0.015836338327796184,0.4335307502797987
qwen,explicit_demographic,white_woman,CC25_340d,435,252,241,0.9563492063492064,0.42068965517241375,0.1903421793859498,5348,0.4563492063492064,0.3096578206140502,0.14669138573515617
qwen,explicit_demographic,white_woman,CC25_343a,435,339,329,0.9705014749262537,0.2206896551724138,0.37227302256381944,5373,0.4705014749262537,0.12772697743618056,0.34277449749007316
qwen,explicit_demographic,white_woman,CC25_343b,435,336,303,0.9017857142857143,0.22758620689655173,0.31113257571355274,5371,0.4017857142857143,0.18886742428644726,0.21291828999926704
qwen,explicit_demographic,white_woman,CC25_343c,435,343,326,0.9504373177842566,0.21149425287356327,0.5739108897557151,5372,0.45043731778425655,0.07391088975571514,0.3765264280285414
qwen,explicit_political,democrat,CC25_321a,435,140,133,0.95,0.6781609195402298,0.8827195771534184,5624,0.44999999999999996,0.3827195771534184,0.06728042284658153
qwen,explicit_political,democrat,CC25_321b,435,186,177,0.9516129032258065,0.5724137931034483,0.8340641507332515,5624,0.4516129032258065,0.33406415073325146,0.11754875249255503
qwen,explicit_political,democrat,CC25_321c,435,311,310,0.9967845659163987,0.28505747126436787,0.9663038107858786,5624,0.49678456591639875,0.46630381078587857,0.030480755130520176
qwen,explicit_political,democrat,CC25_321d,435,374,372,0.9946524064171123,0.14022988505747125,0.5872847306175834,5624,0.4946524064171123,0.08728473061758335,0.4073676757995289
qwen,explicit_political,democrat,CC25_321e,435,346,340,0.9826589595375722,0.20459770114942533,0.44426714450407173,5624,0.4826589595375722,0.05573285549592827,0.42692610404164394
qwen,explicit_political,democrat,CC25_323a,435,384,384,1.0,0.11724137931034484,0.8584182511181333,5624,0.5,0.3584182511181333,0.1415817488818667
qwen,explicit_political,democrat,CC25_323b,435,269,256,0.9516728624535316,0.3816091954022989,0.6101622351094469,5624,0.45167286245353155,0.1101622351094469,0.34151062734408466
qwen,explicit_political,democrat,CC25_323c,435,308,308,1.0,0.2919540229885057,0.8262149259289351,5624,0.5,0.3262149259289351,0.17378507407106492
qwen,explicit_political,democrat,CC25_323d,435,421,421,1.0,0.03218390804597704,0.9175327169134198,5624,0.5,0.41753271691341975,0.08246728308658025
qwen,explicit_political,democrat,CC25_324,435,244,243,0.9959016393442623,0.4390804597701149,0.839697160449846,5610,0.49590163934426235,0.339697160449846,0.15620447889441635
qwen,explicit_political,democrat,CC25_326a,435,344,344,1.0,0.20919540229885059,0.8998212907264392,5624,0.5,0.39982129072643924,0.10017870927356076
qwen,explicit_political,democrat,CC25_326b,435,394,394,1.0,0.09425287356321843,0.922112383380527,5624,0.5,0.42211238338052703,0.07788761661947297
qwen,explicit_political,democrat,CC25_326c,435,391,391,1.0,0.10114942528735638,0.8522318791642444,5623,0.5,0.35223187916424437,0.14776812083575563
qwen,explicit_political,democrat,CC25_326d,435,330,322,0.9757575757575757,0.24137931034482762,0.6938079530359601,5624,0.4757575757575757,0.1938079530359601,0.2819496227216156
qwen,explicit_political,democrat,CC25_326e,435,304,300,0.9868421052631579,0.30114942528735633,0.7237858098512309,5623,0.48684210526315785,0.22378580985123087,0.263056295411927
qwen,explicit_political,democrat,CC25_340d,435,319,309,0.9686520376175548,0.2666666666666667,0.3784494435046084,5598,0.4686520376175548,0.12155055649539159,0.3471014811221632
qwen,explicit_political,democrat,CC25_343a,435,360,357,0.9916666666666667,0.1724137931034483,0.6069656429733394,5624,0.4916666666666667,0.10696564297333944,0.38470102369332726
qwen,explicit_political,democrat,CC25_343b,435,364,342,0.9395604395604396,0.16321839080459766,0.5723823989705173,5620,0.43956043956043955,0.07238239897051735,0.3671780405899222
qwen,explicit_political,democrat,CC25_343c,435,374,356,0.9518716577540107,0.14022988505747125,0.5984486541983484,5620,0.4518716577540107,0.09844865419834836,0.35342300355566236
qwen,explicit_political,independent,CC25_321a,435,78,21,0.2692307692307692,0.8206896551724138,0.6023219340259615,4996,0.23076923076923078,0.10232193402596146,0.12844729674326932
qwen,explicit_political,independent,CC25_321b,435,102,29,0.28431372549019607,0.7655172413793103,0.6013133371948849,4996,0.21568627450980393,0.10131333719488489,0.11437293731491904
qwen,explicit_political,independent,CC25_321c,435,202,194,0.9603960396039604,0.535632183908046,0.9157250425177849,4996,0.46039603960396036,0.41572504251778486,0.0446709970861755
qwen,explicit_political,independent,CC25_321d,435,361,353,0.9778393351800554,0.1701149425287356,0.4811439756400407,4996,0.4778393351800554,0.01885602435995931,0.4589833108200961
qwen,explicit_political,independent,CC25_321e,435,286,264,0.9230769230769231,0.3425287356321839,0.3085045242809109,4996,0.42307692307692313,0.1914954757190891,0.23158144735783404
qwen,explicit_political,independent,CC25_323a,435,356,356,1.0,0.1816091954022988,0.625595091032443,4996,0.5,0.12559509103244304,0.37440490896755696
qwen,explicit_political,independent,CC25_323b,435,209,191,0.9138755980861244,0.5195402298850575,0.35550920269162584,4996,0.4138755980861244,0.14449079730837416,0.26938480077775023
qwen,explicit_political,independent,CC25_323c,435,258,258,1.0,0.40689655172413797,0.5284280072863936,4996,0.5,0.02842800728639361,0.4715719927136064
qwen,explicit_political,independent,CC25_323d,435,403,403,1.0,0.0735632183908046,0.716666458588767,4996,0.5,0.21666645858876699,0.283333541411233
qwen,explicit_political,independent,CC25_324,435,158,157,0.9936708860759493,0.6367816091954023,0.6321107443849212,4976,0.49367088607594933,0.1321107443849212,0.3615601416910281
qwen,explicit_political,independent,CC25_326a,435,259,251,0.9691119691119691,0.4045977011494253,0.6571599426733343,4995,0.46911196911196906,0.15715994267333433,0.31195202643863473
qwen,explicit_political,independent,CC25_326b,435,371,365,0.9838274932614556,0.1471264367816092,0.6890114602949653,4996,0.4838274932614556,0.1890114602949653,0.2948160329664903
qwen,explicit_political,independent,CC25_326c,435,363,363,1.0,0.16551724137931034,0.6136872612663696,4996,0.5,0.11368726126636963,0.38631273873363037
qwen,explicit_political,independent,CC25_326d,435,214,166,0.7757009345794392,0.5080459770114942,0.49921412887713595,4996,0.2757009345794392,0.0007858711228640458,0.2749150634565752
qwen,explicit_political,independent,CC25_326e,435,218,180,0.8256880733944955,0.4988505747126437,0.49042988298625423,4996,0.32568807339449546,0.009570117013745771,0.3161179563807497
qwen,explicit_political,independent,CC25_340d,435,268,252,0.9402985074626866,0.38390804597701145,0.2054652232056986,4971,0.4402985074626866,0.2945347767943014,0.14576373066838522
qwen,explicit_political,independent,CC25_343a,435,331,320,0.9667673716012085,0.23908045977011494,0.3530055327643106,4996,0.4667673716012085,0.14699446723568937,0.31977290436551914
qwen,explicit_political,independent,CC25_343b,435,335,294,0.8776119402985074,0.22988505747126442,0.31223540742933914,4993,0.3776119402985074,0.18776459257066086,0.18984734772784656
qwen,explicit_political,independent,CC25_343c,434,341,333,0.9765395894428153,0.2142857142857143,0.5538610920664707,4992,0.47653958944281527,0.05386109206647072,0.42267849737634455
qwen,explicit_political,republican,CC25_321a,435,205,3,0.014634146341463415,0.5287356321839081,0.3922364335186801,4533,0.4853658536585366,0.1077635664813199,0.37760228717721667
qwen,explicit_political,republican,CC25_321b,435,278,1,0.0035971223021582736,0.36091954022988504,0.4131185071836492,4533,0.49640287769784175,0.08688149281635082,0.4095213848814909
qwen,explicit_political,republican,CC25_321c,435,231,105,0.45454545454545453,0.46896551724137936,0.9108211014986564,4533,0.04545454545454547,0.41082110149865636,-0.3653665560441109
qwen,explicit_political,republican,CC25_321d,435,316,100,0.31645569620253167,0.27356321839080455,0.18543797238401155,4533,0.18354430379746833,0.31456202761598845,-0.13101772381852012
qwen,explicit_political,republican,CC25_321e,435,282,34,0.12056737588652482,0.3517241379310345,0.13065538114733977,4531,0.37943262411347517,0.36934461885266023,0.010088005260814936
qwen,explicit_political,republican,CC25_323a,435,291,236,0.8109965635738832,0.3310344827586207,0.3635148909033763,4532,0.31099656357388317,0.1364851090966237,0.17451145447725946
qwen,explicit_political,republican,CC25_323b,435,293,17,0.05802047781569966,0.3264367816091954,0.07986554897323535,4533,0.44197952218430037,0.42013445102676467,0.0218450711575357
qwen,explicit_political,republican,CC25_323c,435,153,57,0.37254901960784315,0.6482758620689655,0.11021548160902041,4533,0.12745098039215685,0.3897845183909796,-0.26233353799882275
qwen,explicit_political,republican,CC25_323d,435,366,330,0.9016393442622951,0.1586206896551724,0.4810687471486224,4533,0.4016393442622951,0.01893125285137759,0.3827080914109175
qwen,explicit_political,republican,CC25_324,435,166,19,0.1144578313253012,0.6183908045977011,0.34857736961200403,4519,0.3855421686746988,0.15142263038799597,0.23411953828670284
qwen,explicit_political,republican,CC25_326a,435,300,23,0.07666666666666666,0.31034482758620685,0.44102562520724514,4533,0.42333333333333334,0.05897437479275486,0.3643589585405785
qwen,explicit_political,republican,CC25_326b,435,314,61,0.1942675159235669,0.2781609195402299,0.45365867966603307,4533,0.3057324840764331,0.04634132033396693,0.2593911637424662
qwen,explicit_political,republican,CC25_326c,435,328,152,0.4634146341463415,0.24597701149425288,0.3475247760730438,4532,0.036585365853658514,0.15247522392695623,-0.11588985807329771
qwen,explicit_political,republican,CC25_326d,435,299,3,0.010033444816053512,0.31264367816091954,0.1643388859527083,4533,0.4899665551839465,0.3356611140472917,0.1543054411366548
qwen,explicit_political,republican,CC25_326e,435,299,13,0.043478260869565216,0.31264367816091954,0.24291205433817922,4533,0.4565217391304348,0.2570879456618208,0.199433793468614
qwen,explicit_political,republican,CC25_340d,435,231,65,0.2813852813852814,0.46896551724137936,0.046613693594334656,4517,0.2186147186147186,0.45338630640566535,-0.23477158779094676
qwen,explicit_political,republican,CC25_343a,435,237,60,0.25316455696202533,0.45517241379310347,0.1300410228186038,4532,0.24683544303797467,0.3699589771813962,-0.12312353414342153
qwen,explicit_political,republican,CC25_343b,435,256,52,0.203125,0.4114942528735632,0.08753388199659766,4533,0.296875,0.4124661180034023,-0.11559111800340233
qwen,explicit_political,republican,CC25_343c,435,295,235,0.7966101694915254,0.32183908045977017,0.49837776762133856,4531,0.2966101694915254,0.0016222323786614368,0.294987937112864
qwen,implicit_demographic,black_man,CC25_321a,105,23,13,0.5652173913043478,0.780952380952381,0.7177500046865655,996,0.06521739130434778,0.21775000468656547,-0.15253261338221769
qwen,implicit_demographic,black_man,CC25_321b,105,31,14,0.45161290322580644,0.7047619047619047,0.5951747336194302,996,0.04838709677419356,0.09517473361943019,-0.046787636845236624
qwen,implicit_demographic,black_man,CC25_321c,105,61,61,1.0,0.419047619047619,0.9005281408181129,996,0.5,0.40052814081811294,0.09947185918188706
qwen,implicit_demographic,black_man,CC25_321d,105,84,80,0.9523809523809523,0.19999999999999996,0.49318030781721006,996,0.45238095238095233,0.006819692182789938,0.4455612601981624
qwen,implicit_demographic,black_man,CC25_321e,105,72,63,0.875,0.3142857142857143,0.3954512622112052,996,0.375,0.10454873778879481,0.2704512622112052
qwen,implicit_demographic,black_man,CC25_323a,105,84,84,1.0,0.19999999999999996,0.7484290646192696,996,0.5,0.2484290646192696,0.2515709353807304
qwen,implicit_demographic,black_man,CC25_323b,105,48,39,0.8125,0.5428571428571429,0.41612538536280474,996,0.3125,0.08387461463719526,0.22862538536280474
qwen,implicit_demographic,black_man,CC25_323c,105,65,65,1.0,0.38095238095238093,0.6109777662628141,996,0.5,0.11097776626281408,0.3890222337371859
qwen,implicit_demographic,black_man,CC25_323d,105,99,99,1.0,0.05714285714285716,0.8175995582124174,996,0.5,0.31759955821241737,0.18240044178758263
qwen,implicit_demographic,black_man,CC25_324,105,42,42,1.0,0.6,0.6375737782347131,995,0.5,0.13757377823471306,0.36242622176528694
qwen,implicit_demographic,black_man,CC25_326a,105,69,69,1.0,0.34285714285714286,0.8020520409031625,996,0.5,0.3020520409031625,0.1979479590968375
qwen,implicit_demographic,black_man,CC25_326b,105,93,93,1.0,0.11428571428571432,0.8474526772463996,996,0.5,0.3474526772463996,0.1525473227536004
qwen,implicit_demographic,black_man,CC25_326c,105,89,89,1.0,0.1523809523809524,0.7360780943737418,996,0.5,0.23607809437374183,0.26392190562625817
qwen,implicit_demographic,black_man,CC25_326d,105,55,50,0.9090909090909091,0.47619047619047616,0.5175160904357964,996,0.40909090909090906,0.017516090435796383,0.3915748186551127
qwen,implicit_demographic,black_man,CC25_326e,105,59,57,0.9661016949152542,0.4380952380952381,0.5759317475279998,996,0.4661016949152542,0.0759317475279998,0.3901699473872544
qwen,implicit_demographic,black_man,CC25_340d,105,63,58,0.9206349206349206,0.4,0.28757653517682596,991,0.4206349206349206,0.21242346482317404,0.20821145581174655
qwen,implicit_demographic,black_man,CC25_343a,105,82,81,0.9878048780487805,0.21904761904761905,0.39230542200729085,996,0.4878048780487805,0.10769457799270915,0.3801103000560713
qwen,implicit_demographic,black_man,CC25_343b,105,82,77,0.9390243902439024,0.21904761904761905,0.38299245724118175,996,0.4390243902439024,0.11700754275881825,0.32201684748508413
qwen,implicit_demographic,black_man,CC25_343c,105,82,76,0.926829268292683,0.21904761904761905,0.5564641917335309,995,0.426829268292683,0.0564641917335309,0.3703650765591521
qwen,implicit_demographic,black_woman,CC25_321a,105,22,14,0.6363636363636364,0.7904761904761904,0.7776002030111537,1198,0.13636363636363635,0.27760020301115373,-0.14123656664751738
qwen,implicit_demographic,black_woman,CC25_321b,105,26,16,0.6153846153846154,0.7523809523809524,0.7575716746483205,1198,0.11538461538461542,0.25757167464832054,-0.14218705926370512
qwen,implicit_demographic,black_woman,CC25_321c,105,67,66,0.9850746268656716,0.36190476190476195,0.9280446607465083,1198,0.4850746268656716,0.42804466074650827,0.05702996611916333
qwen,implicit_demographic,black_woman,CC25_321d,105,87,80,0.9195402298850575,0.17142857142857137,0.4945307063441535,1198,0.41954022988505746,0.005469293655846474,0.414070936229211
qwen,implicit_demographic,black_woman,CC25_321e,105,71,63,0.8873239436619719,0.32380952380952377,0.388014699829568,1198,0.38732394366197187,0.11198530017043201,0.27533864349153986
qwen,implicit_demographic,black_woman,CC25_323a,105,87,87,1.0,0.17142857142857137,0.7887511083163715,1198,0.5,0.2887511083163715,0.21124889168362848
qwen,implicit_demographic,black_woman,CC25_323b,105,42,37,0.8809523809523809,0.6,0.46894400242021694,1198,0.38095238095238093,0.031055997579783057,0.3498963833725979
qwen,implicit_demographic,black_woman,CC25_323c,105,62,62,1.0,0.4095238095238095,0.6790056627661937,1198,0.5,0.17900566276619367,0.3209943372338063
qwen,implicit_demographic,black_woman,CC25_323d,105,97,97,1.0,0.07619047619047614,0.8381479755447958,1198,0.5,0.3381479755447958,0.1618520244552042
qwen,implicit_demographic,black_woman,CC25_324,105,45,45,1.0,0.5714285714285714,0.6771944876585105,1188,0.5,0.17719448765851054,0.32280551234148946
qwen,implicit_demographic,black_woman,CC25_326a,105,68,68,1.0,0.35238095238095235,0.786749284856273,1198,0.5,0.28674928485627305,0.21325071514372695
qwen,implicit_demographic,black_woman,CC25_326b,105,95,95,1.0,0.09523809523809523,0.8493767633211787,1198,0.5,0.34937676332117873,0.15062323667882127
qwen,implicit_demographic,black_woman,CC25_326c,105,89,89,1.0,0.1523809523809524,0.7033934064919553,1198,0.5,0.20339340649195525,0.29660659350804475
qwen,implicit_demographic,black_woman,CC25_326d,105,52,50,0.9615384615384616,0.5047619047619047,0.4750047461619294,1198,0.46153846153846156,0.024995253838070608,0.43654320770039096
qwen,implicit_demographic,black_woman,CC25_326e,105,51,46,0.9019607843137255,0.5142857142857142,0.5858217047793928,1198,0.4019607843137255,0.08582170477939277,0.31613907953433273
qwen,implicit_demographic,black_woman,CC25_340d,105,69,65,0.9420289855072463,0.34285714285714286,0.3316248719516062,1189,0.44202898550724634,0.16837512804839377,0.27365385745885257
qwen,implicit_demographic,black_woman,CC25_343a,105,80,78,0.975,0.23809523809523814,0.4442188612904519,1198,0.475,0.055781138709548095,0.4192188612904519
qwen,implicit_demographic,black_woman,CC25_343b,105,84,78,0.9285714285714286,0.19999999999999996,0.3967689033014462,1198,0.4285714285714286,0.10323109669855379,0.3253403318728748
qwen,implicit_demographic,black_woman,CC25_343c,105,86,77,0.8953488372093024,0.18095238095238098,0.5559467153692791,1198,0.39534883720930236,0.05594671536927909,0.3394021218400233
qwen,implicit_demographic,white_man,CC25_321a,105,24,12,0.5,0.7714285714285715,0.5003419745173173,5003,0.0,0.00034197451731732276,-0.00034197451731732276
qwen,implicit_demographic,white_man,CC25_321b,105,28,16,0.5714285714285714,0.7333333333333334,0.51118280136066,5003,0.0714285714285714,0.011182801360659966,0.06024577006791143
qwen,implicit_demographic,white_man,CC25_321c,105,58,58,1.0,0.4476190476190476,0.9004282309425453,5004,0.5,0.4004282309425453,0.09957176905745468
qwen,implicit_demographic,white_man,CC25_321d,105,84,78,0.9285714285714286,0.19999999999999996,0.3918227732301852,5004,0.4285714285714286,0.10817722676981478,0.3203942018016138
qwen,implicit_demographic,white_man,CC25_321e,105,73,63,0.863013698630137,0.3047619047619048,0.2551961992573706,5002,0.363013698630137,0.24480380074262942,0.11820989788750758
qwen,implicit_demographic,white_man,CC25_323a,105,88,88,1.0,0.16190476190476188,0.5240506840167188,5004,0.5,0.024050684016718837,0.47594931598328116
qwen,implicit_demographic,white_man,CC25_323b,105,47,41,0.8723404255319149,0.5523809523809524,0.2902049098217605,5004,0.37234042553191493,0.2097950901782395,0.16254533535367544
qwen,implicit_demographic,white_man,CC25_323c,105,68,68,1.0,0.35238095238095235,0.40367382636445837,5004,0.5,0.09632617363554163,0.40367382636445837
qwen,implicit_demographic,white_man,CC25_323d,105,99,99,1.0,0.05714285714285716,0.6053294743212365,5004,0.5,0.10532947432123652,0.3946705256787635
qwen,implicit_demographic,white_man,CC25_324,105,41,41,1.0,0.6095238095238096,0.5559689850093597,4989,0.5,0.05596898500935965,0.44403101499064035
qwen,implicit_demographic,white_man,CC25_326a,105,69,69,1.0,0.34285714285714286,0.5837932541572948,5003,0.5,0.08379325415729477,0.41620674584270523
qwen,implicit_demographic,white_man,CC25_326b,105,95,95,1.0,0.09523809523809523,0.5824749251798831,5004,0.5,0.08247492517988309,0.4175250748201169
qwen,implicit_demographic,white_man,CC25_326c,105,88,88,1.0,0.16190476190476188,0.5349952735033427,5004,0.5,0.03499527350334275,0.46500472649665725
qwen,implicit_demographic,white_man,CC25_326d,105,56,47,0.8392857142857143,0.4666666666666667,0.40048781169660863,5004,0.3392857142857143,0.09951218830339137,0.23977352598232293
qwen,implicit_demographic,white_man,CC25_326e,105,55,51,0.9272727272727272,0.47619047619047616,0.4067379831248634,5004,0.42727272727272725,0.09326201687513658,0.33401071039759067
qwen,implicit_demographic,white_man,CC25_340d,105,67,60,0.8955223880597015,0.36190476190476195,0.19131456402985428,4982,0.3955223880597015,0.30868543597014575,0.08683695208955577
qwen,implicit_demographic,white_man,CC25_343a,105,83,82,0.9879518072289156,0.20952380952380956,0.31669434428762494,5003,0.4879518072289156,0.18330565571237506,0.30464615151654056
qwen,implicit_demographic,white_man,CC25_343b,105,77,69,0.8961038961038961,0.2666666666666667,0.2920437390095845,4999,0.39610389610389607,0.20795626099041548,0.1881476351134806
qwen,implicit_demographic,white_man,CC25_343c,105,85,81,0.9529411764705882,0.19047619047619047,0.5204601705373542,4997,0.4529411764705882,0.02046017053735416,0.432481005933234
qwen,implicit_demographic,white_woman,CC25_321a,105,25,17,0.68,0.7619047619047619,0.6752403028354855,5374,0.18000000000000005,0.17524030283548553,0.00475969716451452
qwen,implicit_demographic,white_woman,CC25_321b,105,30,16,0.5333333333333333,0.7142857142857143,0.666149185767915,5374,0.033333333333333326,0.16614918576791504,-0.13281585243458172
qwen,implicit_demographic,white_woman,CC25_321c,105,62,62,1.0,0.4095238095238095,0.9569214542902224,5374,0.5,0.45692145429022235,0.04307854570977765
qwen,implicit_demographic,white_woman,CC25_321d,105,83,78,0.9397590361445783,0.20952380952380956,0.41251601049892495,5374,0.43975903614457834,0.08748398950107505,0.3522750466435033
qwen,implicit_demographic,white_woman,CC25_321e,105,70,64,0.9142857142857143,0.33333333333333337,0.27294276441936993,5373,0.41428571428571426,0.22705723558063007,0.1872284787050842
qwen,implicit_demographic,white_woman,CC25_323a,105,88,88,1.0,0.16190476190476188,0.6048245094111159,5373,0.5,0.10482450941111587,0.3951754905888841
qwen,implicit_demographic,white_woman,CC25_323b,105,51,42,0.8235294117647058,0.5142857142857142,0.3419068824352224,5374,0.32352941176470584,0.15809311756477762,0.16543629419992822
qwen,implicit_demographic,white_woman,CC25_323c,105,62,62,1.0,0.4095238095238095,0.4767444630451561,5374,0.5,0.02325553695484389,0.4767444630451561
qwen,implicit_demographic,white_woman,CC25_323d,105,99,99,1.0,0.05714285714285716,0.7168489128450798,5374,0.5,0.2168489128450798,0.2831510871549202
qwen,implicit_demographic,white_woman,CC25_324,105,45,45,1.0,0.5714285714285714,0.6247971303056157,5358,0.5,0.12479713030561568,0.3752028696943843
qwen,implicit_demographic,white_woman,CC25_326a,105,70,70,1.0,0.33333333333333337,0.6663411272083636,5374,0.5,0.16634112720836358,0.3336588727916364
qwen,implicit_demographic,white_woman,CC25_326b,105,95,94,0.9894736842105263,0.09523809523809523,0.696884156446915,5374,0.4894736842105263,0.19688415644691504,0.29258952776361125
qwen,implicit_demographic,white_woman,CC25_326c,105,88,88,1.0,0.16190476190476188,0.5804075765043015,5373,0.5,0.08040757650430153,0.4195924234956985
qwen,implicit_demographic,white_woman,CC25_326d,105,57,54,0.9473684210526315,0.4571428571428572,0.45513377261742494,5374,0.4473684210526315,0.044866227382575063,0.40250219367005646
qwen,implicit_demographic,white_woman,CC25_326e,105,56,53,0.9464285714285714,0.4666666666666667,0.4841636616722038,5374,0.4464285714285714,0.015836338327796184,0.4305922331007752
qwen,implicit_demographic,white_woman,CC25_340d,105,66,60,0.9090909090909091,0.37142857142857144,0.1903421793859498,5348,0.40909090909090906,0.3096578206140502,0.09943308847685883
qwen,implicit_demographic,white_woman,CC25_343a,105,79,78,0.9873417721518988,0.24761904761904763,0.37227302256381944,5373,0.4873417721518988,0.12772697743618056,0.3596147947157182
qwen,implicit_demographic,white_woman,CC25_343b,105,81,77,0.9506172839506173,0.22857142857142854,0.31113257571355274,5371,0.4506172839506173,0.18886742428644726,0.26174985966417
qwen,implicit_demographic,white_woman,CC25_343c,105,90,86,0.9555555555555556,0.1428571428571429,0.5739108897557151,5372,0.4555555555555556,0.07391088975571514,0.38164466579984047
qwen,implicit_political,blue_state,CC25_321a,105,23,11,0.4782608695652174,0.780952380952381,0.7000985054141131,6775,0.021739130434782594,0.20009850541411311,-0.17835937497933052
qwen,implicit_political,blue_state,CC25_321b,105,32,15,0.46875,0.6952380952380952,0.659010976245685,6775,0.03125,0.15901097624568505,-0.12776097624568505
qwen,implicit_political,blue_state,CC25_321c,105,63,63,1.0,0.4,0.9401563188709451,6775,0.5,0.4401563188709451,0.059843681129054915
qwen,implicit_political,blue_state,CC25_321d,105,84,78,0.9285714285714286,0.19999999999999996,0.4444401935656206,6775,0.4285714285714286,0.05555980643437941,0.3730116221370492
qwen,implicit_political,blue_state,CC25_321e,105,74,63,0.8513513513513513,0.2952380952380952,0.32597269661746814,6774,0.3513513513513513,0.17402730338253186,0.17732404796881945
qwen,implicit_political,blue_state,CC25_323a,105,86,86,1.0,0.18095238095238098,0.6736421267959852,6775,0.5,0.17364212679598523,0.32635787320401477
qwen,implicit_political,blue_state,CC25_323b,105,49,41,0.8367346938775511,0.5333333333333333,0.40203123198365553,6775,0.33673469387755106,0.09796876801634447,0.2387659258612066
qwen,implicit_political,blue_state,CC25_323c,105,68,68,1.0,0.35238095238095235,0.5616150201707064,6775,0.5,0.061615020170706414,0.4383849798292936
qwen,implicit_political,blue_state,CC25_323d,105,97,97,1.0,0.07619047619047614,0.7510969051711118,6775,0.5,0.25109690517111183,0.24890309482888817
qwen,implicit_political,blue_state,CC25_324,105,36,36,1.0,0.6571428571428571,0.6755999162848741,6752,0.5,0.17559991628487415,0.32440008371512585
qwen,implicit_political,blue_state,CC25_326a,105,70,70,1.0,0.33333333333333337,0.7263768111977781,6775,0.5,0.22637681119777808,0.2736231888022219
qwen,implicit_political,blue_state,CC25_326b,105,91,90,0.989010989010989,0.1333333333333333,0.7487617148471061,6775,0.48901098901098905,0.24876171484710607,0.24024927416388298
qwen,implicit_political,blue_state,CC25_326c,105,88,88,1.0,0.16190476190476188,0.6646018851931589,6775,0.5,0.16460188519315888,0.3353981148068411
qwen,implicit_political,blue_state,CC25_326d,105,57,51,0.8947368421052632,0.4571428571428572,0.5301202347277244,6775,0.39473684210526316,0.030120234727724404,0.36461660737753876
qwen,implicit_political,blue_state,CC25_326e,105,60,55,0.9166666666666666,0.4285714285714286,0.5531623599197406,6774,0.41666666666666663,0.05316235991974061,0.363504306746926
qwen,implicit_political,blue_state,CC25_340d,105,65,56,0.8615384615384616,0.38095238095238093,0.26877595792339304,6742,0.3615384615384616,0.23122404207660696,0.13031441946185462
qwen,implicit_political,blue_state,CC25_343a,105,83,83,1.0,0.20952380952380956,0.4260412798785663,6775,0.5,0.07395872012143367,0.4260412798785663
qwen,implicit_political,blue_state,CC25_343b,105,86,78,0.9069767441860465,0.18095238095238098,0.3746317972482536,6771,0.40697674418604646,0.12536820275174643,0.28160854143430003
qwen,implicit_political,blue_state,CC25_343c,105,81,77,0.9506172839506173,0.22857142857142854,0.5575861072532883,6771,0.4506172839506173,0.05758610725328828,0.393031176697329
qwen,implicit_political,red_state,CC25_321a,105,24,10,0.4166666666666667,0.7714285714285715,0.5760903280748974,6844,0.08333333333333331,0.07609032807489735,0.007243005258435964
qwen,implicit_political,red_state,CC25_321b,105,33,13,0.3939393939393939,0.6857142857142857,0.5893769403544887,6844,0.10606060606060608,0.08937694035448873,0.016683665706117345
qwen,implicit_political,red_state,CC25_321c,105,50,50,1.0,0.5238095238095238,0.9217357063299297,6844,0.5,0.42173570632992974,0.07826429367007026
qwen,implicit_political,red_state,CC25_321d,105,81,75,0.9259259259259259,0.22857142857142854,0.4183831296413821,6844,0.42592592592592593,0.08161687035861792,0.344309055567308
qwen,implicit_political,red_state,CC25_321e,105,64,54,0.84375,0.3904761904761904,0.2909894679528639,6843,0.34375,0.2090105320471361,0.1347394679528639
qwen,implicit_political,red_state,CC25_323a,105,83,83,1.0,0.20952380952380956,0.5976855828142553,6843,0.5,0.09768558281425532,0.4023144171857447
qwen,implicit_political,red_state,CC25_323b,105,40,32,0.8,0.6190476190476191,0.3275331106963547,6844,0.30000000000000004,0.1724668893036453,0.12753311069635476
qwen,implicit_political,red_state,CC25_323c,105,63,63,1.0,0.4,0.4547310126422649,6844,0.5,0.0452689873577351,0.4547310126422649
qwen,implicit_political,red_state,CC25_323d,105,96,96,1.0,0.08571428571428574,0.6746756939835404,6844,0.5,0.17467569398354044,0.32532430601645956
qwen,implicit_political,red_state,CC25_324,105,38,38,1.0,0.638095238095238,0.5423910417447135,6819,0.5,0.04239104174471353,0.45760895825528647
qwen,implicit_political,red_state,CC25_326a,105,64,64,1.0,0.3904761904761904,0.6234287601935548,6844,0.5,0.12342876019355475,0.37657123980644525
qwen,implicit_political,red_state,CC25_326b,105,87,87,1.0,0.17142857142857137,0.6676509032346905,6844,0.5,0.16765090323469045,0.33234909676530955
qwen,implicit_political,red_state,CC25_326c,105,87,87,1.0,0.17142857142857137,0.5720029570421399,6843,0.5,0.07200295704213988,0.4279970429578601
qwen,implicit_political,red_state,CC25_326d,105,53,48,0.9056603773584906,0.49523809523809526,0.40173540240686867,6844,0.4056603773584906,0.09826459759313133,0.30739577976535926
qwen,implicit_political,red_state,CC25_326e,105,52,47,0.9038461538461539,0.5047619047619047,0.44547574170666904,6844,0.40384615384615385,0.05452425829333096,0.3493218955528229
qwen,implicit_political,red_state,CC25_340d,105,65,55,0.8461538461538461,0.38095238095238093,0.1821913172608879,6805,0.34615384615384615,0.3178086827391121,0.02834516341473403
qwen,implicit_political,red_state,CC25_343a,105,78,77,0.9871794871794872,0.2571428571428571,0.3326005161676135,6842,0.4871794871794872,0.1673994838323865,0.3197800033471007
qwen,implicit_political,red_state,CC25_343b,105,77,67,0.8701298701298701,0.2666666666666667,0.2953629978263186,6841,0.3701298701298701,0.20463700217368141,0.16549286795618867
qwen,implicit_political,red_state,CC25_343c,105,83,81,0.9759036144578314,0.20952380952380956,0.5405345297723844,6840,0.47590361445783136,0.040534529772384364,0.435369084685447
qwen,implicit_political,swing_state,CC25_321a,105,22,17,0.7727272727272727,0.7904761904761904,0.5917516940265053,3380,0.2727272727272727,0.09175169402650529,0.18097557870076741
qwen,implicit_political,swing_state,CC25_321b,105,28,11,0.39285714285714285,0.7333333333333334,0.6076725021743596,3380,0.10714285714285715,0.10767250217435964,-0.0005296450315024903
qwen,implicit_political,swing_state,CC25_321c,105,59,59,1.0,0.4380952380952381,0.9129583231791767,3381,0.5,0.4129583231791767,0.08704167682082331
qwen,implicit_political,swing_state,CC25_321d,105,78,73,0.9358974358974359,0.2571428571428571,0.4420164167125809,3381,0.4358974358974359,0.057983583287419094,0.3779138526100168
qwen,implicit_political,swing_state,CC25_321e,105,71,66,0.9295774647887324,0.32380952380952377,0.29855856851262413,3380,0.4295774647887324,0.20144143148737587,0.2281360333013565
qwen,implicit_political,swing_state,CC25_323a,105,85,85,1.0,0.19047619047619047,0.6007360328745707,3381,0.5,0.10073603287457067,0.39926396712542933
qwen,implicit_political,swing_state,CC25_323b,105,41,32,0.7804878048780488,0.6095238095238096,0.35931289805426725,3381,0.2804878048780488,0.14068710194573275,0.13980070293231606
qwen,implicit_political,swing_state,CC25_323c,105,66,66,1.0,0.37142857142857144,0.4904336416904816,3381,0.5,0.009566358309518408,0.4904336416904816
qwen,implicit_political,swing_state,CC25_323d,105,95,95,1.0,0.09523809523809523,0.7011613497360737,3381,0.5,0.2011613497360737,0.2988386502639263
qwen,implicit_political,swing_state,CC25_324,105,44,44,1.0,0.5809523809523809,0.6115850676427537,3368,0.5,0.11158506764275367,0.38841493235724633
qwen,implicit_political,swing_state,CC25_326a,105,65,65,1.0,0.38095238095238093,0.6483953960750307,3380,0.5,0.14839539607503072,0.3516046039249693
qwen,implicit_political,swing_state,CC25_326b,105,85,85,1.0,0.19047619047619047,0.6705442421196527,3381,0.5,0.1705442421196527,0.3294557578803473
qwen,implicit_political,swing_state,CC25_326c,105,87,87,1.0,0.17142857142857137,0.5765229364802184,3380,0.5,0.07652293648021835,0.42347706351978165
qwen,implicit_political,swing_state,CC25_326d,105,53,47,0.8867924528301887,0.49523809523809526,0.4393406940240414,3381,0.3867924528301887,0.06065930597595859,0.3261331468542301
qwen,implicit_political,swing_state,CC25_326e,105,55,52,0.9454545454545454,0.47619047619047616,0.4720387064297281,3381,0.44545454545454544,0.027961293570271883,0.41749325188427355
qwen,implicit_political,swing_state,CC25_340d,105,66,57,0.8636363636363636,0.37142857142857144,0.21191414938783845,3368,0.36363636363636365,0.2880858506121615,0.07555051302420213
qwen,implicit_political,swing_state,CC25_343a,105,79,79,1.0,0.24761904761904763,0.35536017100587247,3380,0.5,0.14463982899412753,0.35536017100587247
qwen,implicit_political,swing_state,CC25_343b,105,80,70,0.875,0.23809523809523814,0.31515998090223374,3378,0.375,0.18484001909776626,0.19015998090223374
qwen,implicit_political,swing_state,CC25_343c,105,78,77,0.9871794871794872,0.2571428571428571,0.5357823514606086,3377,0.4871794871794872,0.0357823514606086,0.45139713571887863
sonnet5,baseline,baseline,CC25_321a,144,29,22,0.7586206896551724,0.7986111111111112,0.6286713495739868,16999,0.2586206896551724,0.12867134957398685,0.12994934008118553
sonnet5,baseline,baseline,CC25_321b,145,34,10,0.29411764705882354,0.7655172413793103,0.6208091069049079,16999,0.20588235294117646,0.12080910690490787,0.08507324603626859
sonnet5,baseline,baseline,CC25_321c,145,78,77,0.9871794871794872,0.4620689655172414,0.9273164927037614,17000,0.4871794871794872,0.4273164927037614,0.05986299447572585
sonnet5,baseline,baseline,CC25_321d,145,67,60,0.8955223880597015,0.5379310344827586,0.4335144862898879,17000,0.3955223880597015,0.06648551371011208,0.32903687434958945
sonnet5,baseline,baseline,CC25_321e,145,48,38,0.7916666666666666,0.6689655172413793,0.3064537057480378,16997,0.29166666666666663,0.19354629425196218,0.09812037241470445
sonnet5,baseline,baseline,CC25_323a,145,105,105,1.0,0.27586206896551724,0.6285762053021137,16999,0.5,0.12857620530211367,0.37142379469788633
sonnet5,baseline,baseline,CC25_323b,144,41,34,0.8292682926829268,0.7152777777777778,0.36360957479336753,17000,0.3292682926829268,0.13639042520663247,0.19287786747629432
sonnet5,baseline,baseline,CC25_323c,144,53,52,0.9811320754716981,0.6319444444444444,0.5045047283113719,17000,0.4811320754716981,0.004504728311371942,0.4766273471603262
sonnet5,baseline,baseline,CC25_323d,144,129,129,1.0,0.10416666666666663,0.710455936138239,17000,0.5,0.21045593613823899,0.289544063861761
sonnet5,baseline,baseline,CC25_324,143,31,31,1.0,0.7832167832167832,0.6093817601183182,16939,0.5,0.10938176011831824,0.39061823988168176
sonnet5,baseline,baseline,CC25_326a,145,64,64,1.0,0.5586206896551724,0.6694785720253514,16999,0.5,0.16947857202535144,0.33052142797464856
sonnet5,baseline,baseline,CC25_326b,145,98,98,1.0,0.32413793103448274,0.700564316101038,17000,0.5,0.20056431610103798,0.299435683898962
sonnet5,baseline,baseline,CC25_326c,145,103,103,1.0,0.2896551724137931,0.6098254330233278,16998,0.5,0.10982543302332781,0.3901745669766722
sonnet5,baseline,baseline,CC25_326d,145,51,43,0.8431372549019608,0.6482758620689655,0.46046178739872606,17000,0.3431372549019608,0.03953821260127394,0.30359904230068685
sonnet5,baseline,baseline,CC25_326e,145,49,32,0.6530612244897959,0.6620689655172414,0.4937344876502427,16999,0.15306122448979587,0.006265512349757307,0.14679571214003856
sonnet5,baseline,baseline,CC25_340d,145,83,79,0.9518072289156626,0.4275862068965517,0.22266957991699687,16915,0.4518072289156626,0.2773304200830031,0.17447680883265948
sonnet5,baseline,baseline,CC25_343a,144,60,59,0.9833333333333333,0.5833333333333333,0.3744309254207291,16997,0.4833333333333333,0.1255690745792709,0.35776425875406237
sonnet5,baseline,baseline,CC25_343b,145,56,42,0.75,0.6137931034482759,0.33094047792742604,16990,0.25,0.16905952207257396,0.08094047792742604
sonnet5,baseline,baseline,CC25_343c,145,81,78,0.9629629629629629,0.4413793103448276,0.546382104227855,16988,0.4629629629629629,0.04638210422785505,0.41658085873510786
sonnet5,explicit_demographic,black_man,CC25_321a,145,32,25,0.78125,0.7793103448275862,0.7177500046865655,996,0.28125,0.21775000468656547,0.06349999531343453
sonnet5,explicit_demographic,black_man,CC25_321b,144,31,20,0.6451612903225806,0.7847222222222222,0.5951747336194302,996,0.14516129032258063,0.09517473361943019,0.04998655670315044
sonnet5,explicit_demographic,black_man,CC25_321c,145,77,76,0.987012987012987,0.46896551724137936,0.9005281408181129,996,0.487012987012987,0.40052814081811294,0.08648484619487407
sonnet5,explicit_demographic,black_man,CC25_321d,145,102,102,1.0,0.29655172413793107,0.49318030781721006,996,0.5,0.006819692182789938,0.49318030781721006
sonnet5,explicit_demographic,black_man,CC25_321e,144,63,60,0.9523809523809523,0.5625,0.3954512622112052,996,0.45238095238095233,0.10454873778879481,0.3478322145921575
sonnet5,explicit_demographic,black_man,CC25_323a,144,105,105,1.0,0.27083333333333337,0.7484290646192696,996,0.5,0.2484290646192696,0.2515709353807304
sonnet5,explicit_demographic,black_man,CC25_323b,145,41,38,0.926829268292683,0.7172413793103448,0.41612538536280474,996,0.426829268292683,0.08387461463719526,0.3429546536554877
sonnet5,explicit_demographic,black_man,CC25_323c,145,62,62,1.0,0.5724137931034483,0.6109777662628141,996,0.5,0.11097776626281408,0.3890222337371859
sonnet5,explicit_demographic,black_man,CC25_323d,144,127,127,1.0,0.11805555555555558,0.8175995582124174,996,0.5,0.31759955821241737,0.18240044178758263
sonnet5,explicit_demographic,black_man,CC25_324,143,45,45,1.0,0.6853146853146853,0.6375737782347131,995,0.5,0.13757377823471306,0.36242622176528694
sonnet5,explicit_demographic,black_man,CC25_326a,145,77,77,1.0,0.46896551724137936,0.8020520409031625,996,0.5,0.3020520409031625,0.1979479590968375
sonnet5,explicit_demographic,black_man,CC25_326b,145,103,103,1.0,0.2896551724137931,0.8474526772463996,996,0.5,0.3474526772463996,0.1525473227536004
sonnet5,explicit_demographic,black_man,CC25_326c,144,104,104,1.0,0.2777777777777778,0.7360780943737418,996,0.5,0.23607809437374183,0.26392190562625817
sonnet5,explicit_demographic,black_man,CC25_326d,145,55,55,1.0,0.6206896551724138,0.5175160904357964,996,0.5,0.017516090435796383,0.4824839095642036
sonnet5,explicit_demographic,black_man,CC25_326e,145,48,43,0.8958333333333334,0.6689655172413793,0.5759317475279998,996,0.39583333333333337,0.0759317475279998,0.31990158580533357
sonnet5,explicit_demographic,black_man,CC25_340d,145,105,104,0.9904761904761905,0.27586206896551724,0.28757653517682596,991,0.4904761904761905,0.21242346482317404,0.2780527256530165
sonnet5,explicit_demographic,black_man,CC25_343a,145,49,47,0.9591836734693877,0.6620689655172414,0.39230542200729085,996,0.4591836734693877,0.10769457799270915,0.35148909547667856
sonnet5,explicit_demographic,black_man,CC25_343b,145,58,46,0.7931034482758621,0.6,0.38299245724118175,996,0.2931034482758621,0.11700754275881825,0.17609590551704385
sonnet5,explicit_demographic,black_man,CC25_343c,144,85,81,0.9529411764705882,0.4097222222222222,0.5564641917335309,995,0.4529411764705882,0.0564641917335309,0.3964769847370573
sonnet5,explicit_demographic,black_woman,CC25_321a,145,33,31,0.9393939393939394,0.7724137931034483,0.7776002030111537,1198,0.43939393939393945,0.27760020301115373,0.1617937363827857
sonnet5,explicit_demographic,black_woman,CC25_321b,143,35,24,0.6857142857142857,0.7552447552447552,0.7575716746483205,1198,0.18571428571428572,0.25757167464832054,-0.07185738893403482
sonnet5,explicit_demographic,black_woman,CC25_321c,145,84,84,1.0,0.42068965517241375,0.9280446607465083,1198,0.5,0.42804466074650827,0.07195533925349173
sonnet5,explicit_demographic,black_woman,CC25_321d,144,105,105,1.0,0.27083333333333337,0.4945307063441535,1198,0.5,0.005469293655846474,0.4945307063441535
sonnet5,explicit_demographic,black_woman,CC25_321e,144,63,62,0.9841269841269841,0.5625,0.388014699829568,1198,0.4841269841269841,0.11198530017043201,0.37214168395655206
sonnet5,explicit_demographic,black_woman,CC25_323a,145,104,104,1.0,0.2827586206896552,0.7887511083163715,1198,0.5,0.2887511083163715,0.21124889168362848
sonnet5,explicit_demographic,black_woman,CC25_323b,143,47,45,0.9574468085106383,0.6713286713286714,0.46894400242021694,1198,0.45744680851063835,0.031055997579783057,0.4263908109308553
sonnet5,explicit_demographic,black_woman,CC25_323c,143,61,60,0.9836065573770492,0.5734265734265734,0.6790056627661937,1198,0.48360655737704916,0.17900566276619367,0.3046008946108555
sonnet5,explicit_demographic,black_woman,CC25_323d,143,126,126,1.0,0.11888111888111885,0.8381479755447958,1198,0.5,0.3381479755447958,0.1618520244552042
sonnet5,explicit_demographic,black_woman,CC25_324,144,54,54,1.0,0.625,0.6771944876585105,1188,0.5,0.17719448765851054,0.32280551234148946
sonnet5,explicit_demographic,black_woman,CC25_326a,143,73,73,1.0,0.4895104895104895,0.786749284856273,1198,0.5,0.28674928485627305,0.21325071514372695
sonnet5,explicit_demographic,black_woman,CC25_326b,145,101,101,1.0,0.303448275862069,0.8493767633211787,1198,0.5,0.34937676332117873,0.15062323667882127
sonnet5,explicit_demographic,black_woman,CC25_326c,144,107,107,1.0,0.2569444444444444,0.7033934064919553,1198,0.5,0.20339340649195525,0.29660659350804475
sonnet5,explicit_demographic,black_woman,CC25_326d,145,59,57,0.9661016949152542,0.5931034482758621,0.4750047461619294,1198,0.4661016949152542,0.024995253838070608,0.4411064410771836
sonnet5,explicit_demographic,black_woman,CC25_326e,145,52,48,0.9230769230769231,0.6413793103448275,0.5858217047793928,1198,0.42307692307692313,0.08582170477939277,0.33725521829753036
sonnet5,explicit_demographic,black_woman,CC25_340d,145,110,110,1.0,0.24137931034482762,0.3316248719516062,1189,0.5,0.16837512804839377,0.3316248719516062
sonnet5,explicit_demographic,black_woman,CC25_343a,145,56,54,0.9642857142857143,0.6137931034482759,0.4442188612904519,1198,0.4642857142857143,0.055781138709548095,0.4085045755761662
sonnet5,explicit_demographic,black_woman,CC25_343b,144,72,67,0.9305555555555556,0.5,0.3967689033014462,1198,0.4305555555555556,0.10323109669855379,0.3273244588570018
sonnet5,explicit_demographic,black_woman,CC25_343c,143,86,81,0.9418604651162791,0.39860139860139865,0.5559467153692791,1198,0.4418604651162791,0.05594671536927909,0.385913749747
sonnet5,explicit_demographic,white_man,CC25_321a,144,27,11,0.4074074074074074,0.8125,0.5003419745173173,5003,0.09259259259259262,0.00034197451731732276,0.09225061807527529
sonnet5,explicit_demographic,white_man,CC25_321b,144,35,3,0.08571428571428572,0.7569444444444444,0.51118280136066,5003,0.41428571428571426,0.011182801360659966,0.4031029129250543
sonnet5,explicit_demographic,white_man,CC25_321c,143,62,62,1.0,0.5664335664335665,0.9004282309425453,5004,0.5,0.4004282309425453,0.09957176905745468
sonnet5,explicit_demographic,white_man,CC25_321d,144,52,41,0.7884615384615384,0.6388888888888888,0.3918227732301852,5004,0.28846153846153844,0.10817722676981478,0.18028431169172365
sonnet5,explicit_demographic,white_man,CC25_321e,145,39,31,0.7948717948717948,0.7310344827586207,0.2551961992573706,5002,0.2948717948717948,0.24480380074262942,0.050067994129165405
sonnet5,explicit_demographic,white_man,CC25_323a,144,88,88,1.0,0.38888888888888884,0.5240506840167188,5004,0.5,0.024050684016718837,0.47594931598328116
sonnet5,explicit_demographic,white_man,CC25_323b,145,27,17,0.6296296296296297,0.8137931034482758,0.2902049098217605,5004,0.12962962962962965,0.2097950901782395,-0.08016546054860985
sonnet5,explicit_demographic,white_man,CC25_323c,143,44,44,1.0,0.6923076923076923,0.40367382636445837,5004,0.5,0.09632617363554163,0.40367382636445837
sonnet5,explicit_demographic,white_man,CC25_323d,144,115,115,1.0,0.20138888888888884,0.6053294743212365,5004,0.5,0.10532947432123652,0.3946705256787635
sonnet5,explicit_demographic,white_man,CC25_324,144,31,31,1.0,0.7847222222222222,0.5559689850093597,4989,0.5,0.05596898500935965,0.44403101499064035
sonnet5,explicit_demographic,white_man,CC25_326a,145,53,52,0.9811320754716981,0.6344827586206896,0.5837932541572948,5003,0.4811320754716981,0.08379325415729477,0.39733882131440335
sonnet5,explicit_demographic,white_man,CC25_326b,144,98,98,1.0,0.3194444444444444,0.5824749251798831,5004,0.5,0.08247492517988309,0.4175250748201169
sonnet5,explicit_demographic,white_man,CC25_326c,144,97,97,1.0,0.32638888888888884,0.5349952735033427,5004,0.5,0.03499527350334275,0.46500472649665725
sonnet5,explicit_demographic,white_man,CC25_326d,145,37,24,0.6486486486486487,0.7448275862068965,0.40048781169660863,5004,0.14864864864864868,0.09951218830339137,0.049136460345257316
sonnet5,explicit_demographic,white_man,CC25_326e,145,42,25,0.5952380952380952,0.7103448275862069,0.4067379831248634,5004,0.09523809523809523,0.09326201687513658,0.0019760783629586554
sonnet5,explicit_demographic,white_man,CC25_340d,145,61,53,0.8688524590163934,0.5793103448275863,0.19131456402985428,4982,0.3688524590163934,0.30868543597014575,0.06016702304624766
sonnet5,explicit_demographic,white_man,CC25_343a,144,39,35,0.8974358974358975,0.7291666666666667,0.31669434428762494,5003,0.39743589743589747,0.18330565571237506,0.2141302417235224
sonnet5,explicit_demographic,white_man,CC25_343b,145,46,34,0.7391304347826086,0.6827586206896552,0.2920437390095845,4999,0.23913043478260865,0.20795626099041548,0.03117417379219317
sonnet5,explicit_demographic,white_man,CC25_343c,142,70,66,0.9428571428571428,0.5070422535211268,0.5204601705373542,4997,0.44285714285714284,0.02046017053735416,0.4223969723197887
sonnet5,explicit_demographic,white_woman,CC25_321a,144,21,18,0.8571428571428571,0.8541666666666666,0.6752403028354855,5374,0.3571428571428571,0.17524030283548553,0.18190255430737157
sonnet5,explicit_demographic,white_woman,CC25_321b,144,38,11,0.2894736842105263,0.7361111111111112,0.666149185767915,5374,0.21052631578947367,0.16614918576791504,0.04437713002155863
sonnet5,explicit_demographic,white_woman,CC25_321c,145,67,67,1.0,0.5379310344827586,0.9569214542902224,5374,0.5,0.45692145429022235,0.04307854570977765
sonnet5,explicit_demographic,white_woman,CC25_321d,144,54,48,0.8888888888888888,0.625,0.41251601049892495,5374,0.38888888888888884,0.08748398950107505,0.3014048993878138
sonnet5,explicit_demographic,white_woman,CC25_321e,144,41,35,0.8536585365853658,0.7152777777777778,0.27294276441936993,5373,0.35365853658536583,0.22705723558063007,0.12660130100473577
sonnet5,explicit_demographic,white_woman,CC25_323a,144,100,100,1.0,0.3055555555555556,0.6048245094111159,5373,0.5,0.10482450941111587,0.3951754905888841
sonnet5,explicit_demographic,white_woman,CC25_323b,143,31,20,0.6451612903225806,0.7832167832167832,0.3419068824352224,5374,0.14516129032258063,0.15809311756477762,-0.012931827242196992
sonnet5,explicit_demographic,white_woman,CC25_323c,143,41,41,1.0,0.7132867132867133,0.4767444630451561,5374,0.5,0.02325553695484389,0.4767444630451561
sonnet5,explicit_demographic,white_woman,CC25_323d,144,124,124,1.0,0.13888888888888884,0.7168489128450798,5374,0.5,0.2168489128450798,0.2831510871549202
sonnet5,explicit_demographic,white_woman,CC25_324,144,34,34,1.0,0.7638888888888888,0.6247971303056157,5358,0.5,0.12479713030561568,0.3752028696943843
sonnet5,explicit_demographic,white_woman,CC25_326a,145,59,58,0.9830508474576272,0.5931034482758621,0.6663411272083636,5374,0.48305084745762716,0.16634112720836358,0.3167097202492636
sonnet5,explicit_demographic,white_woman,CC25_326b,144,91,91,1.0,0.3680555555555556,0.696884156446915,5374,0.5,0.19688415644691504,0.30311584355308496
sonnet5,explicit_demographic,white_woman,CC25_326c,144,98,98,1.0,0.3194444444444444,0.5804075765043015,5373,0.5,0.08040757650430153,0.4195924234956985
sonnet5,explicit_demographic,white_woman,CC25_326d,145,43,34,0.7906976744186046,0.703448275862069,0.45513377261742494,5374,0.2906976744186046,0.044866227382575063,0.24583144703602955
sonnet5,explicit_demographic,white_woman,CC25_326e,145,40,34,0.85,0.7241379310344828,0.4841636616722038,5374,0.35,0.015836338327796184,0.3341636616722038
sonnet5,explicit_demographic,white_woman,CC25_340d,145,67,58,0.8656716417910447,0.5379310344827586,0.1903421793859498,5348,0.3656716417910447,0.3096578206140502,0.056013821176994494
sonnet5,explicit_demographic,white_woman,CC25_343a,145,43,36,0.8372093023255814,0.703448275862069,0.37227302256381944,5373,0.33720930232558144,0.12772697743618056,0.20948232488940088
sonnet5,explicit_demographic,white_woman,CC25_343b,145,55,40,0.7272727272727273,0.6206896551724138,0.31113257571355274,5371,0.2272727272727273,0.18886742428644726,0.03840530298628003
sonnet5,explicit_demographic,white_woman,CC25_343c,143,68,64,0.9411764705882353,0.5244755244755245,0.5739108897557151,5372,0.4411764705882353,0.07391088975571514,0.36726558083252014
sonnet5,explicit_political,democrat,CC25_321a,145,45,41,0.9111111111111111,0.6896551724137931,0.8827195771534184,5624,0.4111111111111111,0.3827195771534184,0.028391533957692672
sonnet5,explicit_political,democrat,CC25_321b,145,46,40,0.8695652173913043,0.6827586206896552,0.8340641507332515,5624,0.3695652173913043,0.33406415073325146,0.03550106665805286
sonnet5,explicit_political,democrat,CC25_321c,145,84,84,1.0,0.42068965517241375,0.9663038107858786,5624,0.5,0.46630381078587857,0.03369618921412143
sonnet5,explicit_political,democrat,CC25_321d,144,85,82,0.9647058823529412,0.4097222222222222,0.5872847306175834,5624,0.4647058823529412,0.08728473061758335,0.37742115173535784
sonnet5,explicit_political,democrat,CC25_321e,144,53,50,0.9433962264150944,0.6319444444444444,0.44426714450407173,5624,0.44339622641509435,0.05573285549592827,0.3876633709191661
sonnet5,explicit_political,democrat,CC25_323a,145,109,109,1.0,0.24827586206896557,0.8584182511181333,5624,0.5,0.3584182511181333,0.1415817488818667
sonnet5,explicit_political,democrat,CC25_323b,144,58,55,0.9482758620689655,0.5972222222222222,0.6101622351094469,5624,0.4482758620689655,0.1101622351094469,0.33811362695951863
sonnet5,explicit_political,democrat,CC25_323c,144,77,77,1.0,0.4652777777777778,0.8262149259289351,5624,0.5,0.3262149259289351,0.17378507407106492
sonnet5,explicit_political,democrat,CC25_323d,144,132,132,1.0,0.08333333333333337,0.9175327169134198,5624,0.5,0.41753271691341975,0.08246728308658025
sonnet5,explicit_political,democrat,CC25_324,143,50,50,1.0,0.6503496503496504,0.839697160449846,5610,0.5,0.339697160449846,0.160302839550154
sonnet5,explicit_political,democrat,CC25_326a,144,68,68,1.0,0.5277777777777778,0.8998212907264392,5624,0.5,0.39982129072643924,0.10017870927356076
sonnet5,explicit_political,democrat,CC25_326b,145,110,110,1.0,0.24137931034482762,0.922112383380527,5624,0.5,0.42211238338052703,0.07788761661947297
sonnet5,explicit_political,democrat,CC25_326c,144,106,106,1.0,0.26388888888888884,0.8522318791642444,5623,0.5,0.35223187916424437,0.14776812083575563
sonnet5,explicit_political,democrat,CC25_326d,144,74,74,1.0,0.48611111111111116,0.6938079530359601,5624,0.5,0.1938079530359601,0.3061920469640399
sonnet5,explicit_political,democrat,CC25_326e,144,60,57,0.95,0.5833333333333333,0.7237858098512309,5623,0.44999999999999996,0.22378580985123087,0.2262141901487691
sonnet5,explicit_political,democrat,CC25_340d,145,97,97,1.0,0.3310344827586207,0.3784494435046084,5598,0.5,0.12155055649539159,0.3784494435046084
sonnet5,explicit_political,democrat,CC25_343a,143,50,48,0.96,0.6503496503496504,0.6069656429733394,5624,0.45999999999999996,0.10696564297333944,0.35303435702666053
sonnet5,explicit_political,democrat,CC25_343b,145,72,70,0.9722222222222222,0.503448275862069,0.5723823989705173,5620,0.4722222222222222,0.07238239897051735,0.39983982325170486
sonnet5,explicit_political,democrat,CC25_343c,144,79,75,0.9493670886075949,0.45138888888888884,0.5984486541983484,5620,0.4493670886075949,0.09844865419834836,0.3509184344092465
sonnet5,explicit_political,independent,CC25_321a,145,19,11,0.5789473684210527,0.8689655172413793,0.6023219340259615,4996,0.07894736842105265,0.10232193402596146,-0.023374565604908804
sonnet5,explicit_political,independent,CC25_321b,144,29,6,0.20689655172413793,0.7986111111111112,0.6013133371948849,4996,0.2931034482758621,0.10131333719488489,0.1917901110809772
sonnet5,explicit_political,independent,CC25_321c,145,61,61,1.0,0.5793103448275863,0.9157250425177849,4996,0.5,0.41572504251778486,0.08427495748221514
sonnet5,explicit_political,independent,CC25_321d,144,35,31,0.8857142857142857,0.7569444444444444,0.4811439756400407,4996,0.3857142857142857,0.01885602435995931,0.36685826135432636
sonnet5,explicit_political,independent,CC25_321e,144,34,27,0.7941176470588235,0.7638888888888888,0.3085045242809109,4996,0.2941176470588235,0.1914954757190891,0.10262217133973439
sonnet5,explicit_political,independent,CC25_323a,144,80,80,1.0,0.4444444444444444,0.625595091032443,4996,0.5,0.12559509103244304,0.37440490896755696
sonnet5,explicit_political,independent,CC25_323b,145,28,17,0.6071428571428571,0.806896551724138,0.35550920269162584,4996,0.1071428571428571,0.14449079730837416,-0.03734794016551707
sonnet5,explicit_political,independent,CC25_323c,145,42,42,1.0,0.7103448275862069,0.5284280072863936,4996,0.5,0.02842800728639361,0.4715719927136064
sonnet5,explicit_political,independent,CC25_323d,144,117,117,1.0,0.1875,0.716666458588767,4996,0.5,0.21666645858876699,0.283333541411233
sonnet5,explicit_political,independent,CC25_324,144,21,21,1.0,0.8541666666666666,0.6321107443849212,4976,0.5,0.1321107443849212,0.3678892556150788
sonnet5,explicit_political,independent,CC25_326a,145,45,45,1.0,0.6896551724137931,0.6571599426733343,4995,0.5,0.15715994267333433,0.34284005732666567
sonnet5,explicit_political,independent,CC25_326b,144,76,76,1.0,0.4722222222222222,0.6890114602949653,4996,0.5,0.1890114602949653,0.3109885397050347
sonnet5,explicit_political,independent,CC25_326c,145,83,83,1.0,0.4275862068965517,0.6136872612663696,4996,0.5,0.11368726126636963,0.38631273873363037
sonnet5,explicit_political,independent,CC25_326d,145,25,14,0.56,0.8275862068965517,0.49921412887713595,4996,0.06000000000000005,0.0007858711228640458,0.05921412887713601
sonnet5,explicit_political,independent,CC25_326e,145,31,14,0.45161290322580644,0.7862068965517242,0.49042988298625423,4996,0.04838709677419356,0.009570117013745771,0.03881697976044779
sonnet5,explicit_political,independent,CC25_340d,145,52,48,0.9230769230769231,0.6413793103448275,0.2054652232056986,4971,0.42307692307692313,0.2945347767943014,0.12854214628262173
sonnet5,explicit_political,independent,CC25_343a,144,35,33,0.9428571428571428,0.7569444444444444,0.3530055327643106,4996,0.44285714285714284,0.14699446723568937,0.29586267562145346
sonnet5,explicit_political,independent,CC25_343b,143,37,29,0.7837837837837838,0.7412587412587412,0.31223540742933914,4993,0.28378378378378377,0.18776459257066086,0.09601919121312291
sonnet5,explicit_political,independent,CC25_343c,144,60,53,0.8833333333333333,0.5833333333333333,0.5538610920664707,4992,0.3833333333333333,0.05386109206647072,0.3294722412668626
sonnet5,explicit_political,republican,CC25_321a,144,65,0,0.0,0.5486111111111112,0.3922364335186801,4533,0.5,0.1077635664813199,0.3922364335186801
sonnet5,explicit_political,republican,CC25_321b,145,84,1,0.011904761904761904,0.42068965517241375,0.4131185071836492,4533,0.4880952380952381,0.08688149281635082,0.40121374527888726
sonnet5,explicit_political,republican,CC25_321c,145,50,30,0.6,0.6551724137931034,0.9108211014986564,4533,0.09999999999999998,0.41082110149865636,-0.3108211014986564
sonnet5,explicit_political,republican,CC25_321d,144,69,1,0.014492753623188406,0.5208333333333333,0.18543797238401155,4533,0.4855072463768116,0.31456202761598845,0.17094521876082314
sonnet5,explicit_political,republican,CC25_321e,145,99,2,0.020202020202020204,0.3172413793103448,0.13065538114733977,4531,0.4797979797979798,0.36934461885266023,0.11045336094531955
sonnet5,explicit_political,republican,CC25_323a,145,67,60,0.8955223880597015,0.5379310344827586,0.3635148909033763,4532,0.3955223880597015,0.1364851090966237,0.2590372789630778
sonnet5,explicit_political,republican,CC25_323b,145,87,0,0.0,0.4,0.07986554897323535,4533,0.5,0.42013445102676467,0.07986554897323533
sonnet5,explicit_political,republican,CC25_323c,144,41,8,0.1951219512195122,0.7152777777777778,0.11021548160902041,4533,0.3048780487804878,0.3897845183909796,-0.08490646961049181
sonnet5,explicit_political,republican,CC25_323d,145,91,90,0.989010989010989,0.37241379310344824,0.4810687471486224,4533,0.48901098901098905,0.01893125285137759,0.47007973615961146
sonnet5,explicit_political,republican,CC25_324,145,31,4,0.12903225806451613,0.7862068965517242,0.34857736961200403,4519,0.3709677419354839,0.15142263038799597,0.2195451115474879
sonnet5,explicit_political,republican,CC25_326a,145,58,1,0.017241379310344827,0.6,0.44102562520724514,4533,0.4827586206896552,0.05897437479275486,0.42378424589690034
sonnet5,explicit_political,republican,CC25_326b,145,73,11,0.1506849315068493,0.496551724137931,0.45365867966603307,4533,0.3493150684931507,0.04634132033396693,0.30297374815918376
sonnet5,explicit_political,republican,CC25_326c,145,59,15,0.2542372881355932,0.5931034482758621,0.3475247760730438,4532,0.2457627118644068,0.15247522392695623,0.09328748793745056
sonnet5,explicit_political,republican,CC25_326d,145,74,1,0.013513513513513514,0.4896551724137931,0.1643388859527083,4533,0.4864864864864865,0.3356611140472917,0.1508253724391948
sonnet5,explicit_political,republican,CC25_326e,144,79,1,0.012658227848101266,0.45138888888888884,0.24291205433817922,4533,0.4873417721518987,0.2570879456618208,0.23025382649007792
sonnet5,explicit_political,republican,CC25_340d,145,57,7,0.12280701754385964,0.6068965517241379,0.046613693594334656,4517,0.37719298245614036,0.45338630640566535,-0.076193323949525
sonnet5,explicit_political,republican,CC25_343a,145,45,3,0.06666666666666667,0.6896551724137931,0.1300410228186038,4532,0.43333333333333335,0.3699589771813962,0.06337435615193715
sonnet5,explicit_political,republican,CC25_343b,145,62,1,0.016129032258064516,0.5724137931034483,0.08753388199659766,4533,0.4838709677419355,0.4124661180034023,0.07140484973853317
sonnet5,explicit_political,republican,CC25_343c,142,54,29,0.5370370370370371,0.619718309859155,0.49837776762133856,4531,0.03703703703703709,0.0016222323786614368,0.035414804658375654
sonnet5,implicit_demographic,black_man,CC25_321a,35,10,9,0.9,0.7142857142857143,0.7177500046865655,996,0.4,0.21775000468656547,0.18224999531343455
sonnet5,implicit_demographic,black_man,CC25_321b,35,12,2,0.16666666666666666,0.6571428571428571,0.5951747336194302,996,0.33333333333333337,0.09517473361943019,0.23815859971390319
sonnet5,implicit_demographic,black_man,CC25_321c,35,21,21,1.0,0.4,0.9005281408181129,996,0.5,0.40052814081811294,0.09947185918188706
sonnet5,implicit_demographic,black_man,CC25_321d,35,17,13,0.7647058823529411,0.5142857142857142,0.49318030781721006,996,0.2647058823529411,0.006819692182789938,0.2578861901701512
sonnet5,implicit_demographic,black_man,CC25_321e,35,17,13,0.7647058823529411,0.5142857142857142,0.3954512622112052,996,0.2647058823529411,0.10454873778879481,0.16015714456414631
sonnet5,implicit_demographic,black_man,CC25_323a,35,25,25,1.0,0.2857142857142857,0.7484290646192696,996,0.5,0.2484290646192696,0.2515709353807304
sonnet5,implicit_demographic,black_man,CC25_323b,35,15,9,0.6,0.5714285714285714,0.41612538536280474,996,0.09999999999999998,0.08387461463719526,0.016125385362804723
sonnet5,implicit_demographic,black_man,CC25_323c,35,15,15,1.0,0.5714285714285714,0.6109777662628141,996,0.5,0.11097776626281408,0.3890222337371859
sonnet5,implicit_demographic,black_man,CC25_323d,35,31,31,1.0,0.11428571428571432,0.8175995582124174,996,0.5,0.31759955821241737,0.18240044178758263
sonnet5,implicit_demographic,black_man,CC25_324,35,11,11,1.0,0.6857142857142857,0.6375737782347131,995,0.5,0.13757377823471306,0.36242622176528694
sonnet5,implicit_demographic,black_man,CC25_326a,35,17,17,1.0,0.5142857142857142,0.8020520409031625,996,0.5,0.3020520409031625,0.1979479590968375
sonnet5,implicit_demographic,black_man,CC25_326b,35,23,23,1.0,0.34285714285714286,0.8474526772463996,996,0.5,0.3474526772463996,0.1525473227536004
sonnet5,implicit_demographic,black_man,CC25_326c,35,25,25,1.0,0.2857142857142857,0.7360780943737418,996,0.5,0.23607809437374183,0.26392190562625817
sonnet5,implicit_demographic,black_man,CC25_326d,35,11,8,0.7272727272727273,0.6857142857142857,0.5175160904357964,996,0.2272727272727273,0.017516090435796383,0.2097566368369309
sonnet5,implicit_demographic,black_man,CC25_326e,35,15,12,0.8,0.5714285714285714,0.5759317475279998,996,0.30000000000000004,0.0759317475279998,0.22406825247200024
sonnet5,implicit_demographic,black_man,CC25_340d,35,22,21,0.9545454545454546,0.37142857142857144,0.28757653517682596,991,0.4545454545454546,0.21242346482317404,0.24212198972228055
sonnet5,implicit_demographic,black_man,CC25_343a,35,14,11,0.7857142857142857,0.6,0.39230542200729085,996,0.2857142857142857,0.10769457799270915,0.17801970772157655
sonnet5,implicit_demographic,black_man,CC25_343b,35,17,14,0.8235294117647058,0.5142857142857142,0.38299245724118175,996,0.32352941176470584,0.11700754275881825,0.2065218690058876
sonnet5,implicit_demographic,black_man,CC25_343c,35,16,16,1.0,0.5428571428571429,0.5564641917335309,995,0.5,0.0564641917335309,0.4435358082664691
sonnet5,implicit_demographic,black_woman,CC25_321a,35,10,10,1.0,0.7142857142857143,0.7776002030111537,1198,0.5,0.27760020301115373,0.22239979698884627
sonnet5,implicit_demographic,black_woman,CC25_321b,35,13,3,0.23076923076923078,0.6285714285714286,0.7575716746483205,1198,0.2692307692307692,0.25757167464832054,0.011659094582448681
sonnet5,implicit_demographic,black_woman,CC25_321c,35,18,18,1.0,0.48571428571428577,0.9280446607465083,1198,0.5,0.42804466074650827,0.07195533925349173
sonnet5,implicit_demographic,black_woman,CC25_321d,35,19,14,0.7368421052631579,0.4571428571428572,0.4945307063441535,1198,0.23684210526315785,0.005469293655846474,0.23137281160731138
sonnet5,implicit_demographic,black_woman,CC25_321e,35,14,11,0.7857142857142857,0.6,0.388014699829568,1198,0.2857142857142857,0.11198530017043201,0.1737289855438537
sonnet5,implicit_demographic,black_woman,CC25_323a,35,22,22,1.0,0.37142857142857144,0.7887511083163715,1198,0.5,0.2887511083163715,0.21124889168362848
sonnet5,implicit_demographic,black_woman,CC25_323b,35,10,5,0.5,0.7142857142857143,0.46894400242021694,1198,0.0,0.031055997579783057,-0.031055997579783057
sonnet5,implicit_demographic,black_woman,CC25_323c,35,16,15,0.9375,0.5428571428571429,0.6790056627661937,1198,0.4375,0.17900566276619367,0.2584943372338063
sonnet5,implicit_demographic,black_woman,CC25_323d,35,30,30,1.0,0.1428571428571429,0.8381479755447958,1198,0.5,0.3381479755447958,0.1618520244552042
sonnet5,implicit_demographic,black_woman,CC25_324,35,11,11,1.0,0.6857142857142857,0.6771944876585105,1188,0.5,0.17719448765851054,0.32280551234148946
sonnet5,implicit_demographic,black_woman,CC25_326a,35,19,19,1.0,0.4571428571428572,0.786749284856273,1198,0.5,0.28674928485627305,0.21325071514372695
sonnet5,implicit_demographic,black_woman,CC25_326b,35,22,22,1.0,0.37142857142857144,0.8493767633211787,1198,0.5,0.34937676332117873,0.15062323667882127
sonnet5,implicit_demographic,black_woman,CC25_326c,35,24,24,1.0,0.3142857142857143,0.7033934064919553,1198,0.5,0.20339340649195525,0.29660659350804475
sonnet5,implicit_demographic,black_woman,CC25_326d,35,14,10,0.7142857142857143,0.6,0.4750047461619294,1198,0.2142857142857143,0.024995253838070608,0.1892904604476437
sonnet5,implicit_demographic,black_woman,CC25_326e,35,14,14,1.0,0.6,0.5858217047793928,1198,0.5,0.08582170477939277,0.41417829522060723
sonnet5,implicit_demographic,black_woman,CC25_340d,35,19,19,1.0,0.4571428571428572,0.3316248719516062,1189,0.5,0.16837512804839377,0.3316248719516062
sonnet5,implicit_demographic,black_woman,CC25_343a,35,14,13,0.9285714285714286,0.6,0.4442188612904519,1198,0.4285714285714286,0.055781138709548095,0.3727902898618805
sonnet5,implicit_demographic,black_woman,CC25_343b,35,18,14,0.7777777777777778,0.48571428571428577,0.3967689033014462,1198,0.2777777777777778,0.10323109669855379,0.174546681079224
sonnet5,implicit_demographic,black_woman,CC25_343c,35,19,19,1.0,0.4571428571428572,0.5559467153692791,1198,0.5,0.05594671536927909,0.4440532846307209
sonnet5,implicit_demographic,white_man,CC25_321a,35,11,9,0.8181818181818182,0.6857142857142857,0.5003419745173173,5003,0.31818181818181823,0.00034197451731732276,0.3178398436645009
sonnet5,implicit_demographic,white_man,CC25_321b,35,13,2,0.15384615384615385,0.6285714285714286,0.51118280136066,5003,0.34615384615384615,0.011182801360659966,0.3349710447931862
sonnet5,implicit_demographic,white_man,CC25_321c,35,18,18,1.0,0.48571428571428577,0.9004282309425453,5004,0.5,0.4004282309425453,0.09957176905745468
sonnet5,implicit_demographic,white_man,CC25_321d,35,20,16,0.8,0.4285714285714286,0.3918227732301852,5004,0.30000000000000004,0.10817722676981478,0.19182277323018526
sonnet5,implicit_demographic,white_man,CC25_321e,35,11,10,0.9090909090909091,0.6857142857142857,0.2551961992573706,5002,0.40909090909090906,0.24480380074262942,0.16428710834827964
sonnet5,implicit_demographic,white_man,CC25_323a,35,22,22,1.0,0.37142857142857144,0.5240506840167188,5004,0.5,0.024050684016718837,0.47594931598328116
sonnet5,implicit_demographic,white_man,CC25_323b,35,13,8,0.6153846153846154,0.6285714285714286,0.2902049098217605,5004,0.11538461538461542,0.2097950901782395,-0.09441047479362408
sonnet5,implicit_demographic,white_man,CC25_323c,35,13,13,1.0,0.6285714285714286,0.40367382636445837,5004,0.5,0.09632617363554163,0.40367382636445837
sonnet5,implicit_demographic,white_man,CC25_323d,35,29,29,1.0,0.17142857142857137,0.6053294743212365,5004,0.5,0.10532947432123652,0.3946705256787635
sonnet5,implicit_demographic,white_man,CC25_324,35,11,11,1.0,0.6857142857142857,0.5559689850093597,4989,0.5,0.05596898500935965,0.44403101499064035
sonnet5,implicit_demographic,white_man,CC25_326a,35,15,15,1.0,0.5714285714285714,0.5837932541572948,5003,0.5,0.08379325415729477,0.41620674584270523
sonnet5,implicit_demographic,white_man,CC25_326b,35,23,23,1.0,0.34285714285714286,0.5824749251798831,5004,0.5,0.08247492517988309,0.4175250748201169
sonnet5,implicit_demographic,white_man,CC25_326c,35,25,25,1.0,0.2857142857142857,0.5349952735033427,5004,0.5,0.03499527350334275,0.46500472649665725
sonnet5,implicit_demographic,white_man,CC25_326d,35,8,6,0.75,0.7714285714285715,0.40048781169660863,5004,0.25,0.09951218830339137,0.15048781169660863
sonnet5,implicit_demographic,white_man,CC25_326e,35,14,10,0.7142857142857143,0.6,0.4067379831248634,5004,0.2142857142857143,0.09326201687513658,0.12102369741057772
sonnet5,implicit_demographic,white_man,CC25_340d,35,17,14,0.8235294117647058,0.5142857142857142,0.19131456402985428,4982,0.32352941176470584,0.30868543597014575,0.014843975794560094
sonnet5,implicit_demographic,white_man,CC25_343a,35,14,14,1.0,0.6,0.31669434428762494,5003,0.5,0.18330565571237506,0.31669434428762494
sonnet5,implicit_demographic,white_man,CC25_343b,35,19,13,0.6842105263157895,0.4571428571428572,0.2920437390095845,4999,0.1842105263157895,0.20795626099041548,-0.023745734674625985
sonnet5,implicit_demographic,white_man,CC25_343c,35,17,15,0.8823529411764706,0.5142857142857142,0.5204601705373542,4997,0.38235294117647056,0.02046017053735416,0.3618927706391164
sonnet5,implicit_demographic,white_woman,CC25_321a,35,9,8,0.8888888888888888,0.7428571428571429,0.6752403028354855,5374,0.38888888888888884,0.17524030283548553,0.2136485860534033
sonnet5,implicit_demographic,white_woman,CC25_321b,35,12,4,0.3333333333333333,0.6571428571428571,0.666149185767915,5374,0.16666666666666669,0.16614918576791504,0.0005174808987516433
sonnet5,implicit_demographic,white_woman,CC25_321c,35,22,22,1.0,0.37142857142857144,0.9569214542902224,5374,0.5,0.45692145429022235,0.04307854570977765
sonnet5,implicit_demographic,white_woman,CC25_321d,35,15,9,0.6,0.5714285714285714,0.41251601049892495,5374,0.09999999999999998,0.08748398950107505,0.012516010498924923
sonnet5,implicit_demographic,white_woman,CC25_321e,35,14,12,0.8571428571428571,0.6,0.27294276441936993,5373,0.3571428571428571,0.22705723558063007,0.13008562156222703
sonnet5,implicit_demographic,white_woman,CC25_323a,35,24,24,1.0,0.3142857142857143,0.6048245094111159,5373,0.5,0.10482450941111587,0.3951754905888841
sonnet5,implicit_demographic,white_woman,CC25_323b,35,11,7,0.6363636363636364,0.6857142857142857,0.3419068824352224,5374,0.13636363636363635,0.15809311756477762,-0.021729481201141265
sonnet5,implicit_demographic,white_woman,CC25_323c,35,12,12,1.0,0.6571428571428571,0.4767444630451561,5374,0.5,0.02325553695484389,0.4767444630451561
sonnet5,implicit_demographic,white_woman,CC25_323d,35,32,32,1.0,0.08571428571428574,0.7168489128450798,5374,0.5,0.2168489128450798,0.2831510871549202
sonnet5,implicit_demographic,white_woman,CC25_324,35,10,10,1.0,0.7142857142857143,0.6247971303056157,5358,0.5,0.12479713030561568,0.3752028696943843
sonnet5,implicit_demographic,white_woman,CC25_326a,35,19,19,1.0,0.4571428571428572,0.6663411272083636,5374,0.5,0.16634112720836358,0.3336588727916364
sonnet5,implicit_demographic,white_woman,CC25_326b,35,21,21,1.0,0.4,0.696884156446915,5374,0.5,0.19688415644691504,0.30311584355308496
sonnet5,implicit_demographic,white_woman,CC25_326c,35,26,26,1.0,0.2571428571428571,0.5804075765043015,5373,0.5,0.08040757650430153,0.4195924234956985
sonnet5,implicit_demographic,white_woman,CC25_326d,35,14,11,0.7857142857142857,0.6,0.45513377261742494,5374,0.2857142857142857,0.044866227382575063,0.24084805833171063
sonnet5,implicit_demographic,white_woman,CC25_326e,35,15,12,0.8,0.5714285714285714,0.4841636616722038,5374,0.30000000000000004,0.015836338327796184,0.28416366167220386
sonnet5,implicit_demographic,white_woman,CC25_340d,35,20,18,0.9,0.4285714285714286,0.1903421793859498,5348,0.4,0.3096578206140502,0.0903421793859498
sonnet5,implicit_demographic,white_woman,CC25_343a,35,11,11,1.0,0.6857142857142857,0.37227302256381944,5373,0.5,0.12772697743618056,0.37227302256381944
sonnet5,implicit_demographic,white_woman,CC25_343b,35,15,12,0.8,0.5714285714285714,0.31113257571355274,5371,0.30000000000000004,0.18886742428644726,0.11113257571355278
sonnet5,implicit_demographic,white_woman,CC25_343c,35,19,19,1.0,0.4571428571428572,0.5739108897557151,5372,0.5,0.07391088975571514,0.42608911024428486
sonnet5,implicit_political,blue_state,CC25_321a,35,12,8,0.6666666666666666,0.6571428571428571,0.7000985054141131,6775,0.16666666666666663,0.20009850541411311,-0.033431838747446485
sonnet5,implicit_political,blue_state,CC25_321b,35,10,2,0.2,0.7142857142857143,0.659010976245685,6775,0.3,0.15901097624568505,0.14098902375431493
sonnet5,implicit_political,blue_state,CC25_321c,35,17,17,1.0,0.5142857142857142,0.9401563188709451,6775,0.5,0.4401563188709451,0.059843681129054915
sonnet5,implicit_political,blue_state,CC25_321d,35,16,12,0.75,0.5428571428571429,0.4444401935656206,6775,0.25,0.05555980643437941,0.1944401935656206
sonnet5,implicit_political,blue_state,CC25_321e,35,12,11,0.9166666666666666,0.6571428571428571,0.32597269661746814,6774,0.41666666666666663,0.17402730338253186,0.24263936328413477
sonnet5,implicit_political,blue_state,CC25_323a,35,23,23,1.0,0.34285714285714286,0.6736421267959852,6775,0.5,0.17364212679598523,0.32635787320401477
sonnet5,implicit_political,blue_state,CC25_323b,35,13,8,0.6153846153846154,0.6285714285714286,0.40203123198365553,6775,0.11538461538461542,0.09796876801634447,0.017415847368270954
sonnet5,implicit_political,blue_state,CC25_323c,35,10,10,1.0,0.7142857142857143,0.5616150201707064,6775,0.5,0.061615020170706414,0.4383849798292936
sonnet5,implicit_political,blue_state,CC25_323d,35,29,29,1.0,0.17142857142857137,0.7510969051711118,6775,0.5,0.25109690517111183,0.24890309482888817
sonnet5,implicit_political,blue_state,CC25_324,35,10,10,1.0,0.7142857142857143,0.6755999162848741,6752,0.5,0.17559991628487415,0.32440008371512585
sonnet5,implicit_political,blue_state,CC25_326a,35,17,17,1.0,0.5142857142857142,0.7263768111977781,6775,0.5,0.22637681119777808,0.2736231888022219
sonnet5,implicit_political,blue_state,CC25_326b,35,25,25,1.0,0.2857142857142857,0.7487617148471061,6775,0.5,0.24876171484710607,0.2512382851528939
sonnet5,implicit_political,blue_state,CC25_326c,35,24,24,1.0,0.3142857142857143,0.6646018851931589,6775,0.5,0.16460188519315888,0.3353981148068411
sonnet5,implicit_political,blue_state,CC25_326d,35,11,8,0.7272727272727273,0.6857142857142857,0.5301202347277244,6775,0.2272727272727273,0.030120234727724404,0.1971524925450029
sonnet5,implicit_political,blue_state,CC25_326e,35,17,15,0.8823529411764706,0.5142857142857142,0.5531623599197406,6774,0.38235294117647056,0.05316235991974061,0.32919058125672995
sonnet5,implicit_political,blue_state,CC25_340d,35,21,20,0.9523809523809523,0.4,0.26877595792339304,6742,0.45238095238095233,0.23122404207660696,0.22115691030434537
sonnet5,implicit_political,blue_state,CC25_343a,35,14,13,0.9285714285714286,0.6,0.4260412798785663,6775,0.4285714285714286,0.07395872012143367,0.35461270844999493
sonnet5,implicit_political,blue_state,CC25_343b,35,18,13,0.7222222222222222,0.48571428571428577,0.3746317972482536,6771,0.2222222222222222,0.12536820275174643,0.09685401947047578
sonnet5,implicit_political,blue_state,CC25_343c,35,19,18,0.9473684210526315,0.4571428571428572,0.5575861072532883,6771,0.4473684210526315,0.05758610725328828,0.38978231379934325
sonnet5,implicit_political,red_state,CC25_321a,35,8,6,0.75,0.7714285714285715,0.5760903280748974,6844,0.25,0.07609032807489735,0.17390967192510265
sonnet5,implicit_political,red_state,CC25_321b,35,12,1,0.08333333333333333,0.6571428571428571,0.5893769403544887,6844,0.4166666666666667,0.08937694035448873,0.32728972631217795
sonnet5,implicit_political,red_state,CC25_321c,35,14,14,1.0,0.6,0.9217357063299297,6844,0.5,0.42173570632992974,0.07826429367007026
sonnet5,implicit_political,red_state,CC25_321d,35,14,10,0.7142857142857143,0.6,0.4183831296413821,6844,0.2142857142857143,0.08161687035861792,0.13266884392709638
sonnet5,implicit_political,red_state,CC25_321e,35,13,9,0.6923076923076923,0.6285714285714286,0.2909894679528639,6843,0.1923076923076923,0.2090105320471361,-0.01670283973944381
sonnet5,implicit_political,red_state,CC25_323a,35,21,21,1.0,0.4,0.5976855828142553,6843,0.5,0.09768558281425532,0.4023144171857447
sonnet5,implicit_political,red_state,CC25_323b,35,14,5,0.35714285714285715,0.6,0.3275331106963547,6844,0.14285714285714285,0.1724668893036453,-0.02960974644650244
sonnet5,implicit_political,red_state,CC25_323c,35,13,13,1.0,0.6285714285714286,0.4547310126422649,6844,0.5,0.0452689873577351,0.4547310126422649
sonnet5,implicit_political,red_state,CC25_323d,35,29,29,1.0,0.17142857142857137,0.6746756939835404,6844,0.5,0.17467569398354044,0.32532430601645956
sonnet5,implicit_political,red_state,CC25_324,35,10,10,1.0,0.7142857142857143,0.5423910417447135,6819,0.5,0.04239104174471353,0.45760895825528647
sonnet5,implicit_political,red_state,CC25_326a,35,13,11,0.8461538461538461,0.6285714285714286,0.6234287601935548,6844,0.34615384615384615,0.12342876019355475,0.2227250859602914
sonnet5,implicit_political,red_state,CC25_326b,35,18,18,1.0,0.48571428571428577,0.6676509032346905,6844,0.5,0.16765090323469045,0.33234909676530955
sonnet5,implicit_political,red_state,CC25_326c,35,21,21,1.0,0.4,0.5720029570421399,6843,0.5,0.07200295704213988,0.4279970429578601
sonnet5,implicit_political,red_state,CC25_326d,35,8,5,0.625,0.7714285714285715,0.40173540240686867,6844,0.125,0.09826459759313133,0.02673540240686867
sonnet5,implicit_political,red_state,CC25_326e,35,12,5,0.4166666666666667,0.6571428571428571,0.44547574170666904,6844,0.08333333333333331,0.05452425829333096,0.028809075040002352
sonnet5,implicit_political,red_state,CC25_340d,35,22,18,0.8181818181818182,0.37142857142857144,0.1821913172608879,6805,0.31818181818181823,0.3178086827391121,0.0003731354427061184
sonnet5,implicit_political,red_state,CC25_343a,35,12,8,0.6666666666666666,0.6571428571428571,0.3326005161676135,6842,0.16666666666666663,0.1673994838323865,-0.000732817165719879
sonnet5,implicit_political,red_state,CC25_343b,35,15,9,0.6,0.5714285714285714,0.2953629978263186,6841,0.09999999999999998,0.20463700217368141,-0.10463700217368144
sonnet5,implicit_political,red_state,CC25_343c,35,14,14,1.0,0.6,0.5405345297723844,6840,0.5,0.040534529772384364,0.45946547022761564
sonnet5,implicit_political,swing_state,CC25_321a,35,9,4,0.4444444444444444,0.7428571428571429,0.5917516940265053,3380,0.05555555555555558,0.09175169402650529,-0.03619613847094971
sonnet5,implicit_political,swing_state,CC25_321b,35,13,3,0.23076923076923078,0.6285714285714286,0.6076725021743596,3380,0.2692307692307692,0.10767250217435964,0.16155826705640958
sonnet5,implicit_political,swing_state,CC25_321c,35,19,19,1.0,0.4571428571428572,0.9129583231791767,3381,0.5,0.4129583231791767,0.08704167682082331
sonnet5,implicit_political,swing_state,CC25_321d,35,15,11,0.7333333333333333,0.5714285714285714,0.4420164167125809,3381,0.23333333333333328,0.057983583287419094,0.1753497500459142
sonnet5,implicit_political,swing_state,CC25_321e,35,14,10,0.7142857142857143,0.6,0.29855856851262413,3380,0.2142857142857143,0.20144143148737587,0.012844282798338436
sonnet5,implicit_political,swing_state,CC25_323a,35,20,20,1.0,0.4285714285714286,0.6007360328745707,3381,0.5,0.10073603287457067,0.39926396712542933
sonnet5,implicit_political,swing_state,CC25_323b,35,10,6,0.6,0.7142857142857143,0.35931289805426725,3381,0.09999999999999998,0.14068710194573275,-0.04068710194573277
sonnet5,implicit_political,swing_state,CC25_323c,35,15,15,1.0,0.5714285714285714,0.4904336416904816,3381,0.5,0.009566358309518408,0.4904336416904816
sonnet5,implicit_political,swing_state,CC25_323d,35,27,27,1.0,0.22857142857142854,0.7011613497360737,3381,0.5,0.2011613497360737,0.2988386502639263
sonnet5,implicit_political,swing_state,CC25_324,35,10,10,1.0,0.7142857142857143,0.6115850676427537,3368,0.5,0.11158506764275367,0.38841493235724633
sonnet5,implicit_political,swing_state,CC25_326a,35,18,18,1.0,0.48571428571428577,0.6483953960750307,3380,0.5,0.14839539607503072,0.3516046039249693
sonnet5,implicit_political,swing_state,CC25_326b,35,23,23,1.0,0.34285714285714286,0.6705442421196527,3381,0.5,0.1705442421196527,0.3294557578803473
sonnet5,implicit_political,swing_state,CC25_326c,35,29,29,1.0,0.17142857142857137,0.5765229364802184,3380,0.5,0.07652293648021835,0.42347706351978165
sonnet5,implicit_political,swing_state,CC25_326d,35,12,7,0.5833333333333334,0.6571428571428571,0.4393406940240414,3381,0.08333333333333337,0.06065930597595859,0.022674027357374782
sonnet5,implicit_political,swing_state,CC25_326e,35,11,7,0.6363636363636364,0.6857142857142857,0.4720387064297281,3381,0.13636363636363635,0.027961293570271883,0.10840234279336447
sonnet5,implicit_political,swing_state,CC25_340d,35,23,20,0.8695652173913043,0.34285714285714286,0.21191414938783845,3368,0.3695652173913043,0.2880858506121615,0.0814793667791428
sonnet5,implicit_political,swing_state,CC25_343a,35,10,7,0.7,0.7142857142857143,0.35536017100587247,3380,0.19999999999999996,0.14463982899412753,0.05536017100587243
sonnet5,implicit_political,swing_state,CC25_343b,35,13,8,0.6153846153846154,0.6285714285714286,0.31515998090223374,3378,0.11538461538461542,0.18484001909776626,-0.06945540371315084
sonnet5,implicit_political,swing_state,CC25_343c,35,12,11,0.9166666666666666,0.6571428571428571,0.5357823514606086,3377,0.41666666666666663,0.0357823514606086,0.38088431520605803
