model,cue_family,cue_group,issue_id,cue_sum,cue_n,base_sum,base_n,model_shift,ces_shift_issue,cue
llama,explicit_political,democrat,CC25_321a,321.0,435,221.0,435,0.22988505747126442,0.5080964551588631,explicit_political__democrat
llama,explicit_political,democrat,CC25_321b,178.0,434,-32.0,434,0.4838709677419355,0.42651008765668796,explicit_political__democrat
llama,explicit_political,democrat,CC25_321c,358.0,435,312.0,435,0.10574712643678164,0.07797463616423439,explicit_political__democrat
llama,explicit_political,democrat,CC25_321d,302.0,435,167.0,435,0.3103448275862069,0.3075404886553911,explicit_political__democrat
llama,explicit_political,democrat,CC25_321e,213.0,435,121.0,434,0.21085332909582072,0.27562687751206794,explicit_political__democrat
llama,explicit_political,democrat,CC25_323a,404.0,435,386.0,434,0.03933471052492188,0.45968409163203944,explicit_political__democrat
llama,explicit_political,democrat,CC25_323b,228.0,435,75.0,435,0.3517241379310345,0.4931053206321588,explicit_political__democrat
llama,explicit_political,democrat,CC25_323c,366.0,435,287.0,435,0.18160919540229892,0.6434203952351262,explicit_political__democrat
llama,explicit_political,democrat,CC25_323d,423.0,435,407.0,434,0.034625774670268505,0.41415356155036176,explicit_political__democrat
llama,explicit_political,democrat,CC25_324,278.0,435,180.0,435,0.2252873563218391,0.46063080066305573,explicit_political__democrat
llama,explicit_political,democrat,CC25_326a,384.0,435,330.0,435,0.12413793103448278,0.4606854374021759,explicit_political__democrat
llama,explicit_political,democrat,CC25_326b,398.0,435,371.0,435,0.06206896551724139,0.4430961345589778,explicit_political__democrat
llama,explicit_political,democrat,CC25_326c,407.0,435,371.0,435,0.08275862068965512,0.4848128922818333,explicit_political__democrat
llama,explicit_political,democrat,CC25_326d,361.0,435,251.0,434,0.2515440436463796,0.4666923312744681,explicit_political__democrat
llama,explicit_political,democrat,CC25_326e,323.0,435,293.0,434,0.067413528258912,0.46010264440197646,explicit_political__democrat
llama,explicit_political,democrat,CC25_340d,300.0,435,172.0,435,0.29425287356321844,0.31155972717522284,explicit_political__democrat
llama,explicit_political,democrat,CC25_343a,299.0,418,221.0,435,0.20726502777319478,0.4650694351052208,explicit_political__democrat
llama,explicit_political,democrat,CC25_343b,210.0,435,175.0,435,0.08045977011494254,0.48288384208618274,explicit_political__democrat
llama,explicit_political,democrat,CC25_343c,384.0,435,370.0,435,0.03218390804597704,0.10413309994098692,explicit_political__democrat
llama,explicit_political,republican,CC25_321a,76.0,434,221.0,435,-0.3329307696382223,-0.4728698321106134,explicit_political__republican
llama,explicit_political,republican,CC25_321b,-140.0,435,-32.0,434,-0.24810636156576088,-0.41538119944251706,explicit_political__republican
llama,explicit_political,republican,CC25_321c,215.0,435,312.0,435,-0.22298850574712642,-0.032990782410210584,explicit_political__republican
llama,explicit_political,republican,CC25_321d,78.0,435,167.0,435,-0.2045977011494253,-0.4961530278117527,explicit_political__republican
llama,explicit_political,republican,CC25_321e,-82.0,432,121.0,434,-0.4686166581327872,-0.35159664920139627,explicit_political__republican
llama,explicit_political,republican,CC25_323a,384.0,435,386.0,434,-0.00664230096933105,-0.530122628797475,explicit_political__republican
llama,explicit_political,republican,CC25_323b,-128.0,435,75.0,435,-0.4666666666666667,-0.5674880516402645,explicit_political__republican
llama,explicit_political,republican,CC25_323c,92.0,435,287.0,435,-0.44827586206896547,-0.788578493404703,explicit_political__republican
llama,explicit_political,republican,CC25_323d,407.0,435,407.0,434,-0.002155834525133793,-0.45877437797923293,explicit_political__republican
llama,explicit_political,republican,CC25_324,-40.0,435,180.0,435,-0.5057471264367817,-0.5216087810126284,explicit_political__republican
llama,explicit_political,republican,CC25_326a,186.0,435,330.0,435,-0.33103448275862063,-0.45690589363621287,explicit_political__republican
llama,explicit_political,republican,CC25_326b,303.0,435,371.0,435,-0.15632183908045982,-0.49381127287001014,explicit_political__republican
llama,explicit_political,republican,CC25_326c,344.0,435,371.0,435,-0.06206896551724139,-0.5246013139005681,explicit_political__republican
llama,explicit_political,republican,CC25_326d,88.0,435,251.0,434,-0.37604216325017215,-0.5922458028920355,explicit_political__republican
llama,explicit_political,republican,CC25_326e,49.0,435,293.0,434,-0.5624715292123523,-0.5016448666241268,explicit_political__republican
llama,explicit_political,republican,CC25_340d,87.0,435,172.0,435,-0.1954022988505747,-0.35211177264532445,explicit_political__republican
llama,explicit_political,republican,CC25_343a,169.0,407,221.0,435,-0.092812561778079,-0.4887798052042506,explicit_political__republican
llama,explicit_political,republican,CC25_343b,39.0,435,175.0,435,-0.31264367816091954,-0.4868131918616567,explicit_political__republican
llama,explicit_political,republican,CC25_343c,333.0,435,370.0,435,-0.0850574712643678,-0.09600867321303297,explicit_political__republican
llama,explicit_political,independent,CC25_321a,189.0,435,221.0,435,-0.0735632183908046,-0.0526988310960505,explicit_political__independent
llama,explicit_political,independent,CC25_321b,-3.0,435,-32.0,434,0.06683616716987129,-0.038991539420045296,explicit_political__independent
llama,explicit_political,independent,CC25_321c,276.0,435,312.0,435,-0.08275862068965512,-0.02318290037195314,explicit_political__independent
llama,explicit_political,independent,CC25_321d,202.0,435,167.0,435,0.08045977011494254,0.09525897870030578,explicit_political__independent
llama,explicit_political,independent,CC25_321e,76.0,435,121.0,434,-0.10408919963981145,0.004101637065746289,explicit_political__independent
llama,explicit_political,independent,CC25_323a,386.0,435,386.0,434,-0.00204459981990579,-0.005962228539341252,explicit_political__independent
llama,explicit_political,independent,CC25_323b,164.0,435,75.0,435,0.20459770114942527,-0.016200744203483275,explicit_political__independent
llama,explicit_political,independent,CC25_323c,319.0,435,287.0,435,0.0735632183908046,0.04784655795004334,explicit_political__independent
llama,explicit_political,independent,CC25_323d,414.0,435,407.0,434,0.013936119497854782,0.01242104490105611,explicit_political__independent
llama,explicit_political,independent,CC25_324,202.0,435,180.0,435,0.05057471264367819,0.04545796853320627,explicit_political__independent
llama,explicit_political,independent,CC25_326a,354.0,435,330.0,435,0.05517241379310345,-0.02463725870403416,explicit_political__independent
llama,explicit_political,independent,CC25_326b,370.0,435,371.0,435,-0.0022988505747126853,-0.023105711612145363,explicit_political__independent
llama,explicit_political,independent,CC25_326c,372.0,435,371.0,435,0.0022988505747126853,0.007723656486084002,explicit_political__independent
llama,explicit_political,independent,CC25_326d,252.0,435,251.0,434,0.0009693310027014679,0.07750468295682,explicit_political__independent
llama,explicit_political,independent,CC25_326e,230.0,435,293.0,434,-0.14637957518936384,-0.006609209327976708,explicit_political__independent
llama,explicit_political,independent,CC25_340d,209.0,435,172.0,435,0.0850574712643678,-0.03440871342259677,explicit_political__independent
llama,explicit_political,independent,CC25_343a,229.0,428,221.0,435,0.02700075196046836,-0.04285078531283676,explicit_political__independent
llama,explicit_political,independent,CC25_343b,195.0,435,175.0,435,0.04597701149425287,-0.037410140996173846,explicit_political__independent
llama,explicit_political,independent,CC25_343c,384.0,435,370.0,435,0.03218390804597704,0.014957975677231644,explicit_political__independent
llama,explicit_demographic,black_woman,CC25_321a,297.0,435,221.0,435,0.17471264367816097,0.29785770687433377,explicit_demographic__black_woman
llama,explicit_demographic,black_woman,CC25_321b,141.0,435,-32.0,434,0.39787064992849197,0.2735251354868258,explicit_demographic__black_woman
llama,explicit_demographic,black_woman,CC25_321c,307.0,435,312.0,435,-0.011494252873563204,0.0014563360854941143,explicit_demographic__black_woman
llama,explicit_demographic,black_woman,CC25_321d,343.0,433,167.0,435,0.4082397600276075,0.12203244010853133,explicit_demographic__black_woman
llama,explicit_demographic,black_woman,CC25_321e,277.0,435,121.0,434,0.3579797658774299,0.1631219881630603,explicit_demographic__black_woman
llama,explicit_demographic,black_woman,CC25_323a,400.0,435,386.0,434,0.03013930822607125,0.32034980602851576,explicit_demographic__black_woman
llama,explicit_demographic,black_woman,CC25_323b,297.0,435,75.0,435,0.5103448275862069,0.21066885525369894,explicit_demographic__black_woman
llama,explicit_demographic,black_woman,CC25_323c,372.0,435,287.0,435,0.1954022988505748,0.34900186890964335,explicit_demographic__black_woman
llama,explicit_demographic,black_woman,CC25_323d,423.0,435,407.0,434,0.034625774670268505,0.25538407881311376,explicit_demographic__black_woman
llama,explicit_demographic,black_woman,CC25_324,310.0,435,180.0,435,0.2988505747126437,0.1356254550803846,explicit_demographic__black_woman
llama,explicit_demographic,black_woman,CC25_326a,393.0,435,330.0,435,0.14482758620689662,0.23454142566184327,explicit_demographic__black_woman
llama,explicit_demographic,black_woman,CC25_326b,393.0,435,371.0,435,0.05057471264367819,0.2976248944402813,explicit_demographic__black_woman
llama,explicit_demographic,black_woman,CC25_326c,390.0,435,371.0,435,0.04367816091954024,0.187135946937255,explicit_demographic__black_woman
llama,explicit_demographic,black_woman,CC25_326d,363.0,434,251.0,434,0.25806451612903225,0.02908591752640674,explicit_demographic__black_woman
llama,explicit_demographic,black_woman,CC25_326e,359.0,435,293.0,434,0.15017214894856712,0.18417443425830035,explicit_demographic__black_woman
llama,explicit_demographic,black_woman,CC25_340d,339.0,435,172.0,435,0.3839080459770115,0.21791058406921848,explicit_demographic__black_woman
llama,explicit_demographic,black_woman,CC25_343a,301.0,423,221.0,435,0.2035379473383876,0.1395758717394457,explicit_demographic__black_woman
llama,explicit_demographic,black_woman,CC25_343b,236.0,435,175.0,435,0.1402298850574713,0.13165685074804045,explicit_demographic__black_woman
llama,explicit_demographic,black_woman,CC25_343c,408.0,435,370.0,435,0.08735632183908049,0.0191292222828484,explicit_demographic__black_woman
llama,explicit_demographic,black_man,CC25_321a,245.0,435,221.0,435,0.05517241379310345,0.17815731022515735,explicit_demographic__black_man
llama,explicit_demographic,black_man,CC25_321b,104.0,435,-32.0,434,0.31281317866412417,-0.05126874657095504,explicit_demographic__black_man
llama,explicit_demographic,black_man,CC25_321c,269.0,435,312.0,435,-0.09885057471264369,-0.05357670377129686,explicit_demographic__black_man
llama,explicit_demographic,black_man,CC25_321d,319.0,433,167.0,435,0.35281250829550587,0.11933164305464439,explicit_demographic__black_man
llama,explicit_demographic,black_man,CC25_321e,250.0,435,121.0,434,0.2959108003601885,0.17799511292633466,explicit_demographic__black_man
llama,explicit_demographic,black_man,CC25_323a,397.0,435,386.0,434,0.023242756501933304,0.23970571863431178,explicit_demographic__black_man
llama,explicit_demographic,black_man,CC25_323b,238.0,435,75.0,435,0.37471264367816093,0.10503162113887449,explicit_demographic__black_man
llama,explicit_demographic,black_man,CC25_323c,348.0,435,287.0,435,0.14022988505747136,0.2129460759028842,explicit_demographic__black_man
llama,explicit_demographic,black_man,CC25_323d,418.0,435,407.0,434,0.0231315217967053,0.21428724414835698,explicit_demographic__black_man
llama,explicit_demographic,black_man,CC25_324,241.0,434,180.0,435,0.14150643572223104,0.05638403623278987,explicit_demographic__black_man
llama,explicit_demographic,black_man,CC25_326a,381.0,435,330.0,435,0.11724137931034484,0.26514693775562187,explicit_demographic__black_man
llama,explicit_demographic,black_man,CC25_326b,395.0,435,371.0,435,0.05517241379310345,0.29377672229072305,explicit_demographic__black_man
llama,explicit_demographic,black_man,CC25_326c,384.0,435,371.0,435,0.029885057471264354,0.2525053227008283,explicit_demographic__black_man
llama,explicit_demographic,black_man,CC25_326d,335.0,435,251.0,434,0.1917739287038508,0.11410860607414063,explicit_demographic__black_man
llama,explicit_demographic,black_man,CC25_326e,322.0,435,293.0,434,0.06511467768419932,0.16439451975551456,explicit_demographic__black_man
llama,explicit_demographic,black_man,CC25_340d,301.0,435,172.0,435,0.296551724137931,0.12981391051965802,explicit_demographic__black_man
llama,explicit_demographic,black_man,CC25_343a,302.0,418,221.0,435,0.21444206126601772,0.03574899317312352,explicit_demographic__black_man
llama,explicit_demographic,black_man,CC25_343b,231.0,434,175.0,435,0.12995921394141635,0.10410395862751162,explicit_demographic__black_man
llama,explicit_demographic,black_man,CC25_343c,389.0,435,370.0,435,0.04367816091954024,0.020164175011351856,explicit_demographic__black_man
llama,explicit_demographic,white_woman,CC25_321a,243.0,435,221.0,435,0.05057471264367819,0.09313790652299742,explicit_demographic__white_woman
llama,explicit_demographic,white_woman,CC25_321b,45.0,435,-32.0,434,0.17718099475607818,0.09068015772601493,explicit_demographic__white_woman
llama,explicit_demographic,white_woman,CC25_321c,299.0,435,312.0,435,-0.029885057471264354,0.05920992317292173,explicit_demographic__white_woman
llama,explicit_demographic,white_woman,CC25_321d,264.0,435,167.0,435,0.22298850574712642,-0.04199695158192593,explicit_demographic__white_woman
llama,explicit_demographic,white_woman,CC25_321e,171.0,435,121.0,434,0.11430160495788971,-0.06702188265733589,explicit_demographic__white_woman
llama,explicit_demographic,white_woman,CC25_323a,392.0,435,386.0,434,0.0117485036283701,-0.04750339178199564,explicit_demographic__white_woman
llama,explicit_demographic,white_woman,CC25_323b,216.0,435,75.0,435,0.32413793103448274,-0.04340538471629041,explicit_demographic__white_woman
llama,explicit_demographic,white_woman,CC25_323c,306.0,435,287.0,435,0.04367816091954024,-0.0555205305324316,explicit_demographic__white_woman
llama,explicit_demographic,white_woman,CC25_323d,411.0,435,407.0,434,0.007039567773716837,0.012785953413681772,explicit_demographic__white_woman
llama,explicit_demographic,white_woman,CC25_324,225.0,434,180.0,435,0.10464007627522648,0.030830740374595184,explicit_demographic__white_woman
llama,explicit_demographic,white_woman,CC25_326a,362.0,435,330.0,435,0.0735632183908046,-0.0062748896339759885,explicit_demographic__white_woman
llama,explicit_demographic,white_woman,CC25_326b,382.0,435,371.0,435,0.025287356321839094,-0.007360319308245988,explicit_demographic__white_woman
llama,explicit_demographic,white_woman,CC25_326c,371.0,435,371.0,435,0.0,-0.05883571303805249,explicit_demographic__white_woman
llama,explicit_demographic,white_woman,CC25_326d,295.0,435,251.0,434,0.09981990571534505,-0.010656029562602337,explicit_demographic__white_woman
llama,explicit_demographic,white_woman,CC25_326e,288.0,435,293.0,434,-0.013046241856030538,-0.019141651956077657,explicit_demographic__white_woman
llama,explicit_demographic,white_woman,CC25_340d,275.0,435,172.0,435,0.2367816091954023,-0.0646548010620942,explicit_demographic__white_woman
llama,explicit_demographic,white_woman,CC25_343a,281.0,429,221.0,435,0.1469656780001608,-0.004315805713819232,explicit_demographic__white_woman
llama,explicit_demographic,white_woman,CC25_343b,210.0,435,175.0,435,0.08045977011494254,-0.03961580442774659,explicit_demographic__white_woman
llama,explicit_demographic,white_woman,CC25_343c,378.0,435,370.0,435,0.01839080459770115,0.05505757105572025,explicit_demographic__white_woman
llama,explicit_demographic,white_man,CC25_321a,226.0,434,221.0,435,0.012691350177445826,-0.2566587501133392,explicit_demographic__white_man
llama,explicit_demographic,white_man,CC25_321b,-1.0,435,-32.0,434,0.07143386831929657,-0.21925261108849556,explicit_demographic__white_man
llama,explicit_demographic,white_man,CC25_321c,286.0,435,312.0,435,-0.05977011494252871,-0.05377652352243267,explicit_demographic__white_man
llama,explicit_demographic,white_man,CC25_321d,236.0,434,167.0,435,0.15987075586630645,-0.08338342611940538,explicit_demographic__white_man
llama,explicit_demographic,white_man,CC25_321e,157.0,435,121.0,434,0.08211769691191267,-0.10251501298133453,explicit_demographic__white_man
llama,explicit_demographic,white_man,CC25_323a,374.0,435,386.0,434,-0.02963080671645746,-0.20905104257078977,explicit_demographic__white_man
llama,explicit_demographic,white_man,CC25_323b,170.0,435,75.0,435,0.21839080459770116,-0.1468093299432141,explicit_demographic__white_man
llama,explicit_demographic,white_man,CC25_323c,292.0,434,287.0,435,0.01304094496530539,-0.20166180389382715,explicit_demographic__white_man
llama,explicit_demographic,white_man,CC25_323d,412.0,435,407.0,434,0.009338418348429522,-0.2102529236340047,explicit_demographic__white_man
llama,explicit_demographic,white_man,CC25_324,162.0,435,180.0,435,-0.04137931034482756,-0.10682555021791695,explicit_demographic__white_man
llama,explicit_demographic,white_man,CC25_326a,353.0,435,330.0,435,0.05287356321839087,-0.17137063573611355,explicit_demographic__white_man
llama,explicit_demographic,white_man,CC25_326b,369.0,435,371.0,435,-0.0045977011494252595,-0.2361787818423098,explicit_demographic__white_man
llama,explicit_demographic,white_man,CC25_326c,355.0,435,371.0,435,-0.0367816091954023,-0.14966031903997004,explicit_demographic__white_man
llama,explicit_demographic,white_man,CC25_326d,277.0,435,251.0,434,0.05844059537051749,-0.11994795140423493,explicit_demographic__white_man
llama,explicit_demographic,white_man,CC25_326e,268.0,435,293.0,434,-0.059023253350283356,-0.17399300905075823,explicit_demographic__white_man
llama,explicit_demographic,white_man,CC25_340d,245.0,435,172.0,435,0.16781609195402297,-0.06271003177428536,explicit_demographic__white_man
llama,explicit_demographic,white_man,CC25_343a,250.0,429,221.0,435,0.07470460573908855,-0.11547316226620824,explicit_demographic__white_man
llama,explicit_demographic,white_man,CC25_343b,150.0,435,175.0,435,-0.05747126436781608,-0.07779347783568291,explicit_demographic__white_man
llama,explicit_demographic,white_man,CC25_343c,363.0,435,370.0,435,-0.016091954022988464,-0.05184386738100155,explicit_demographic__white_man
llama,implicit_political,blue_state,CC25_321a,65.0,105,58.0,105,0.06666666666666665,0.1428543116802527,implicit_political__blue_state
llama,implicit_political,blue_state,CC25_321b,8.0,105,-16.0,105,0.2285714285714286,0.0764037386815549,implicit_political__blue_state
llama,implicit_political,blue_state,CC25_321c,73.0,105,81.0,105,-0.07619047619047625,0.02567965233436742,implicit_political__blue_state
llama,implicit_political,blue_state,CC25_321d,47.0,105,29.0,105,0.17142857142857143,0.021851414551465345,implicit_political__blue_state
llama,implicit_political,blue_state,CC25_321e,10.0,105,44.0,105,-0.3238095238095238,0.03903798173886042,implicit_political__blue_state
llama,implicit_political,blue_state,CC25_323a,93.0,105,93.0,105,0.0,0.09013184298774296,implicit_political__blue_state
llama,implicit_political,blue_state,CC25_323b,42.0,105,14.0,105,0.2666666666666667,0.07684331438057593,implicit_political__blue_state
llama,implicit_political,blue_state,CC25_323c,77.0,105,70.0,105,0.06666666666666665,0.11422058371866906,implicit_political__blue_state
llama,implicit_political,blue_state,CC25_323d,98.0,105,99.0,105,-0.00952380952380949,0.0812819380657459,implicit_political__blue_state
llama,implicit_political,blue_state,CC25_324,51.0,101,58.0,105,-0.04743045733144746,0.13243631233311232,implicit_political__blue_state
llama,implicit_political,blue_state,CC25_326a,89.0,105,80.0,105,0.08571428571428574,0.11379647834485296,implicit_political__blue_state
llama,implicit_political,blue_state,CC25_326b,92.0,105,91.0,105,0.00952380952380949,0.09639479749213636,implicit_political__blue_state
llama,implicit_political,blue_state,CC25_326c,89.0,105,92.0,105,-0.02857142857142858,0.10955290433966225,implicit_political__blue_state
llama,implicit_political,blue_state,CC25_326d,75.0,105,54.0,105,0.20000000000000007,0.13931689465799663,implicit_political__blue_state
llama,implicit_political,blue_state,CC25_326e,62.0,105,72.0,105,-0.09523809523809523,0.11885574453899608,implicit_political__blue_state
llama,implicit_political,blue_state,CC25_340d,44.0,105,39.0,105,0.047619047619047616,0.09221275601279216,implicit_political__blue_state
llama,implicit_political,blue_state,CC25_343a,46.0,99,54.0,105,-0.049639249639249594,0.10322070891567442,implicit_political__blue_state
llama,implicit_political,blue_state,CC25_343b,44.0,105,42.0,105,0.019047619047619035,0.08738263864165524,implicit_political__blue_state
llama,implicit_political,blue_state,CC25_343c,94.0,105,91.0,105,0.02857142857142858,0.0224080060508665,implicit_political__blue_state
llama,implicit_political,red_state,CC25_321a,52.0,105,58.0,105,-0.05714285714285716,-0.10516204299817883,implicit_political__red_state
llama,implicit_political,red_state,CC25_321b,-3.0,105,-16.0,105,0.12380952380952383,-0.06286433310083794,implicit_political__red_state
llama,implicit_political,red_state,CC25_321c,76.0,105,81.0,105,-0.04761904761904767,-0.011161572747663717,implicit_political__red_state
llama,implicit_political,red_state,CC25_321d,36.0,105,29.0,105,0.06666666666666665,-0.030262713297011662,implicit_political__red_state
llama,implicit_political,red_state,CC25_321e,0.0,105,44.0,105,-0.41904761904761906,-0.03092847559034778,implicit_political__red_state
llama,implicit_political,red_state,CC25_323a,91.0,105,93.0,105,-0.01904761904761898,-0.0617812449757168,implicit_political__red_state
llama,implicit_political,red_state,CC25_323b,25.0,105,14.0,105,0.10476190476190475,-0.07215292819402574,implicit_political__red_state
llama,implicit_political,red_state,CC25_323c,69.0,105,70.0,105,-0.00952380952380949,-0.09954743133821414,implicit_political__red_state
llama,implicit_political,red_state,CC25_323d,98.0,105,99.0,105,-0.00952380952380949,-0.07156048430939721,implicit_political__red_state
llama,implicit_political,red_state,CC25_324,52.0,105,58.0,105,-0.05714285714285716,-0.13398143674720908,implicit_political__red_state
llama,implicit_political,red_state,CC25_326a,84.0,105,80.0,105,0.03809523809523818,-0.09209962366359359,implicit_political__red_state
llama,implicit_political,red_state,CC25_326b,87.0,105,91.0,105,-0.03809523809523807,-0.0658268257326951,implicit_political__red_state
llama,implicit_political,red_state,CC25_326c,90.0,105,92.0,105,-0.01904761904761909,-0.0756449519623758,implicit_political__red_state
llama,implicit_political,red_state,CC25_326d,61.0,105,54.0,105,0.06666666666666676,-0.11745276998371483,implicit_political__red_state
llama,implicit_political,red_state,CC25_326e,67.0,105,72.0,105,-0.04761904761904767,-0.09651749188714721,implicit_political__red_state
llama,implicit_political,red_state,CC25_340d,40.0,105,39.0,105,0.00952380952380949,-0.08095652531221809,implicit_political__red_state
llama,implicit_political,red_state,CC25_343a,62.0,101,54.0,105,0.09957567185289962,-0.0836608185062312,implicit_political__red_state
llama,implicit_political,red_state,CC25_343b,31.0,105,42.0,105,-0.10476190476190478,-0.07115496020221479,implicit_political__red_state
llama,implicit_political,red_state,CC25_343c,89.0,105,91.0,105,-0.01904761904761909,-0.01169514891094127,implicit_political__red_state
llama,implicit_political,swing_state,CC25_321a,57.0,105,58.0,105,-0.009523809523809601,-0.07383931109496286,implicit_political__swing_state
llama,implicit_political,swing_state,CC25_321b,0.0,105,-16.0,105,0.1523809523809524,-0.026273209461095903,implicit_political__swing_state
llama,implicit_political,swing_state,CC25_321c,60.0,105,81.0,105,-0.20000000000000007,-0.02871633904916915,implicit_political__swing_state
llama,implicit_political,swing_state,CC25_321d,37.0,105,29.0,105,0.0761904761904762,0.017003860845386062,implicit_political__swing_state
llama,implicit_political,swing_state,CC25_321e,7.0,105,44.0,105,-0.3523809523809524,-0.015790274470827426,implicit_political__swing_state
llama,implicit_political,swing_state,CC25_323a,93.0,105,93.0,105,0.0,-0.05568034485508602,implicit_political__swing_state
llama,implicit_political,swing_state,CC25_323b,32.0,105,14.0,105,0.17142857142857146,-0.00859335347820045,implicit_political__swing_state
llama,implicit_political,swing_state,CC25_323c,76.0,105,70.0,105,0.05714285714285716,-0.028142173241780734,implicit_political__swing_state
llama,implicit_political,swing_state,CC25_323d,103.0,105,99.0,105,0.03809523809523807,-0.018589172804330367,implicit_political__swing_state
llama,implicit_political,swing_state,CC25_324,48.0,105,58.0,105,-0.09523809523809529,0.00440661504887116,implicit_political__swing_state
llama,implicit_political,swing_state,CC25_326a,84.0,105,80.0,105,0.03809523809523818,-0.04216635190064172,implicit_political__swing_state
llama,implicit_political,swing_state,CC25_326b,92.0,105,91.0,105,0.00952380952380949,-0.060040147962770685,implicit_political__swing_state
llama,implicit_political,swing_state,CC25_326c,85.0,105,92.0,105,-0.06666666666666665,-0.06660499308621887,implicit_political__swing_state
llama,implicit_political,swing_state,CC25_326d,71.0,105,54.0,105,0.161904761904762,-0.04224218674936937,implicit_political__swing_state
llama,implicit_political,swing_state,CC25_326e,66.0,105,72.0,105,-0.05714285714285716,-0.043391562441028875,implicit_political__swing_state
llama,implicit_political,swing_state,CC25_340d,42.0,105,39.0,105,0.02857142857142858,-0.0215108610583169,implicit_political__swing_state
llama,implicit_political,swing_state,CC25_343a,64.0,99,54.0,105,0.13217893217893228,-0.03814150882971323,implicit_political__swing_state
llama,implicit_political,swing_state,CC25_343b,39.0,105,42.0,105,-0.02857142857142858,-0.03156099405038448,implicit_political__swing_state
llama,implicit_political,swing_state,CC25_343c,88.0,105,91.0,105,-0.02857142857142858,-0.02119950553449268,implicit_political__swing_state
llama,implicit_demographic,black_woman,CC25_321a,59.0,105,58.0,105,0.00952380952380949,0.29785770687433377,implicit_demographic__black_woman
llama,implicit_demographic,black_woman,CC25_321b,-2.0,104,-16.0,105,0.13315018315018318,0.2735251354868258,implicit_demographic__black_woman
llama,implicit_demographic,black_woman,CC25_321c,74.0,105,81.0,105,-0.06666666666666665,0.0014563360854941143,implicit_demographic__black_woman
llama,implicit_demographic,black_woman,CC25_321d,33.0,105,29.0,105,0.03809523809523807,0.12203244010853133,implicit_demographic__black_woman
llama,implicit_demographic,black_woman,CC25_321e,23.0,105,44.0,105,-0.2,0.1631219881630603,implicit_demographic__black_woman
llama,implicit_demographic,black_woman,CC25_323a,94.0,105,93.0,105,0.009523809523809601,0.32034980602851576,implicit_demographic__black_woman
llama,implicit_demographic,black_woman,CC25_323b,22.0,105,14.0,105,0.0761904761904762,0.21066885525369894,implicit_demographic__black_woman
llama,implicit_demographic,black_woman,CC25_323c,72.0,104,70.0,105,0.02564102564102566,0.34900186890964335,implicit_demographic__black_woman
llama,implicit_demographic,black_woman,CC25_323d,100.0,105,99.0,105,0.00952380952380949,0.25538407881311376,implicit_demographic__black_woman
llama,implicit_demographic,black_woman,CC25_324,48.0,105,58.0,105,-0.09523809523809529,0.1356254550803846,implicit_demographic__black_woman
llama,implicit_demographic,black_woman,CC25_326a,85.0,104,80.0,105,0.05540293040293043,0.23454142566184327,implicit_demographic__black_woman
llama,implicit_demographic,black_woman,CC25_326b,86.0,105,91.0,105,-0.04761904761904767,0.2976248944402813,implicit_demographic__black_woman
llama,implicit_demographic,black_woman,CC25_326c,91.0,105,92.0,105,-0.00952380952380949,0.187135946937255,implicit_demographic__black_woman
llama,implicit_demographic,black_woman,CC25_326d,71.0,105,54.0,105,0.161904761904762,0.02908591752640674,implicit_demographic__black_woman
llama,implicit_demographic,black_woman,CC25_326e,72.0,105,72.0,105,0.0,0.18417443425830035,implicit_demographic__black_woman
llama,implicit_demographic,black_woman,CC25_340d,40.0,105,39.0,105,0.00952380952380949,0.21791058406921848,implicit_demographic__black_woman
llama,implicit_demographic,black_woman,CC25_343a,71.0,99,54.0,105,0.2028860028860029,0.1395758717394457,implicit_demographic__black_woman
llama,implicit_demographic,black_woman,CC25_343b,48.0,104,42.0,105,0.06153846153846154,0.13165685074804045,implicit_demographic__black_woman
llama,implicit_demographic,black_woman,CC25_343c,90.0,105,91.0,105,-0.009523809523809601,0.0191292222828484,implicit_demographic__black_woman
llama,implicit_demographic,black_man,CC25_321a,59.0,105,58.0,105,0.00952380952380949,0.17815731022515735,implicit_demographic__black_man
llama,implicit_demographic,black_man,CC25_321b,-7.0,105,-16.0,105,0.08571428571428573,-0.05126874657095504,implicit_demographic__black_man
llama,implicit_demographic,black_man,CC25_321c,73.0,105,81.0,105,-0.07619047619047625,-0.05357670377129686,implicit_demographic__black_man
llama,implicit_demographic,black_man,CC25_321d,39.0,105,29.0,105,0.09523809523809523,0.11933164305464439,implicit_demographic__black_man
llama,implicit_demographic,black_man,CC25_321e,10.0,105,44.0,105,-0.3238095238095238,0.17799511292633466,implicit_demographic__black_man
llama,implicit_demographic,black_man,CC25_323a,93.0,105,93.0,105,0.0,0.23970571863431178,implicit_demographic__black_man
llama,implicit_demographic,black_man,CC25_323b,22.0,105,14.0,105,0.0761904761904762,0.10503162113887449,implicit_demographic__black_man
llama,implicit_demographic,black_man,CC25_323c,67.0,105,70.0,105,-0.02857142857142858,0.2129460759028842,implicit_demographic__black_man
llama,implicit_demographic,black_man,CC25_323d,100.0,105,99.0,105,0.00952380952380949,0.21428724414835698,implicit_demographic__black_man
llama,implicit_demographic,black_man,CC25_324,41.0,105,58.0,105,-0.16190476190476194,0.05638403623278987,implicit_demographic__black_man
llama,implicit_demographic,black_man,CC25_326a,86.0,105,80.0,105,0.05714285714285716,0.26514693775562187,implicit_demographic__black_man
llama,implicit_demographic,black_man,CC25_326b,86.0,105,91.0,105,-0.04761904761904767,0.29377672229072305,implicit_demographic__black_man
llama,implicit_demographic,black_man,CC25_326c,86.0,105,92.0,105,-0.05714285714285716,0.2525053227008283,implicit_demographic__black_man
llama,implicit_demographic,black_man,CC25_326d,57.0,105,54.0,105,0.02857142857142858,0.11410860607414063,implicit_demographic__black_man
llama,implicit_demographic,black_man,CC25_326e,68.0,105,72.0,105,-0.03809523809523807,0.16439451975551456,implicit_demographic__black_man
llama,implicit_demographic,black_man,CC25_340d,42.0,105,39.0,105,0.02857142857142858,0.12981391051965802,implicit_demographic__black_man
llama,implicit_demographic,black_man,CC25_343a,58.0,101,54.0,105,0.05997171145685998,0.03574899317312352,implicit_demographic__black_man
llama,implicit_demographic,black_man,CC25_343b,45.0,105,42.0,105,0.028571428571428525,0.10410395862751162,implicit_demographic__black_man
llama,implicit_demographic,black_man,CC25_343c,91.0,105,91.0,105,0.0,0.020164175011351856,implicit_demographic__black_man
llama,implicit_demographic,white_woman,CC25_321a,59.0,105,58.0,105,0.00952380952380949,0.09313790652299742,implicit_demographic__white_woman
llama,implicit_demographic,white_woman,CC25_321b,2.0,105,-16.0,105,0.17142857142857143,0.09068015772601493,implicit_demographic__white_woman
llama,implicit_demographic,white_woman,CC25_321c,76.0,105,81.0,105,-0.04761904761904767,0.05920992317292173,implicit_demographic__white_woman
llama,implicit_demographic,white_woman,CC25_321d,34.0,105,29.0,105,0.047619047619047616,-0.04199695158192593,implicit_demographic__white_woman
llama,implicit_demographic,white_woman,CC25_321e,16.0,105,44.0,105,-0.26666666666666666,-0.06702188265733589,implicit_demographic__white_woman
llama,implicit_demographic,white_woman,CC25_323a,95.0,105,93.0,105,0.01904761904761909,-0.04750339178199564,implicit_demographic__white_woman
llama,implicit_demographic,white_woman,CC25_323b,26.0,105,14.0,105,0.1142857142857143,-0.04340538471629041,implicit_demographic__white_woman
llama,implicit_demographic,white_woman,CC25_323c,73.0,105,70.0,105,0.02857142857142858,-0.0555205305324316,implicit_demographic__white_woman
llama,implicit_demographic,white_woman,CC25_323d,98.0,105,99.0,105,-0.00952380952380949,0.012785953413681772,implicit_demographic__white_woman
llama,implicit_demographic,white_woman,CC25_324,54.0,105,58.0,105,-0.03809523809523818,0.030830740374595184,implicit_demographic__white_woman
llama,implicit_demographic,white_woman,CC25_326a,87.0,105,80.0,105,0.06666666666666676,-0.0062748896339759885,implicit_demographic__white_woman
llama,implicit_demographic,white_woman,CC25_326b,88.0,105,91.0,105,-0.02857142857142858,-0.007360319308245988,implicit_demographic__white_woman
llama,implicit_demographic,white_woman,CC25_326c,85.0,105,92.0,105,-0.06666666666666665,-0.05883571303805249,implicit_demographic__white_woman
llama,implicit_demographic,white_woman,CC25_326d,66.0,105,54.0,105,0.11428571428571432,-0.010656029562602337,implicit_demographic__white_woman
llama,implicit_demographic,white_woman,CC25_326e,69.0,105,72.0,105,-0.02857142857142858,-0.019141651956077657,implicit_demographic__white_woman
llama,implicit_demographic,white_woman,CC25_340d,33.0,105,39.0,105,-0.05714285714285716,-0.0646548010620942,implicit_demographic__white_woman
llama,implicit_demographic,white_woman,CC25_343a,69.0,97,54.0,105,0.1970544918998528,-0.004315805713819232,implicit_demographic__white_woman
llama,implicit_demographic,white_woman,CC25_343b,53.0,105,42.0,105,0.10476190476190472,-0.03961580442774659,implicit_demographic__white_woman
llama,implicit_demographic,white_woman,CC25_343c,90.0,105,91.0,105,-0.009523809523809601,0.05505757105572025,implicit_demographic__white_woman
llama,implicit_demographic,white_man,CC25_321a,58.0,105,58.0,105,0.0,-0.2566587501133392,implicit_demographic__white_man
llama,implicit_demographic,white_man,CC25_321b,-1.0,105,-16.0,105,0.14285714285714288,-0.21925261108849556,implicit_demographic__white_man
llama,implicit_demographic,white_man,CC25_321c,69.0,105,81.0,105,-0.11428571428571432,-0.05377652352243267,implicit_demographic__white_man
llama,implicit_demographic,white_man,CC25_321d,29.0,105,29.0,105,0.0,-0.08338342611940538,implicit_demographic__white_man
llama,implicit_demographic,white_man,CC25_321e,16.0,105,44.0,105,-0.26666666666666666,-0.10251501298133453,implicit_demographic__white_man
llama,implicit_demographic,white_man,CC25_323a,91.0,105,93.0,105,-0.01904761904761898,-0.20905104257078977,implicit_demographic__white_man
llama,implicit_demographic,white_man,CC25_323b,14.0,105,14.0,105,0.0,-0.1468093299432141,implicit_demographic__white_man
llama,implicit_demographic,white_man,CC25_323c,75.0,105,70.0,105,0.04761904761904767,-0.20166180389382715,implicit_demographic__white_man
llama,implicit_demographic,white_man,CC25_323d,96.0,105,99.0,105,-0.02857142857142858,-0.2102529236340047,implicit_demographic__white_man
llama,implicit_demographic,white_man,CC25_324,47.0,104,58.0,105,-0.10045787545787549,-0.10682555021791695,implicit_demographic__white_man
llama,implicit_demographic,white_man,CC25_326a,86.0,105,80.0,105,0.05714285714285716,-0.17137063573611355,implicit_demographic__white_man
llama,implicit_demographic,white_man,CC25_326b,89.0,105,91.0,105,-0.01904761904761909,-0.2361787818423098,implicit_demographic__white_man
llama,implicit_demographic,white_man,CC25_326c,86.0,105,92.0,105,-0.05714285714285716,-0.14966031903997004,implicit_demographic__white_man
llama,implicit_demographic,white_man,CC25_326d,58.0,105,54.0,105,0.03809523809523818,-0.11994795140423493,implicit_demographic__white_man
llama,implicit_demographic,white_man,CC25_326e,67.0,104,72.0,105,-0.04148351648351645,-0.17399300905075823,implicit_demographic__white_man
llama,implicit_demographic,white_man,CC25_340d,39.0,105,39.0,105,0.0,-0.06271003177428536,implicit_demographic__white_man
llama,implicit_demographic,white_man,CC25_343a,63.0,99,54.0,105,0.12207792207792212,-0.11547316226620824,implicit_demographic__white_man
llama,implicit_demographic,white_man,CC25_343b,57.0,105,42.0,105,0.1428571428571428,-0.07779347783568291,implicit_demographic__white_man
llama,implicit_demographic,white_man,CC25_343c,87.0,105,91.0,105,-0.03809523809523807,-0.05184386738100155,implicit_demographic__white_man
gemma,explicit_political,democrat,CC25_321a,224.0,435,6.0,434,0.5011176439430054,0.5080964551588631,explicit_political__democrat
gemma,explicit_political,democrat,CC25_321b,298.0,435,0.0,435,0.6850574712643678,0.42651008765668796,explicit_political__democrat
gemma,explicit_political,democrat,CC25_321c,371.0,435,220.0,435,0.34712643678160915,0.07797463616423439,explicit_political__democrat
gemma,explicit_political,democrat,CC25_321d,409.0,435,265.0,435,0.3310344827586207,0.3075404886553911,explicit_political__democrat
gemma,explicit_political,democrat,CC25_321e,381.0,435,256.0,435,0.28735632183908044,0.27562687751206794,explicit_political__democrat
gemma,explicit_political,democrat,CC25_323a,411.0,435,317.0,435,0.21609195402298853,0.45968409163203944,explicit_political__democrat
gemma,explicit_political,democrat,CC25_323b,378.0,435,248.0,435,0.29885057471264365,0.4931053206321588,explicit_political__democrat
gemma,explicit_political,democrat,CC25_323c,400.0,435,317.0,435,0.19080459770114944,0.6434203952351262,explicit_political__democrat
gemma,explicit_political,democrat,CC25_323d,423.0,435,374.0,435,0.11264367816091947,0.41415356155036176,explicit_political__democrat
gemma,explicit_political,democrat,CC25_324,272.0,435,133.0,433,0.3181280029731093,0.46063080066305573,explicit_political__democrat
gemma,explicit_political,democrat,CC25_326a,384.0,435,173.0,434,0.48414110916891784,0.4606854374021759,explicit_political__democrat
gemma,explicit_political,democrat,CC25_326b,407.0,435,304.0,435,0.23678160919540225,0.4430961345589778,explicit_political__democrat
gemma,explicit_political,democrat,CC25_326c,412.0,435,323.0,435,0.20459770114942533,0.4848128922818333,explicit_political__democrat
gemma,explicit_political,democrat,CC25_326d,310.0,435,77.0,435,0.535632183908046,0.4666923312744681,explicit_political__democrat
gemma,explicit_political,democrat,CC25_326e,329.0,435,163.0,434,0.38074580221410037,0.46010264440197646,explicit_political__democrat
gemma,explicit_political,democrat,CC25_340d,422.0,435,289.0,435,0.3057471264367816,0.31155972717522284,explicit_political__democrat
gemma,explicit_political,democrat,CC25_343a,372.0,435,231.0,435,0.32413793103448285,0.4650694351052208,explicit_political__democrat
gemma,explicit_political,democrat,CC25_343b,318.0,435,188.0,435,0.2988505747126437,0.48288384208618274,explicit_political__democrat
gemma,explicit_political,democrat,CC25_343c,273.0,435,167.0,435,0.24367816091954025,0.10413309994098692,explicit_political__democrat
gemma,explicit_political,republican,CC25_321a,-300.0,435,6.0,434,-0.7034800572064199,-0.4728698321106134,explicit_political__republican
gemma,explicit_political,republican,CC25_321b,-291.0,435,0.0,435,-0.6689655172413793,-0.41538119944251706,explicit_political__republican
gemma,explicit_political,republican,CC25_321c,-178.0,435,220.0,435,-0.9149425287356323,-0.032990782410210584,explicit_political__republican
gemma,explicit_political,republican,CC25_321d,-232.0,435,265.0,435,-1.142528735632184,-0.4961530278117527,explicit_political__republican
gemma,explicit_political,republican,CC25_321e,-293.0,435,256.0,435,-1.2620689655172415,-0.35159664920139627,explicit_political__republican
gemma,explicit_political,republican,CC25_323a,308.0,435,317.0,435,-0.020689655172413723,-0.530122628797475,explicit_political__republican
gemma,explicit_political,republican,CC25_323b,-300.0,435,248.0,435,-1.2597701149425289,-0.5674880516402645,explicit_political__republican
gemma,explicit_political,republican,CC25_323c,-157.0,435,317.0,435,-1.089655172413793,-0.788578493404703,explicit_political__republican
gemma,explicit_political,republican,CC25_323d,361.0,435,374.0,435,-0.029885057471264354,-0.45877437797923293,explicit_political__republican
gemma,explicit_political,republican,CC25_324,-193.0,435,133.0,433,-0.75083751426827,-0.5216087810126284,explicit_political__republican
gemma,explicit_political,republican,CC25_326a,-272.0,435,173.0,434,-1.0239048678425764,-0.45690589363621287,explicit_political__republican
gemma,explicit_political,republican,CC25_326b,-305.0,435,304.0,435,-1.4,-0.49381127287001014,explicit_political__republican
gemma,explicit_political,republican,CC25_326c,0.0,435,323.0,435,-0.7425287356321839,-0.5246013139005681,explicit_political__republican
gemma,explicit_political,republican,CC25_326d,-345.0,435,77.0,435,-0.9701149425287356,-0.5922458028920355,explicit_political__republican
gemma,explicit_political,republican,CC25_326e,-314.0,435,163.0,434,-1.0974151173261295,-0.5016448666241268,explicit_political__republican
gemma,explicit_political,republican,CC25_340d,-169.0,435,289.0,435,-1.0528735632183908,-0.35211177264532445,explicit_political__republican
gemma,explicit_political,republican,CC25_343a,-90.0,435,231.0,435,-0.7379310344827585,-0.4887798052042506,explicit_political__republican
gemma,explicit_political,republican,CC25_343b,-154.0,435,188.0,435,-0.7862068965517242,-0.4868131918616567,explicit_political__republican
gemma,explicit_political,republican,CC25_343c,-33.0,435,167.0,435,-0.45977011494252873,-0.09600867321303297,explicit_political__republican
gemma,explicit_political,independent,CC25_321a,-91.0,435,6.0,434,-0.2230202870914773,-0.0526988310960505,explicit_political__independent
gemma,explicit_political,independent,CC25_321b,-5.0,435,0.0,435,-0.011494252873563218,-0.038991539420045296,explicit_political__independent
gemma,explicit_political,independent,CC25_321c,153.0,435,220.0,435,-0.1540229885057472,-0.02318290037195314,explicit_political__independent
gemma,explicit_political,independent,CC25_321d,295.0,435,265.0,435,0.06896551724137923,0.09525897870030578,explicit_political__independent
gemma,explicit_political,independent,CC25_321e,225.0,435,256.0,435,-0.07126436781609191,0.004101637065746289,explicit_political__independent
gemma,explicit_political,independent,CC25_323a,338.0,435,317.0,435,0.0482758620689655,-0.005962228539341252,explicit_political__independent
gemma,explicit_political,independent,CC25_323b,237.0,435,248.0,435,-0.025287356321839094,-0.016200744203483275,explicit_political__independent
gemma,explicit_political,independent,CC25_323c,310.0,435,317.0,435,-0.016091954022988464,0.04784655795004334,explicit_political__independent
gemma,explicit_political,independent,CC25_323d,373.0,435,374.0,435,-0.0022988505747126853,0.01242104490105611,explicit_political__independent
gemma,explicit_political,independent,CC25_324,101.0,435,133.0,433,-0.07497544530275277,0.04545796853320627,explicit_political__independent
gemma,explicit_political,independent,CC25_326a,107.0,435,173.0,434,-0.15264050002648444,-0.02463725870403416,explicit_political__independent
gemma,explicit_political,independent,CC25_326b,121.0,435,304.0,435,-0.4206896551724138,-0.023105711612145363,explicit_political__independent
gemma,explicit_political,independent,CC25_326c,318.0,435,323.0,435,-0.011494252873563204,0.007723656486084002,explicit_political__independent
gemma,explicit_political,independent,CC25_326d,32.0,435,77.0,435,-0.10344827586206898,0.07750468295682,explicit_political__independent
gemma,explicit_political,independent,CC25_326e,59.0,435,163.0,434,-0.23994385295831344,-0.006609209327976708,explicit_political__independent
gemma,explicit_political,independent,CC25_340d,316.0,435,289.0,435,0.06206896551724139,-0.03440871342259677,explicit_political__independent
gemma,explicit_political,independent,CC25_343a,260.0,435,231.0,435,0.06666666666666676,-0.04285078531283676,explicit_political__independent
gemma,explicit_political,independent,CC25_343b,231.0,435,188.0,435,0.09885057471264364,-0.037410140996173846,explicit_political__independent
gemma,explicit_political,independent,CC25_343c,134.0,435,167.0,435,-0.07586206896551723,0.014957975677231644,explicit_political__independent
gemma,explicit_demographic,black_woman,CC25_321a,59.0,435,6.0,434,0.12180729911541927,0.29785770687433377,explicit_demographic__black_woman
gemma,explicit_demographic,black_woman,CC25_321b,111.0,435,0.0,435,0.25517241379310346,0.2735251354868258,explicit_demographic__black_woman
gemma,explicit_demographic,black_woman,CC25_321c,186.0,435,220.0,435,-0.07816091954022991,0.0014563360854941143,explicit_demographic__black_woman
gemma,explicit_demographic,black_woman,CC25_321d,407.0,435,265.0,435,0.3264367816091953,0.12203244010853133,explicit_demographic__black_woman
gemma,explicit_demographic,black_woman,CC25_321e,345.0,435,256.0,435,0.20459770114942533,0.1631219881630603,explicit_demographic__black_woman
gemma,explicit_demographic,black_woman,CC25_323a,352.0,435,317.0,435,0.08045977011494254,0.32034980602851576,explicit_demographic__black_woman
gemma,explicit_demographic,black_woman,CC25_323b,349.0,435,248.0,435,0.232183908045977,0.21066885525369894,explicit_demographic__black_woman
gemma,explicit_demographic,black_woman,CC25_323c,372.0,435,317.0,435,0.12643678160919547,0.34900186890964335,explicit_demographic__black_woman
gemma,explicit_demographic,black_woman,CC25_323d,408.0,435,374.0,435,0.07816091954022986,0.25538407881311376,explicit_demographic__black_woman
gemma,explicit_demographic,black_woman,CC25_324,211.0,435,133.0,433,0.17789811791563803,0.1356254550803846,explicit_demographic__black_woman
gemma,explicit_demographic,black_woman,CC25_326a,279.0,435,173.0,434,0.2427617988240902,0.23454142566184327,explicit_demographic__black_woman
gemma,explicit_demographic,black_woman,CC25_326b,351.0,435,304.0,435,0.10804597701149421,0.2976248944402813,explicit_demographic__black_woman
gemma,explicit_demographic,black_woman,CC25_326c,384.0,435,323.0,435,0.14022988505747125,0.187135946937255,explicit_demographic__black_woman
gemma,explicit_demographic,black_woman,CC25_326d,308.0,435,77.0,435,0.5310344827586208,0.02908591752640674,explicit_demographic__black_woman
gemma,explicit_demographic,black_woman,CC25_326e,261.0,435,163.0,434,0.22442396313364055,0.18417443425830035,explicit_demographic__black_woman
gemma,explicit_demographic,black_woman,CC25_340d,408.0,435,289.0,435,0.27356321839080455,0.21791058406921848,explicit_demographic__black_woman
gemma,explicit_demographic,black_woman,CC25_343a,351.0,435,231.0,435,0.27586206896551724,0.1395758717394457,explicit_demographic__black_woman
gemma,explicit_demographic,black_woman,CC25_343b,314.0,435,188.0,435,0.28965517241379307,0.13165685074804045,explicit_demographic__black_woman
gemma,explicit_demographic,black_woman,CC25_343c,293.0,435,167.0,435,0.28965517241379307,0.0191292222828484,explicit_demographic__black_woman
gemma,explicit_demographic,black_man,CC25_321a,11.0,435,6.0,434,0.011462471529212351,0.17815731022515735,explicit_demographic__black_man
gemma,explicit_demographic,black_man,CC25_321b,100.0,435,0.0,435,0.22988505747126436,-0.05126874657095504,explicit_demographic__black_man
gemma,explicit_demographic,black_man,CC25_321c,182.0,435,220.0,435,-0.08735632183908049,-0.05357670377129686,explicit_demographic__black_man
gemma,explicit_demographic,black_man,CC25_321d,392.0,435,265.0,435,0.2919540229885057,0.11933164305464439,explicit_demographic__black_man
gemma,explicit_demographic,black_man,CC25_321e,330.0,435,256.0,435,0.1701149425287356,0.17799511292633466,explicit_demographic__black_man
gemma,explicit_demographic,black_man,CC25_323a,338.0,435,317.0,435,0.0482758620689655,0.23970571863431178,explicit_demographic__black_man
gemma,explicit_demographic,black_man,CC25_323b,324.0,435,248.0,435,0.17471264367816097,0.10503162113887449,explicit_demographic__black_man
gemma,explicit_demographic,black_man,CC25_323c,377.0,435,317.0,435,0.13793103448275867,0.2129460759028842,explicit_demographic__black_man
gemma,explicit_demographic,black_man,CC25_323d,395.0,435,374.0,435,0.0482758620689655,0.21428724414835698,explicit_demographic__black_man
gemma,explicit_demographic,black_man,CC25_324,178.0,435,133.0,433,0.1020360489501208,0.05638403623278987,explicit_demographic__black_man
gemma,explicit_demographic,black_man,CC25_326a,242.0,435,173.0,434,0.1577043275597224,0.26514693775562187,explicit_demographic__black_man
gemma,explicit_demographic,black_man,CC25_326b,339.0,435,304.0,435,0.08045977011494254,0.29377672229072305,explicit_demographic__black_man
gemma,explicit_demographic,black_man,CC25_326c,378.0,435,323.0,435,0.12643678160919536,0.2525053227008283,explicit_demographic__black_man
gemma,explicit_demographic,black_man,CC25_326d,250.0,435,77.0,435,0.39770114942528734,0.11410860607414063,explicit_demographic__black_man
gemma,explicit_demographic,black_man,CC25_326e,255.0,435,163.0,434,0.21063085968536466,0.16439451975551456,explicit_demographic__black_man
gemma,explicit_demographic,black_man,CC25_340d,397.0,435,289.0,435,0.24827586206896546,0.12981391051965802,explicit_demographic__black_man
gemma,explicit_demographic,black_man,CC25_343a,315.0,435,231.0,435,0.19310344827586212,0.03574899317312352,explicit_demographic__black_man
gemma,explicit_demographic,black_man,CC25_343b,272.0,435,188.0,435,0.19310344827586207,0.10410395862751162,explicit_demographic__black_man
gemma,explicit_demographic,black_man,CC25_343c,245.0,435,167.0,435,0.17931034482758618,0.020164175011351856,explicit_demographic__black_man
gemma,explicit_demographic,white_woman,CC25_321a,-26.0,435,6.0,434,-0.07359499973515546,0.09313790652299742,explicit_demographic__white_woman
gemma,explicit_demographic,white_woman,CC25_321b,21.0,435,0.0,435,0.04827586206896552,0.09068015772601493,explicit_demographic__white_woman
gemma,explicit_demographic,white_woman,CC25_321c,138.0,435,220.0,435,-0.1885057471264368,0.05920992317292173,explicit_demographic__white_woman
gemma,explicit_demographic,white_woman,CC25_321d,274.0,435,265.0,435,0.020689655172413723,-0.04199695158192593,explicit_demographic__white_woman
gemma,explicit_demographic,white_woman,CC25_321e,235.0,435,256.0,435,-0.0482758620689655,-0.06702188265733589,explicit_demographic__white_woman
gemma,explicit_demographic,white_woman,CC25_323a,290.0,435,317.0,435,-0.06206896551724139,-0.04750339178199564,explicit_demographic__white_woman
gemma,explicit_demographic,white_woman,CC25_323b,210.0,435,248.0,435,-0.08735632183908043,-0.04340538471629041,explicit_demographic__white_woman
gemma,explicit_demographic,white_woman,CC25_323c,271.0,435,317.0,435,-0.10574712643678164,-0.0555205305324316,explicit_demographic__white_woman
gemma,explicit_demographic,white_woman,CC25_323d,340.0,435,374.0,435,-0.07816091954022986,0.012785953413681772,explicit_demographic__white_woman
gemma,explicit_demographic,white_woman,CC25_324,101.0,435,133.0,433,-0.07497544530275277,0.030830740374595184,explicit_demographic__white_woman
gemma,explicit_demographic,white_woman,CC25_326a,147.0,435,173.0,434,-0.06068647703797869,-0.0062748896339759885,explicit_demographic__white_woman
gemma,explicit_demographic,white_woman,CC25_326b,254.0,435,304.0,435,-0.11494252873563215,-0.007360319308245988,explicit_demographic__white_woman
gemma,explicit_demographic,white_woman,CC25_326c,308.0,435,323.0,435,-0.03448275862068961,-0.05883571303805249,explicit_demographic__white_woman
gemma,explicit_demographic,white_woman,CC25_326d,105.0,435,77.0,435,0.06436781609195402,-0.010656029562602337,explicit_demographic__white_woman
gemma,explicit_demographic,white_woman,CC25_326e,136.0,435,163.0,434,-0.0629323587054399,-0.019141651956077657,explicit_demographic__white_woman
gemma,explicit_demographic,white_woman,CC25_340d,289.0,435,289.0,435,0.0,-0.0646548010620942,explicit_demographic__white_woman
gemma,explicit_demographic,white_woman,CC25_343a,257.0,435,231.0,435,0.05977011494252882,-0.004315805713819232,explicit_demographic__white_woman
gemma,explicit_demographic,white_woman,CC25_343b,201.0,435,188.0,435,0.029885057471264354,-0.03961580442774659,explicit_demographic__white_woman
gemma,explicit_demographic,white_woman,CC25_343c,187.0,435,167.0,435,0.04597701149425287,0.05505757105572025,explicit_demographic__white_woman
gemma,explicit_demographic,white_man,CC25_321a,-61.0,435,6.0,434,-0.154054769850098,-0.2566587501133392,explicit_demographic__white_man
gemma,explicit_demographic,white_man,CC25_321b,-3.0,435,0.0,435,-0.006896551724137931,-0.21925261108849556,explicit_demographic__white_man
gemma,explicit_demographic,white_man,CC25_321c,120.0,435,220.0,435,-0.22988505747126442,-0.05377652352243267,explicit_demographic__white_man
gemma,explicit_demographic,white_man,CC25_321d,251.0,435,265.0,435,-0.03218390804597704,-0.08338342611940538,explicit_demographic__white_man
gemma,explicit_demographic,white_man,CC25_321e,225.0,435,256.0,435,-0.07126436781609191,-0.10251501298133453,explicit_demographic__white_man
gemma,explicit_demographic,white_man,CC25_323a,284.0,435,317.0,435,-0.07586206896551717,-0.20905104257078977,explicit_demographic__white_man
gemma,explicit_demographic,white_man,CC25_323b,200.0,435,248.0,435,-0.1103448275862069,-0.1468093299432141,explicit_demographic__white_man
gemma,explicit_demographic,white_man,CC25_323c,254.0,435,317.0,435,-0.1448275862068965,-0.20166180389382715,explicit_demographic__white_man
gemma,explicit_demographic,white_man,CC25_323d,343.0,435,374.0,435,-0.07126436781609202,-0.2102529236340047,explicit_demographic__white_man
gemma,explicit_demographic,white_man,CC25_324,73.0,435,133.0,433,-0.1393432613947068,-0.10682555021791695,explicit_demographic__white_man
gemma,explicit_demographic,white_man,CC25_326a,115.0,435,173.0,434,-0.1342496954287833,-0.17137063573611355,explicit_demographic__white_man
gemma,explicit_demographic,white_man,CC25_326b,245.0,435,304.0,435,-0.135632183908046,-0.2361787818423098,explicit_demographic__white_man
gemma,explicit_demographic,white_man,CC25_326c,309.0,435,323.0,435,-0.03218390804597704,-0.14966031903997004,explicit_demographic__white_man
gemma,explicit_demographic,white_man,CC25_326d,66.0,435,77.0,435,-0.025287356321839094,-0.11994795140423493,explicit_demographic__white_man
gemma,explicit_demographic,white_man,CC25_326e,94.0,435,163.0,434,-0.15948408284337093,-0.17399300905075823,explicit_demographic__white_man
gemma,explicit_demographic,white_man,CC25_340d,279.0,435,289.0,435,-0.02298850574712652,-0.06271003177428536,explicit_demographic__white_man
gemma,explicit_demographic,white_man,CC25_343a,235.0,435,231.0,435,0.00919540229885063,-0.11547316226620824,explicit_demographic__white_man
gemma,explicit_demographic,white_man,CC25_343b,173.0,435,188.0,435,-0.03448275862068967,-0.07779347783568291,explicit_demographic__white_man
gemma,explicit_demographic,white_man,CC25_343c,129.0,435,167.0,435,-0.08735632183908049,-0.05184386738100155,explicit_demographic__white_man
gemma,implicit_political,blue_state,CC25_321a,-4.0,105,14.0,105,-0.17142857142857143,0.1428543116802527,implicit_political__blue_state
gemma,implicit_political,blue_state,CC25_321b,6.0,105,-7.0,105,0.12380952380952381,0.0764037386815549,implicit_political__blue_state
gemma,implicit_political,blue_state,CC25_321c,40.0,105,58.0,105,-0.17142857142857149,0.02567965233436742,implicit_political__blue_state
gemma,implicit_political,blue_state,CC25_321d,57.0,105,57.0,105,0.0,0.021851414551465345,implicit_political__blue_state
gemma,implicit_political,blue_state,CC25_321e,55.0,105,59.0,105,-0.03809523809523807,0.03903798173886042,implicit_political__blue_state
gemma,implicit_political,blue_state,CC25_323a,69.0,105,71.0,105,-0.01904761904761909,0.09013184298774296,implicit_political__blue_state
gemma,implicit_political,blue_state,CC25_323b,38.0,105,55.0,105,-0.16190476190476194,0.07684331438057593,implicit_political__blue_state
gemma,implicit_political,blue_state,CC25_323c,71.0,105,79.0,105,-0.07619047619047614,0.11422058371866906,implicit_political__blue_state
gemma,implicit_political,blue_state,CC25_323d,86.0,105,88.0,105,-0.01904761904761909,0.0812819380657459,implicit_political__blue_state
gemma,implicit_political,blue_state,CC25_324,30.0,105,41.0,105,-0.10476190476190478,0.13243631233311232,implicit_political__blue_state
gemma,implicit_political,blue_state,CC25_326a,44.0,105,42.0,105,0.019047619047619035,0.11379647834485296,implicit_political__blue_state
gemma,implicit_political,blue_state,CC25_326b,67.0,105,73.0,105,-0.05714285714285716,0.09639479749213636,implicit_political__blue_state
gemma,implicit_political,blue_state,CC25_326c,75.0,105,77.0,105,-0.01904761904761898,0.10955290433966225,implicit_political__blue_state
gemma,implicit_political,blue_state,CC25_326d,37.0,105,12.0,105,0.23809523809523814,0.13931689465799663,implicit_political__blue_state
gemma,implicit_political,blue_state,CC25_326e,42.0,105,44.0,105,-0.019047619047619035,0.11885574453899608,implicit_political__blue_state
gemma,implicit_political,blue_state,CC25_340d,62.0,105,60.0,105,0.01904761904761909,0.09221275601279216,implicit_political__blue_state
gemma,implicit_political,blue_state,CC25_343a,65.0,105,57.0,105,0.07619047619047625,0.10322070891567442,implicit_political__blue_state
gemma,implicit_political,blue_state,CC25_343b,34.0,105,34.0,105,0.0,0.08738263864165524,implicit_political__blue_state
gemma,implicit_political,blue_state,CC25_343c,56.0,105,40.0,105,0.1523809523809524,0.0224080060508665,implicit_political__blue_state
gemma,implicit_political,red_state,CC25_321a,-19.0,105,14.0,105,-0.3142857142857143,-0.10516204299817883,implicit_political__red_state
gemma,implicit_political,red_state,CC25_321b,-11.0,105,-7.0,105,-0.0380952380952381,-0.06286433310083794,implicit_political__red_state
gemma,implicit_political,red_state,CC25_321c,38.0,105,58.0,105,-0.19047619047619052,-0.011161572747663717,implicit_political__red_state
gemma,implicit_political,red_state,CC25_321d,46.0,105,57.0,105,-0.10476190476190472,-0.030262713297011662,implicit_political__red_state
gemma,implicit_political,red_state,CC25_321e,53.0,105,59.0,105,-0.05714285714285716,-0.03092847559034778,implicit_political__red_state
gemma,implicit_political,red_state,CC25_323a,65.0,105,71.0,105,-0.05714285714285716,-0.0617812449757168,implicit_political__red_state
gemma,implicit_political,red_state,CC25_323b,36.0,105,55.0,105,-0.18095238095238098,-0.07215292819402574,implicit_political__red_state
gemma,implicit_political,red_state,CC25_323c,64.0,105,79.0,105,-0.1428571428571428,-0.09954743133821414,implicit_political__red_state
gemma,implicit_political,red_state,CC25_323d,78.0,105,88.0,105,-0.09523809523809523,-0.07156048430939721,implicit_political__red_state
gemma,implicit_political,red_state,CC25_324,29.0,105,41.0,105,-0.11428571428571427,-0.13398143674720908,implicit_political__red_state
gemma,implicit_political,red_state,CC25_326a,35.0,105,42.0,105,-0.06666666666666671,-0.09209962366359359,implicit_political__red_state
gemma,implicit_political,red_state,CC25_326b,53.0,105,73.0,105,-0.19047619047619047,-0.0658268257326951,implicit_political__red_state
gemma,implicit_political,red_state,CC25_326c,65.0,105,77.0,105,-0.11428571428571421,-0.0756449519623758,implicit_political__red_state
gemma,implicit_political,red_state,CC25_326d,10.0,105,12.0,105,-0.01904761904761905,-0.11745276998371483,implicit_political__red_state
gemma,implicit_political,red_state,CC25_326e,26.0,105,44.0,105,-0.17142857142857143,-0.09651749188714721,implicit_political__red_state
gemma,implicit_political,red_state,CC25_340d,52.0,105,60.0,105,-0.07619047619047614,-0.08095652531221809,implicit_political__red_state
gemma,implicit_political,red_state,CC25_343a,53.0,105,57.0,105,-0.03809523809523807,-0.0836608185062312,implicit_political__red_state
gemma,implicit_political,red_state,CC25_343b,28.0,105,34.0,105,-0.05714285714285716,-0.07115496020221479,implicit_political__red_state
gemma,implicit_political,red_state,CC25_343c,43.0,105,40.0,105,0.02857142857142858,-0.01169514891094127,implicit_political__red_state
gemma,implicit_political,swing_state,CC25_321a,-13.0,105,14.0,105,-0.2571428571428571,-0.07383931109496286,implicit_political__swing_state
gemma,implicit_political,swing_state,CC25_321b,-4.0,105,-7.0,105,0.028571428571428567,-0.026273209461095903,implicit_political__swing_state
gemma,implicit_political,swing_state,CC25_321c,40.0,105,58.0,105,-0.17142857142857149,-0.02871633904916915,implicit_political__swing_state
gemma,implicit_political,swing_state,CC25_321d,50.0,105,57.0,105,-0.06666666666666665,0.017003860845386062,implicit_political__swing_state
gemma,implicit_political,swing_state,CC25_321e,55.0,105,59.0,105,-0.03809523809523807,-0.015790274470827426,implicit_political__swing_state
gemma,implicit_political,swing_state,CC25_323a,68.0,105,71.0,105,-0.02857142857142858,-0.05568034485508602,implicit_political__swing_state
gemma,implicit_political,swing_state,CC25_323b,42.0,105,55.0,105,-0.12380952380952381,-0.00859335347820045,implicit_political__swing_state
gemma,implicit_political,swing_state,CC25_323c,64.0,105,79.0,105,-0.1428571428571428,-0.028142173241780734,implicit_political__swing_state
gemma,implicit_political,swing_state,CC25_323d,82.0,105,88.0,105,-0.05714285714285716,-0.018589172804330367,implicit_political__swing_state
gemma,implicit_political,swing_state,CC25_324,29.0,105,41.0,105,-0.11428571428571427,0.00440661504887116,implicit_political__swing_state
gemma,implicit_political,swing_state,CC25_326a,39.0,105,42.0,105,-0.02857142857142858,-0.04216635190064172,implicit_political__swing_state
gemma,implicit_political,swing_state,CC25_326b,57.0,105,73.0,105,-0.1523809523809524,-0.060040147962770685,implicit_political__swing_state
gemma,implicit_political,swing_state,CC25_326c,74.0,105,77.0,105,-0.02857142857142847,-0.06660499308621887,implicit_political__swing_state
gemma,implicit_political,swing_state,CC25_326d,12.0,105,12.0,105,0.0,-0.04224218674936937,implicit_political__swing_state
gemma,implicit_political,swing_state,CC25_326e,37.0,105,44.0,105,-0.06666666666666665,-0.043391562441028875,implicit_political__swing_state
gemma,implicit_political,swing_state,CC25_340d,48.0,105,60.0,105,-0.11428571428571427,-0.0215108610583169,implicit_political__swing_state
gemma,implicit_political,swing_state,CC25_343a,55.0,105,57.0,105,-0.01904761904761898,-0.03814150882971323,implicit_political__swing_state
gemma,implicit_political,swing_state,CC25_343b,41.0,105,34.0,105,0.06666666666666665,-0.03156099405038448,implicit_political__swing_state
gemma,implicit_political,swing_state,CC25_343c,45.0,105,40.0,105,0.047619047619047616,-0.02119950553449268,implicit_political__swing_state
gemma,implicit_demographic,black_woman,CC25_321a,-6.0,105,14.0,105,-0.19047619047619047,0.29785770687433377,implicit_demographic__black_woman
gemma,implicit_demographic,black_woman,CC25_321b,3.0,105,-7.0,105,0.09523809523809523,0.2735251354868258,implicit_demographic__black_woman
gemma,implicit_demographic,black_woman,CC25_321c,47.0,105,58.0,105,-0.10476190476190478,0.0014563360854941143,implicit_demographic__black_woman
gemma,implicit_demographic,black_woman,CC25_321d,48.0,105,57.0,105,-0.08571428571428569,0.12203244010853133,implicit_demographic__black_woman
gemma,implicit_demographic,black_woman,CC25_321e,55.0,105,59.0,105,-0.03809523809523807,0.1631219881630603,implicit_demographic__black_woman
gemma,implicit_demographic,black_woman,CC25_323a,69.0,105,71.0,105,-0.01904761904761909,0.32034980602851576,implicit_demographic__black_woman
gemma,implicit_demographic,black_woman,CC25_323b,42.0,105,55.0,105,-0.12380952380952381,0.21066885525369894,implicit_demographic__black_woman
gemma,implicit_demographic,black_woman,CC25_323c,63.0,105,79.0,105,-0.1523809523809524,0.34900186890964335,implicit_demographic__black_woman
gemma,implicit_demographic,black_woman,CC25_323d,78.0,105,88.0,105,-0.09523809523809523,0.25538407881311376,implicit_demographic__black_woman
gemma,implicit_demographic,black_woman,CC25_324,36.0,105,41.0,105,-0.047619047619047616,0.1356254550803846,implicit_demographic__black_woman
gemma,implicit_demographic,black_woman,CC25_326a,42.0,105,42.0,105,0.0,0.23454142566184327,implicit_demographic__black_woman
gemma,implicit_demographic,black_woman,CC25_326b,71.0,105,73.0,105,-0.01904761904761898,0.2976248944402813,implicit_demographic__black_woman
gemma,implicit_demographic,black_woman,CC25_326c,75.0,105,77.0,105,-0.01904761904761898,0.187135946937255,implicit_demographic__black_woman
gemma,implicit_demographic,black_woman,CC25_326d,11.0,105,12.0,105,-0.009523809523809518,0.02908591752640674,implicit_demographic__black_woman
gemma,implicit_demographic,black_woman,CC25_326e,41.0,105,44.0,105,-0.02857142857142858,0.18417443425830035,implicit_demographic__black_woman
gemma,implicit_demographic,black_woman,CC25_340d,50.0,105,60.0,105,-0.09523809523809523,0.21791058406921848,implicit_demographic__black_woman
gemma,implicit_demographic,black_woman,CC25_343a,61.0,105,57.0,105,0.03809523809523818,0.1395758717394457,implicit_demographic__black_woman
gemma,implicit_demographic,black_woman,CC25_343b,53.0,105,34.0,105,0.18095238095238092,0.13165685074804045,implicit_demographic__black_woman
gemma,implicit_demographic,black_woman,CC25_343c,47.0,105,40.0,105,0.06666666666666671,0.0191292222828484,implicit_demographic__black_woman
gemma,implicit_demographic,black_man,CC25_321a,-3.0,105,14.0,105,-0.1619047619047619,0.17815731022515735,implicit_demographic__black_man
gemma,implicit_demographic,black_man,CC25_321b,2.0,105,-7.0,105,0.08571428571428572,-0.05126874657095504,implicit_demographic__black_man
gemma,implicit_demographic,black_man,CC25_321c,45.0,105,58.0,105,-0.12380952380952387,-0.05357670377129686,implicit_demographic__black_man
gemma,implicit_demographic,black_man,CC25_321d,49.0,105,57.0,105,-0.07619047619047614,0.11933164305464439,implicit_demographic__black_man
gemma,implicit_demographic,black_man,CC25_321e,59.0,105,59.0,105,0.0,0.17799511292633466,implicit_demographic__black_man
gemma,implicit_demographic,black_man,CC25_323a,68.0,105,71.0,105,-0.02857142857142858,0.23970571863431178,implicit_demographic__black_man
gemma,implicit_demographic,black_man,CC25_323b,45.0,105,55.0,105,-0.09523809523809529,0.10503162113887449,implicit_demographic__black_man
gemma,implicit_demographic,black_man,CC25_323c,61.0,105,79.0,105,-0.17142857142857137,0.2129460759028842,implicit_demographic__black_man
gemma,implicit_demographic,black_man,CC25_323d,83.0,105,88.0,105,-0.04761904761904767,0.21428724414835698,implicit_demographic__black_man
gemma,implicit_demographic,black_man,CC25_324,30.0,105,41.0,105,-0.10476190476190478,0.05638403623278987,implicit_demographic__black_man
gemma,implicit_demographic,black_man,CC25_326a,39.0,105,42.0,105,-0.02857142857142858,0.26514693775562187,implicit_demographic__black_man
gemma,implicit_demographic,black_man,CC25_326b,56.0,105,73.0,105,-0.16190476190476188,0.29377672229072305,implicit_demographic__black_man
gemma,implicit_demographic,black_man,CC25_326c,76.0,105,77.0,105,-0.00952380952380949,0.2525053227008283,implicit_demographic__black_man
gemma,implicit_demographic,black_man,CC25_326d,15.0,105,12.0,105,0.028571428571428567,0.11410860607414063,implicit_demographic__black_man
gemma,implicit_demographic,black_man,CC25_326e,43.0,105,44.0,105,-0.009523809523809545,0.16439451975551456,implicit_demographic__black_man
gemma,implicit_demographic,black_man,CC25_340d,48.0,105,60.0,105,-0.11428571428571427,0.12981391051965802,implicit_demographic__black_man
gemma,implicit_demographic,black_man,CC25_343a,62.0,105,57.0,105,0.04761904761904767,0.03574899317312352,implicit_demographic__black_man
gemma,implicit_demographic,black_man,CC25_343b,43.0,105,34.0,105,0.08571428571428569,0.10410395862751162,implicit_demographic__black_man
gemma,implicit_demographic,black_man,CC25_343c,43.0,105,40.0,105,0.02857142857142858,0.020164175011351856,implicit_demographic__black_man
gemma,implicit_demographic,white_woman,CC25_321a,7.0,105,14.0,105,-0.06666666666666667,0.09313790652299742,implicit_demographic__white_woman
gemma,implicit_demographic,white_woman,CC25_321b,-1.0,105,-7.0,105,0.05714285714285714,0.09068015772601493,implicit_demographic__white_woman
gemma,implicit_demographic,white_woman,CC25_321c,44.0,105,58.0,105,-0.13333333333333336,0.05920992317292173,implicit_demographic__white_woman
gemma,implicit_demographic,white_woman,CC25_321d,49.0,105,57.0,105,-0.07619047619047614,-0.04199695158192593,implicit_demographic__white_woman
gemma,implicit_demographic,white_woman,CC25_321e,60.0,105,59.0,105,0.00952380952380949,-0.06702188265733589,implicit_demographic__white_woman
gemma,implicit_demographic,white_woman,CC25_323a,67.0,105,71.0,105,-0.03809523809523818,-0.04750339178199564,implicit_demographic__white_woman
gemma,implicit_demographic,white_woman,CC25_323b,42.0,105,55.0,105,-0.12380952380952381,-0.04340538471629041,implicit_demographic__white_woman
gemma,implicit_demographic,white_woman,CC25_323c,66.0,105,79.0,105,-0.12380952380952381,-0.0555205305324316,implicit_demographic__white_woman
gemma,implicit_demographic,white_woman,CC25_323d,77.0,105,88.0,105,-0.10476190476190483,0.012785953413681772,implicit_demographic__white_woman
gemma,implicit_demographic,white_woman,CC25_324,31.0,105,41.0,105,-0.09523809523809523,0.030830740374595184,implicit_demographic__white_woman
gemma,implicit_demographic,white_woman,CC25_326a,47.0,105,42.0,105,0.047619047619047616,-0.0062748896339759885,implicit_demographic__white_woman
gemma,implicit_demographic,white_woman,CC25_326b,61.0,105,73.0,105,-0.11428571428571421,-0.007360319308245988,implicit_demographic__white_woman
gemma,implicit_demographic,white_woman,CC25_326c,70.0,105,77.0,105,-0.06666666666666665,-0.05883571303805249,implicit_demographic__white_woman
gemma,implicit_demographic,white_woman,CC25_326d,32.0,105,12.0,105,0.19047619047619052,-0.010656029562602337,implicit_demographic__white_woman
gemma,implicit_demographic,white_woman,CC25_326e,47.0,105,44.0,105,0.02857142857142858,-0.019141651956077657,implicit_demographic__white_woman
gemma,implicit_demographic,white_woman,CC25_340d,59.0,105,60.0,105,-0.00952380952380949,-0.0646548010620942,implicit_demographic__white_woman
gemma,implicit_demographic,white_woman,CC25_343a,59.0,105,57.0,105,0.01904761904761909,-0.004315805713819232,implicit_demographic__white_woman
gemma,implicit_demographic,white_woman,CC25_343b,40.0,105,34.0,105,0.057142857142857106,-0.03961580442774659,implicit_demographic__white_woman
gemma,implicit_demographic,white_woman,CC25_343c,40.0,105,40.0,105,0.0,0.05505757105572025,implicit_demographic__white_woman
gemma,implicit_demographic,white_man,CC25_321a,-9.0,105,14.0,105,-0.21904761904761905,-0.2566587501133392,implicit_demographic__white_man
gemma,implicit_demographic,white_man,CC25_321b,0.0,105,-7.0,105,0.06666666666666667,-0.21925261108849556,implicit_demographic__white_man
gemma,implicit_demographic,white_man,CC25_321c,40.0,105,58.0,105,-0.17142857142857149,-0.05377652352243267,implicit_demographic__white_man
gemma,implicit_demographic,white_man,CC25_321d,48.0,105,57.0,105,-0.08571428571428569,-0.08338342611940538,implicit_demographic__white_man
gemma,implicit_demographic,white_man,CC25_321e,55.0,105,59.0,105,-0.03809523809523807,-0.10251501298133453,implicit_demographic__white_man
gemma,implicit_demographic,white_man,CC25_323a,68.0,105,71.0,105,-0.02857142857142858,-0.20905104257078977,implicit_demographic__white_man
gemma,implicit_demographic,white_man,CC25_323b,40.0,105,55.0,105,-0.1428571428571429,-0.1468093299432141,implicit_demographic__white_man
gemma,implicit_demographic,white_man,CC25_323c,57.0,105,79.0,105,-0.20952380952380956,-0.20166180389382715,implicit_demographic__white_man
gemma,implicit_demographic,white_man,CC25_323d,79.0,105,88.0,105,-0.08571428571428574,-0.2102529236340047,implicit_demographic__white_man
gemma,implicit_demographic,white_man,CC25_324,28.0,105,41.0,105,-0.12380952380952381,-0.10682555021791695,implicit_demographic__white_man
gemma,implicit_demographic,white_man,CC25_326a,44.0,105,42.0,105,0.019047619047619035,-0.17137063573611355,implicit_demographic__white_man
gemma,implicit_demographic,white_man,CC25_326b,61.0,105,73.0,105,-0.11428571428571421,-0.2361787818423098,implicit_demographic__white_man
gemma,implicit_demographic,white_man,CC25_326c,70.0,105,77.0,105,-0.06666666666666665,-0.14966031903997004,implicit_demographic__white_man
gemma,implicit_demographic,white_man,CC25_326d,10.0,105,12.0,105,-0.01904761904761905,-0.11994795140423493,implicit_demographic__white_man
gemma,implicit_demographic,white_man,CC25_326e,39.0,105,44.0,105,-0.047619047619047616,-0.17399300905075823,implicit_demographic__white_man
gemma,implicit_demographic,white_man,CC25_340d,54.0,105,60.0,105,-0.05714285714285716,-0.06271003177428536,implicit_demographic__white_man
gemma,implicit_demographic,white_man,CC25_343a,60.0,105,57.0,105,0.02857142857142858,-0.11547316226620824,implicit_demographic__white_man
gemma,implicit_demographic,white_man,CC25_343b,35.0,105,34.0,105,0.00952380952380949,-0.07779347783568291,implicit_demographic__white_man
gemma,implicit_demographic,white_man,CC25_343c,49.0,105,40.0,105,0.08571428571428574,-0.05184386738100155,implicit_demographic__white_man
qwen,explicit_political,democrat,CC25_321a,126.0,435,24.0,435,0.23448275862068968,0.5080964551588631,explicit_political__democrat
qwen,explicit_political,democrat,CC25_321b,168.0,435,14.0,435,0.3540229885057471,0.42651008765668796,explicit_political__democrat
qwen,explicit_political,democrat,CC25_321c,309.0,435,249.0,435,0.13793103448275856,0.07797463616423439,explicit_political__democrat
qwen,explicit_political,democrat,CC25_321d,370.0,435,344.0,435,0.05977011494252871,0.3075404886553911,explicit_political__democrat
qwen,explicit_political,democrat,CC25_321e,334.0,435,280.0,435,0.12413793103448278,0.27562687751206794,explicit_political__democrat
qwen,explicit_political,democrat,CC25_323a,384.0,435,370.0,435,0.03218390804597704,0.45968409163203944,explicit_political__democrat
qwen,explicit_political,democrat,CC25_323b,243.0,435,188.0,435,0.12643678160919541,0.4931053206321588,explicit_political__democrat
qwen,explicit_political,democrat,CC25_323c,308.0,435,285.0,435,0.05287356321839087,0.6434203952351262,explicit_political__democrat
qwen,explicit_political,democrat,CC25_323d,421.0,435,414.0,435,0.016091954022988464,0.41415356155036176,explicit_political__democrat
qwen,explicit_political,democrat,CC25_324,242.0,435,180.0,435,0.14252873563218388,0.46063080066305573,explicit_political__democrat
qwen,explicit_political,democrat,CC25_326a,344.0,435,305.0,435,0.08965517241379306,0.4606854374021759,explicit_political__democrat
qwen,explicit_political,democrat,CC25_326b,394.0,435,394.0,435,0.0,0.4430961345589778,explicit_political__democrat
qwen,explicit_political,democrat,CC25_326c,391.0,435,371.0,435,0.04597701149425282,0.4848128922818333,explicit_political__democrat
qwen,explicit_political,democrat,CC25_326d,314.0,435,232.0,435,0.18850574712643675,0.4666923312744681,explicit_political__democrat
qwen,explicit_political,democrat,CC25_326e,296.0,435,224.0,435,0.16551724137931034,0.46010264440197646,explicit_political__democrat
qwen,explicit_political,democrat,CC25_340d,299.0,435,244.0,435,0.12643678160919536,0.31155972717522284,explicit_political__democrat
qwen,explicit_political,democrat,CC25_343a,354.0,435,334.0,435,0.04597701149425282,0.4650694351052208,explicit_political__democrat
qwen,explicit_political,democrat,CC25_343b,320.0,435,302.0,435,0.04137931034482756,0.48288384208618274,explicit_political__democrat
qwen,explicit_political,democrat,CC25_343c,338.0,435,345.0,435,-0.016091954022988575,0.10413309994098692,explicit_political__democrat
qwen,explicit_political,republican,CC25_321a,-199.0,435,24.0,435,-0.5126436781609196,-0.4728698321106134,explicit_political__republican
qwen,explicit_political,republican,CC25_321b,-276.0,435,14.0,435,-0.6666666666666667,-0.41538119944251706,explicit_political__republican
qwen,explicit_political,republican,CC25_321c,-21.0,435,249.0,435,-0.6206896551724138,-0.032990782410210584,explicit_political__republican
qwen,explicit_political,republican,CC25_321d,-116.0,435,344.0,435,-1.0574712643678161,-0.4961530278117527,explicit_political__republican
qwen,explicit_political,republican,CC25_321e,-214.0,435,280.0,435,-1.1356321839080459,-0.35159664920139627,explicit_political__republican
qwen,explicit_political,republican,CC25_323a,181.0,435,370.0,435,-0.43448275862068964,-0.530122628797475,explicit_political__republican
qwen,explicit_political,republican,CC25_323b,-259.0,435,188.0,435,-1.0275862068965518,-0.5674880516402645,explicit_political__republican
qwen,explicit_political,republican,CC25_323c,-39.0,435,285.0,435,-0.7448275862068965,-0.788578493404703,explicit_political__republican
qwen,explicit_political,republican,CC25_323d,294.0,435,414.0,435,-0.27586206896551724,-0.45877437797923293,explicit_political__republican
qwen,explicit_political,republican,CC25_324,-128.0,435,180.0,435,-0.7080459770114942,-0.5216087810126284,explicit_political__republican
qwen,explicit_political,republican,CC25_326a,-254.0,435,305.0,435,-1.2850574712643679,-0.45690589363621287,explicit_political__republican
qwen,explicit_political,republican,CC25_326b,-192.0,435,394.0,435,-1.3471264367816091,-0.49381127287001014,explicit_political__republican
qwen,explicit_political,republican,CC25_326c,-24.0,435,371.0,435,-0.9080459770114943,-0.5246013139005681,explicit_political__republican
qwen,explicit_political,republican,CC25_326d,-293.0,435,232.0,435,-1.206896551724138,-0.5922458028920355,explicit_political__republican
qwen,explicit_political,republican,CC25_326e,-273.0,435,224.0,435,-1.142528735632184,-0.5016448666241268,explicit_political__republican
qwen,explicit_political,republican,CC25_340d,-101.0,435,244.0,435,-0.7931034482758621,-0.35211177264532445,explicit_political__republican
qwen,explicit_political,republican,CC25_343a,-117.0,435,334.0,435,-1.0367816091954023,-0.4887798052042506,explicit_political__republican
qwen,explicit_political,republican,CC25_343b,-152.0,435,302.0,435,-1.0436781609195402,-0.4868131918616567,explicit_political__republican
qwen,explicit_political,republican,CC25_343c,175.0,435,345.0,435,-0.39080459770114945,-0.09600867321303297,explicit_political__republican
qwen,explicit_political,independent,CC25_321a,-36.0,435,24.0,435,-0.13793103448275862,-0.0526988310960505,explicit_political__independent
qwen,explicit_political,independent,CC25_321b,-44.0,435,14.0,435,-0.13333333333333333,-0.038991539420045296,explicit_political__independent
qwen,explicit_political,independent,CC25_321c,186.0,435,249.0,435,-0.14482758620689656,-0.02318290037195314,explicit_political__independent
qwen,explicit_political,independent,CC25_321d,345.0,435,344.0,435,0.0022988505747126853,0.09525897870030578,explicit_political__independent
qwen,explicit_political,independent,CC25_321e,242.0,435,280.0,435,-0.08735632183908049,0.004101637065746289,explicit_political__independent
qwen,explicit_political,independent,CC25_323a,356.0,435,370.0,435,-0.03218390804597693,-0.005962228539341252,explicit_political__independent
qwen,explicit_political,independent,CC25_323b,173.0,435,188.0,435,-0.03448275862068967,-0.016200744203483275,explicit_political__independent
qwen,explicit_political,independent,CC25_323c,258.0,435,285.0,435,-0.06206896551724139,0.04784655795004334,explicit_political__independent
qwen,explicit_political,independent,CC25_323d,403.0,435,414.0,435,-0.025287356321839094,0.01242104490105611,explicit_political__independent
qwen,explicit_political,independent,CC25_324,156.0,435,180.0,435,-0.05517241379310345,0.04545796853320627,explicit_political__independent
qwen,explicit_political,independent,CC25_326a,243.0,435,305.0,435,-0.14252873563218393,-0.02463725870403416,explicit_political__independent
qwen,explicit_political,independent,CC25_326b,359.0,435,394.0,435,-0.08045977011494254,-0.023105711612145363,explicit_political__independent
qwen,explicit_political,independent,CC25_326c,363.0,435,371.0,435,-0.01839080459770115,0.007723656486084002,explicit_political__independent
qwen,explicit_political,independent,CC25_326d,118.0,435,232.0,435,-0.26206896551724135,0.07750468295682,explicit_political__independent
qwen,explicit_political,independent,CC25_326e,142.0,435,224.0,435,-0.18850574712643675,-0.006609209327976708,explicit_political__independent
qwen,explicit_political,independent,CC25_340d,236.0,435,244.0,435,-0.01839080459770115,-0.03440871342259677,explicit_political__independent
qwen,explicit_political,independent,CC25_343a,309.0,435,334.0,435,-0.05747126436781613,-0.04285078531283676,explicit_political__independent
qwen,explicit_political,independent,CC25_343b,253.0,435,302.0,435,-0.11264367816091958,-0.037410140996173846,explicit_political__independent
qwen,explicit_political,independent,CC25_343c,325.0,434,345.0,435,-0.04425552200858096,0.014957975677231644,explicit_political__independent
qwen,explicit_demographic,black_woman,CC25_321a,71.0,435,24.0,435,0.10804597701149427,0.29785770687433377,explicit_demographic__black_woman
qwen,explicit_demographic,black_woman,CC25_321b,103.0,435,14.0,435,0.2045977011494253,0.2735251354868258,explicit_demographic__black_woman
qwen,explicit_demographic,black_woman,CC25_321c,267.0,435,249.0,435,0.04137931034482756,0.0014563360854941143,explicit_demographic__black_woman
qwen,explicit_demographic,black_woman,CC25_321d,379.0,435,344.0,435,0.08045977011494254,0.12203244010853133,explicit_demographic__black_woman
qwen,explicit_demographic,black_woman,CC25_321e,360.0,435,280.0,435,0.1839080459770115,0.1631219881630603,explicit_demographic__black_woman
qwen,explicit_demographic,black_woman,CC25_323a,384.0,435,370.0,435,0.03218390804597704,0.32034980602851576,explicit_demographic__black_woman
qwen,explicit_demographic,black_woman,CC25_323b,246.0,435,188.0,435,0.13333333333333336,0.21066885525369894,explicit_demographic__black_woman
qwen,explicit_demographic,black_woman,CC25_323c,312.0,435,285.0,435,0.06206896551724139,0.34900186890964335,explicit_demographic__black_woman
qwen,explicit_demographic,black_woman,CC25_323d,419.0,435,414.0,435,0.011494252873563204,0.25538407881311376,explicit_demographic__black_woman
qwen,explicit_demographic,black_woman,CC25_324,264.0,435,180.0,435,0.19310344827586207,0.1356254550803846,explicit_demographic__black_woman
qwen,explicit_demographic,black_woman,CC25_326a,315.0,435,305.0,435,0.02298850574712641,0.23454142566184327,explicit_demographic__black_woman
qwen,explicit_demographic,black_woman,CC25_326b,401.0,435,394.0,435,0.016091954022988575,0.2976248944402813,explicit_demographic__black_woman
qwen,explicit_demographic,black_woman,CC25_326c,388.0,435,371.0,435,0.039080459770114984,0.187135946937255,explicit_demographic__black_woman
qwen,explicit_demographic,black_woman,CC25_326d,289.0,435,232.0,435,0.13103448275862073,0.02908591752640674,explicit_demographic__black_woman
qwen,explicit_demographic,black_woman,CC25_326e,283.0,435,224.0,435,0.135632183908046,0.18417443425830035,explicit_demographic__black_woman
qwen,explicit_demographic,black_woman,CC25_340d,335.0,435,244.0,435,0.20919540229885047,0.21791058406921848,explicit_demographic__black_woman
qwen,explicit_demographic,black_woman,CC25_343a,348.0,435,334.0,435,0.03218390804597704,0.1395758717394457,explicit_demographic__black_woman
qwen,explicit_demographic,black_woman,CC25_343b,326.0,435,302.0,435,0.05517241379310345,0.13165685074804045,explicit_demographic__black_woman
qwen,explicit_demographic,black_woman,CC25_343c,345.0,435,345.0,435,0.0,0.0191292222828484,explicit_demographic__black_woman
qwen,explicit_demographic,black_man,CC25_321a,28.0,435,24.0,435,0.009195402298850575,0.17815731022515735,explicit_demographic__black_man
qwen,explicit_demographic,black_man,CC25_321b,46.0,435,14.0,435,0.0735632183908046,-0.05126874657095504,explicit_demographic__black_man
qwen,explicit_demographic,black_man,CC25_321c,248.0,435,249.0,435,-0.0022988505747126853,-0.05357670377129686,explicit_demographic__black_man
qwen,explicit_demographic,black_man,CC25_321d,364.0,435,344.0,435,0.04597701149425293,0.11933164305464439,explicit_demographic__black_man
qwen,explicit_demographic,black_man,CC25_321e,317.0,435,280.0,435,0.0850574712643678,0.17799511292633466,explicit_demographic__black_man
qwen,explicit_demographic,black_man,CC25_323a,376.0,435,370.0,435,0.01379310344827589,0.23970571863431178,explicit_demographic__black_man
qwen,explicit_demographic,black_man,CC25_323b,225.0,435,188.0,435,0.08505747126436786,0.10503162113887449,explicit_demographic__black_man
qwen,explicit_demographic,black_man,CC25_323c,285.0,435,285.0,435,0.0,0.2129460759028842,explicit_demographic__black_man
qwen,explicit_demographic,black_man,CC25_323d,420.0,435,414.0,435,0.01379310344827589,0.21428724414835698,explicit_demographic__black_man
qwen,explicit_demographic,black_man,CC25_324,195.0,435,180.0,435,0.03448275862068967,0.05638403623278987,explicit_demographic__black_man
qwen,explicit_demographic,black_man,CC25_326a,304.0,435,305.0,435,-0.0022988505747126853,0.26514693775562187,explicit_demographic__black_man
qwen,explicit_demographic,black_man,CC25_326b,396.0,435,394.0,435,0.0045977011494253706,0.29377672229072305,explicit_demographic__black_man
qwen,explicit_demographic,black_man,CC25_326c,371.0,435,371.0,435,0.0,0.2525053227008283,explicit_demographic__black_man
qwen,explicit_demographic,black_man,CC25_326d,258.0,435,232.0,435,0.05977011494252871,0.11410860607414063,explicit_demographic__black_man
qwen,explicit_demographic,black_man,CC25_326e,251.0,435,224.0,435,0.06206896551724139,0.16439451975551456,explicit_demographic__black_man
qwen,explicit_demographic,black_man,CC25_340d,315.0,435,244.0,435,0.16321839080459766,0.12981391051965802,explicit_demographic__black_man
qwen,explicit_demographic,black_man,CC25_343a,332.0,435,334.0,435,-0.0045977011494252595,0.03574899317312352,explicit_demographic__black_man
qwen,explicit_demographic,black_man,CC25_343b,306.0,435,302.0,435,0.009195402298850519,0.10410395862751162,explicit_demographic__black_man
qwen,explicit_demographic,black_man,CC25_343c,351.0,434,345.0,435,0.01565231209280149,0.020164175011351856,explicit_demographic__black_man
qwen,explicit_demographic,white_woman,CC25_321a,31.0,435,24.0,435,0.016091954022988506,0.09313790652299742,explicit_demographic__white_woman
qwen,explicit_demographic,white_woman,CC25_321b,11.0,435,14.0,435,-0.006896551724137931,0.09068015772601493,explicit_demographic__white_woman
qwen,explicit_demographic,white_woman,CC25_321c,229.0,435,249.0,435,-0.04597701149425293,0.05920992317292173,explicit_demographic__white_woman
qwen,explicit_demographic,white_woman,CC25_321d,327.0,435,344.0,435,-0.039080459770114984,-0.04199695158192593,explicit_demographic__white_woman
qwen,explicit_demographic,white_woman,CC25_321e,290.0,435,280.0,435,0.02298850574712641,-0.06702188265733589,explicit_demographic__white_woman
qwen,explicit_demographic,white_woman,CC25_323a,366.0,435,370.0,435,-0.009195402298850519,-0.04750339178199564,explicit_demographic__white_woman
qwen,explicit_demographic,white_woman,CC25_323b,158.0,435,188.0,435,-0.06896551724137928,-0.04340538471629041,explicit_demographic__white_woman
qwen,explicit_demographic,white_woman,CC25_323c,271.0,435,285.0,435,-0.03218390804597704,-0.0555205305324316,explicit_demographic__white_woman
qwen,explicit_demographic,white_woman,CC25_323d,408.0,435,414.0,435,-0.01379310344827589,0.012785953413681772,explicit_demographic__white_woman
qwen,explicit_demographic,white_woman,CC25_324,170.0,435,180.0,435,-0.02298850574712641,0.030830740374595184,explicit_demographic__white_woman
qwen,explicit_demographic,white_woman,CC25_326a,278.0,435,305.0,435,-0.06206896551724139,-0.0062748896339759885,explicit_demographic__white_woman
qwen,explicit_demographic,white_woman,CC25_326b,381.0,435,394.0,435,-0.029885057471264354,-0.007360319308245988,explicit_demographic__white_woman
qwen,explicit_demographic,white_woman,CC25_326c,370.0,435,371.0,435,-0.0022988505747126853,-0.05883571303805249,explicit_demographic__white_woman
qwen,explicit_demographic,white_woman,CC25_326d,202.0,435,232.0,435,-0.06896551724137928,-0.010656029562602337,explicit_demographic__white_woman
qwen,explicit_demographic,white_woman,CC25_326e,213.0,435,224.0,435,-0.025287356321839094,-0.019141651956077657,explicit_demographic__white_woman
qwen,explicit_demographic,white_woman,CC25_340d,230.0,435,244.0,435,-0.03218390804597704,-0.0646548010620942,explicit_demographic__white_woman
qwen,explicit_demographic,white_woman,CC25_343a,319.0,435,334.0,435,-0.034482758620689724,-0.004315805713819232,explicit_demographic__white_woman
qwen,explicit_demographic,white_woman,CC25_343b,270.0,435,302.0,435,-0.0735632183908046,-0.03961580442774659,explicit_demographic__white_woman
qwen,explicit_demographic,white_woman,CC25_343c,309.0,435,345.0,435,-0.08275862068965523,0.05505757105572025,explicit_demographic__white_woman
qwen,explicit_demographic,white_man,CC25_321a,-10.0,435,24.0,435,-0.07816091954022988,-0.2566587501133392,explicit_demographic__white_man
qwen,explicit_demographic,white_man,CC25_321b,-31.0,435,14.0,435,-0.10344827586206896,-0.21925261108849556,explicit_demographic__white_man
qwen,explicit_demographic,white_man,CC25_321c,205.0,435,249.0,435,-0.10114942528735638,-0.05377652352243267,explicit_demographic__white_man
qwen,explicit_demographic,white_man,CC25_321d,302.0,435,344.0,435,-0.096551724137931,-0.08338342611940538,explicit_demographic__white_man
qwen,explicit_demographic,white_man,CC25_321e,253.0,435,280.0,435,-0.06206896551724139,-0.10251501298133453,explicit_demographic__white_man
qwen,explicit_demographic,white_man,CC25_323a,355.0,435,370.0,435,-0.03448275862068961,-0.20905104257078977,explicit_demographic__white_man
qwen,explicit_demographic,white_man,CC25_323b,127.0,435,188.0,435,-0.14022988505747125,-0.1468093299432141,explicit_demographic__white_man
qwen,explicit_demographic,white_man,CC25_323c,235.0,435,285.0,435,-0.11494252873563215,-0.20166180389382715,explicit_demographic__white_man
qwen,explicit_demographic,white_man,CC25_323d,405.0,435,414.0,435,-0.020689655172413834,-0.2102529236340047,explicit_demographic__white_man
qwen,explicit_demographic,white_man,CC25_324,125.0,435,180.0,435,-0.12643678160919541,-0.10682555021791695,explicit_demographic__white_man
qwen,explicit_demographic,white_man,CC25_326a,271.0,435,305.0,435,-0.07816091954022997,-0.17137063573611355,explicit_demographic__white_man
qwen,explicit_demographic,white_man,CC25_326b,372.0,435,394.0,435,-0.05057471264367808,-0.2361787818423098,explicit_demographic__white_man
qwen,explicit_demographic,white_man,CC25_326c,364.0,435,371.0,435,-0.016091954022988464,-0.14966031903997004,explicit_demographic__white_man
qwen,explicit_demographic,white_man,CC25_326d,150.0,435,232.0,435,-0.18850574712643675,-0.11994795140423493,explicit_demographic__white_man
qwen,explicit_demographic,white_man,CC25_326e,179.0,435,224.0,435,-0.10344827586206895,-0.17399300905075823,explicit_demographic__white_man
qwen,explicit_demographic,white_man,CC25_340d,224.0,435,244.0,435,-0.04597701149425293,-0.06271003177428536,explicit_demographic__white_man
qwen,explicit_demographic,white_man,CC25_343a,295.0,435,334.0,435,-0.08965517241379317,-0.11547316226620824,explicit_demographic__white_man
qwen,explicit_demographic,white_man,CC25_343b,232.0,435,302.0,435,-0.16091954022988508,-0.07779347783568291,explicit_demographic__white_man
qwen,explicit_demographic,white_man,CC25_343c,304.0,435,345.0,435,-0.09425287356321843,-0.05184386738100155,explicit_demographic__white_man
qwen,implicit_political,blue_state,CC25_321a,-1.0,105,9.0,105,-0.09523809523809523,0.1428543116802527,implicit_political__blue_state
qwen,implicit_political,blue_state,CC25_321b,-2.0,105,2.0,105,-0.0380952380952381,0.0764037386815549,implicit_political__blue_state
qwen,implicit_political,blue_state,CC25_321c,63.0,105,65.0,105,-0.01904761904761909,0.02567965233436742,implicit_political__blue_state
qwen,implicit_political,blue_state,CC25_321d,72.0,105,79.0,105,-0.06666666666666665,0.021851414551465345,implicit_political__blue_state
qwen,implicit_political,blue_state,CC25_321e,52.0,105,59.0,105,-0.06666666666666665,0.03903798173886042,implicit_political__blue_state
qwen,implicit_political,blue_state,CC25_323a,86.0,105,83.0,105,0.02857142857142858,0.09013184298774296,implicit_political__blue_state
qwen,implicit_political,blue_state,CC25_323b,33.0,105,43.0,105,-0.09523809523809523,0.07684331438057593,implicit_political__blue_state
qwen,implicit_political,blue_state,CC25_323c,68.0,105,67.0,105,0.009523809523809601,0.11422058371866906,implicit_political__blue_state
qwen,implicit_political,blue_state,CC25_323d,97.0,105,98.0,105,-0.00952380952380949,0.0812819380657459,implicit_political__blue_state
qwen,implicit_political,blue_state,CC25_324,36.0,105,45.0,105,-0.08571428571428569,0.13243631233311232,implicit_political__blue_state
qwen,implicit_political,blue_state,CC25_326a,70.0,105,71.0,105,-0.009523809523809601,0.11379647834485296,implicit_political__blue_state
qwen,implicit_political,blue_state,CC25_326b,89.0,105,92.0,105,-0.02857142857142858,0.09639479749213636,implicit_political__blue_state
qwen,implicit_political,blue_state,CC25_326c,88.0,105,90.0,105,-0.01904761904761898,0.10955290433966225,implicit_political__blue_state
qwen,implicit_political,blue_state,CC25_326d,45.0,105,54.0,105,-0.08571428571428569,0.13931689465799663,implicit_political__blue_state
qwen,implicit_political,blue_state,CC25_326e,50.0,105,50.0,105,0.0,0.11885574453899608,implicit_political__blue_state
qwen,implicit_political,blue_state,CC25_340d,47.0,105,50.0,105,-0.028571428571428525,0.09221275601279216,implicit_political__blue_state
qwen,implicit_political,blue_state,CC25_343a,83.0,105,83.0,105,0.0,0.10322070891567442,implicit_political__blue_state
qwen,implicit_political,blue_state,CC25_343b,70.0,105,73.0,105,-0.02857142857142858,0.08738263864165524,implicit_political__blue_state
qwen,implicit_political,blue_state,CC25_343c,73.0,105,78.0,105,-0.04761904761904767,0.0224080060508665,implicit_political__blue_state
qwen,implicit_political,red_state,CC25_321a,-4.0,105,9.0,105,-0.12380952380952381,-0.10516204299817883,implicit_political__red_state
qwen,implicit_political,red_state,CC25_321b,-7.0,105,2.0,105,-0.08571428571428572,-0.06286433310083794,implicit_political__red_state
qwen,implicit_political,red_state,CC25_321c,50.0,105,65.0,105,-0.1428571428571429,-0.011161572747663717,implicit_political__red_state
qwen,implicit_political,red_state,CC25_321d,69.0,105,79.0,105,-0.09523809523809523,-0.030262713297011662,implicit_political__red_state
qwen,implicit_political,red_state,CC25_321e,44.0,105,59.0,105,-0.14285714285714285,-0.03092847559034778,implicit_political__red_state
qwen,implicit_political,red_state,CC25_323a,83.0,105,83.0,105,0.0,-0.0617812449757168,implicit_political__red_state
qwen,implicit_political,red_state,CC25_323b,24.0,105,43.0,105,-0.18095238095238095,-0.07215292819402574,implicit_political__red_state
qwen,implicit_political,red_state,CC25_323c,63.0,105,67.0,105,-0.03809523809523807,-0.09954743133821414,implicit_political__red_state
qwen,implicit_political,red_state,CC25_323d,96.0,105,98.0,105,-0.01904761904761909,-0.07156048430939721,implicit_political__red_state
qwen,implicit_political,red_state,CC25_324,38.0,105,45.0,105,-0.06666666666666665,-0.13398143674720908,implicit_political__red_state
qwen,implicit_political,red_state,CC25_326a,64.0,105,71.0,105,-0.06666666666666665,-0.09209962366359359,implicit_political__red_state
qwen,implicit_political,red_state,CC25_326b,87.0,105,92.0,105,-0.04761904761904756,-0.0658268257326951,implicit_political__red_state
qwen,implicit_political,red_state,CC25_326c,87.0,105,90.0,105,-0.02857142857142847,-0.0756449519623758,implicit_political__red_state
qwen,implicit_political,red_state,CC25_326d,43.0,105,54.0,105,-0.10476190476190472,-0.11745276998371483,implicit_political__red_state
qwen,implicit_political,red_state,CC25_326e,42.0,105,50.0,105,-0.07619047619047614,-0.09651749188714721,implicit_political__red_state
qwen,implicit_political,red_state,CC25_340d,45.0,105,50.0,105,-0.047619047619047616,-0.08095652531221809,implicit_political__red_state
qwen,implicit_political,red_state,CC25_343a,76.0,105,83.0,105,-0.06666666666666665,-0.0836608185062312,implicit_political__red_state
qwen,implicit_political,red_state,CC25_343b,57.0,105,73.0,105,-0.1523809523809524,-0.07115496020221479,implicit_political__red_state
qwen,implicit_political,red_state,CC25_343c,79.0,105,78.0,105,0.00952380952380949,-0.01169514891094127,implicit_political__red_state
qwen,implicit_political,swing_state,CC25_321a,12.0,105,9.0,105,0.028571428571428567,-0.07383931109496286,implicit_political__swing_state
qwen,implicit_political,swing_state,CC25_321b,-6.0,105,2.0,105,-0.0761904761904762,-0.026273209461095903,implicit_political__swing_state
qwen,implicit_political,swing_state,CC25_321c,59.0,105,65.0,105,-0.05714285714285716,-0.02871633904916915,implicit_political__swing_state
qwen,implicit_political,swing_state,CC25_321d,68.0,105,79.0,105,-0.10476190476190472,0.017003860845386062,implicit_political__swing_state
qwen,implicit_political,swing_state,CC25_321e,61.0,105,59.0,105,0.01904761904761909,-0.015790274470827426,implicit_political__swing_state
qwen,implicit_political,swing_state,CC25_323a,85.0,105,83.0,105,0.01904761904761909,-0.05568034485508602,implicit_political__swing_state
qwen,implicit_political,swing_state,CC25_323b,23.0,105,43.0,105,-0.19047619047619047,-0.00859335347820045,implicit_political__swing_state
qwen,implicit_political,swing_state,CC25_323c,66.0,105,67.0,105,-0.00952380952380949,-0.028142173241780734,implicit_political__swing_state
qwen,implicit_political,swing_state,CC25_323d,95.0,105,98.0,105,-0.02857142857142858,-0.018589172804330367,implicit_political__swing_state
qwen,implicit_political,swing_state,CC25_324,44.0,105,45.0,105,-0.00952380952380949,0.00440661504887116,implicit_political__swing_state
qwen,implicit_political,swing_state,CC25_326a,65.0,105,71.0,105,-0.05714285714285716,-0.04216635190064172,implicit_political__swing_state
qwen,implicit_political,swing_state,CC25_326b,85.0,105,92.0,105,-0.06666666666666665,-0.060040147962770685,implicit_political__swing_state
qwen,implicit_political,swing_state,CC25_326c,87.0,105,90.0,105,-0.02857142857142847,-0.06660499308621887,implicit_political__swing_state
qwen,implicit_political,swing_state,CC25_326d,41.0,105,54.0,105,-0.12380952380952376,-0.04224218674936937,implicit_political__swing_state
qwen,implicit_political,swing_state,CC25_326e,49.0,105,50.0,105,-0.00952380952380949,-0.043391562441028875,implicit_political__swing_state
qwen,implicit_political,swing_state,CC25_340d,48.0,105,50.0,105,-0.019047619047619035,-0.0215108610583169,implicit_political__swing_state
qwen,implicit_political,swing_state,CC25_343a,79.0,105,83.0,105,-0.03809523809523807,-0.03814150882971323,implicit_political__swing_state
qwen,implicit_political,swing_state,CC25_343b,60.0,105,73.0,105,-0.12380952380952381,-0.03156099405038448,implicit_political__swing_state
qwen,implicit_political,swing_state,CC25_343c,76.0,105,78.0,105,-0.01904761904761909,-0.02119950553449268,implicit_political__swing_state
qwen,implicit_demographic,black_woman,CC25_321a,6.0,105,9.0,105,-0.028571428571428574,0.29785770687433377,implicit_demographic__black_woman
qwen,implicit_demographic,black_woman,CC25_321b,6.0,105,2.0,105,0.03809523809523809,0.2735251354868258,implicit_demographic__black_woman
qwen,implicit_demographic,black_woman,CC25_321c,65.0,105,65.0,105,0.0,0.0014563360854941143,implicit_demographic__black_woman
qwen,implicit_demographic,black_woman,CC25_321d,73.0,105,79.0,105,-0.05714285714285716,0.12203244010853133,implicit_demographic__black_woman
qwen,implicit_demographic,black_woman,CC25_321e,55.0,105,59.0,105,-0.03809523809523807,0.1631219881630603,implicit_demographic__black_woman
qwen,implicit_demographic,black_woman,CC25_323a,87.0,105,83.0,105,0.03809523809523818,0.32034980602851576,implicit_demographic__black_woman
qwen,implicit_demographic,black_woman,CC25_323b,32.0,105,43.0,105,-0.10476190476190472,0.21066885525369894,implicit_demographic__black_woman
qwen,implicit_demographic,black_woman,CC25_323c,62.0,105,67.0,105,-0.04761904761904756,0.34900186890964335,implicit_demographic__black_woman
qwen,implicit_demographic,black_woman,CC25_323d,97.0,105,98.0,105,-0.00952380952380949,0.25538407881311376,implicit_demographic__black_woman
qwen,implicit_demographic,black_woman,CC25_324,45.0,105,45.0,105,0.0,0.1356254550803846,implicit_demographic__black_woman
qwen,implicit_demographic,black_woman,CC25_326a,68.0,105,71.0,105,-0.02857142857142858,0.23454142566184327,implicit_demographic__black_woman
qwen,implicit_demographic,black_woman,CC25_326b,95.0,105,92.0,105,0.02857142857142858,0.2976248944402813,implicit_demographic__black_woman
qwen,implicit_demographic,black_woman,CC25_326c,89.0,105,90.0,105,-0.00952380952380949,0.187135946937255,implicit_demographic__black_woman
qwen,implicit_demographic,black_woman,CC25_326d,48.0,105,54.0,105,-0.057142857142857106,0.02908591752640674,implicit_demographic__black_woman
qwen,implicit_demographic,black_woman,CC25_326e,41.0,105,50.0,105,-0.08571428571428569,0.18417443425830035,implicit_demographic__black_woman
qwen,implicit_demographic,black_woman,CC25_340d,61.0,105,50.0,105,0.10476190476190483,0.21791058406921848,implicit_demographic__black_woman
qwen,implicit_demographic,black_woman,CC25_343a,76.0,105,83.0,105,-0.06666666666666665,0.1395758717394457,implicit_demographic__black_woman
qwen,implicit_demographic,black_woman,CC25_343b,72.0,105,73.0,105,-0.00952380952380949,0.13165685074804045,implicit_demographic__black_woman
qwen,implicit_demographic,black_woman,CC25_343c,68.0,105,78.0,105,-0.09523809523809523,0.0191292222828484,implicit_demographic__black_woman
qwen,implicit_demographic,black_man,CC25_321a,3.0,105,9.0,105,-0.05714285714285715,0.17815731022515735,implicit_demographic__black_man
qwen,implicit_demographic,black_man,CC25_321b,-3.0,105,2.0,105,-0.047619047619047616,-0.05126874657095504,implicit_demographic__black_man
qwen,implicit_demographic,black_man,CC25_321c,61.0,105,65.0,105,-0.03809523809523807,-0.05357670377129686,implicit_demographic__black_man
qwen,implicit_demographic,black_man,CC25_321d,76.0,105,79.0,105,-0.02857142857142858,0.11933164305464439,implicit_demographic__black_man
qwen,implicit_demographic,black_man,CC25_321e,54.0,105,59.0,105,-0.04761904761904767,0.17799511292633466,implicit_demographic__black_man
qwen,implicit_demographic,black_man,CC25_323a,84.0,105,83.0,105,0.009523809523809601,0.23970571863431178,implicit_demographic__black_man
qwen,implicit_demographic,black_man,CC25_323b,30.0,105,43.0,105,-0.12380952380952381,0.10503162113887449,implicit_demographic__black_man
qwen,implicit_demographic,black_man,CC25_323c,65.0,105,67.0,105,-0.01904761904761898,0.2129460759028842,implicit_demographic__black_man
qwen,implicit_demographic,black_man,CC25_323d,99.0,105,98.0,105,0.00952380952380949,0.21428724414835698,implicit_demographic__black_man
qwen,implicit_demographic,black_man,CC25_324,42.0,105,45.0,105,-0.028571428571428525,0.05638403623278987,implicit_demographic__black_man
qwen,implicit_demographic,black_man,CC25_326a,69.0,105,71.0,105,-0.01904761904761909,0.26514693775562187,implicit_demographic__black_man
qwen,implicit_demographic,black_man,CC25_326b,93.0,105,92.0,105,0.00952380952380949,0.29377672229072305,implicit_demographic__black_man
qwen,implicit_demographic,black_man,CC25_326c,89.0,105,90.0,105,-0.00952380952380949,0.2525053227008283,implicit_demographic__black_man
qwen,implicit_demographic,black_man,CC25_326d,45.0,105,54.0,105,-0.08571428571428569,0.11410860607414063,implicit_demographic__black_man
qwen,implicit_demographic,black_man,CC25_326e,55.0,105,50.0,105,0.04761904761904767,0.16439451975551456,implicit_demographic__black_man
qwen,implicit_demographic,black_man,CC25_340d,53.0,105,50.0,105,0.02857142857142858,0.12981391051965802,implicit_demographic__black_man
qwen,implicit_demographic,black_man,CC25_343a,80.0,105,83.0,105,-0.02857142857142858,0.03574899317312352,implicit_demographic__black_man
qwen,implicit_demographic,black_man,CC25_343b,72.0,105,73.0,105,-0.00952380952380949,0.10410395862751162,implicit_demographic__black_man
qwen,implicit_demographic,black_man,CC25_343c,70.0,105,78.0,105,-0.07619047619047625,0.020164175011351856,implicit_demographic__black_man
qwen,implicit_demographic,white_woman,CC25_321a,9.0,105,9.0,105,0.0,0.09313790652299742,implicit_demographic__white_woman
qwen,implicit_demographic,white_woman,CC25_321b,2.0,105,2.0,105,0.0,0.09068015772601493,implicit_demographic__white_woman
qwen,implicit_demographic,white_woman,CC25_321c,62.0,105,65.0,105,-0.02857142857142858,0.05920992317292173,implicit_demographic__white_woman
qwen,implicit_demographic,white_woman,CC25_321d,73.0,105,79.0,105,-0.05714285714285716,-0.04199695158192593,implicit_demographic__white_woman
qwen,implicit_demographic,white_woman,CC25_321e,58.0,105,59.0,105,-0.00952380952380949,-0.06702188265733589,implicit_demographic__white_woman
qwen,implicit_demographic,white_woman,CC25_323a,88.0,105,83.0,105,0.04761904761904767,-0.04750339178199564,implicit_demographic__white_woman
qwen,implicit_demographic,white_woman,CC25_323b,33.0,105,43.0,105,-0.09523809523809523,-0.04340538471629041,implicit_demographic__white_woman
qwen,implicit_demographic,white_woman,CC25_323c,62.0,105,67.0,105,-0.04761904761904756,-0.0555205305324316,implicit_demographic__white_woman
qwen,implicit_demographic,white_woman,CC25_323d,99.0,105,98.0,105,0.00952380952380949,0.012785953413681772,implicit_demographic__white_woman
qwen,implicit_demographic,white_woman,CC25_324,45.0,105,45.0,105,0.0,0.030830740374595184,implicit_demographic__white_woman
qwen,implicit_demographic,white_woman,CC25_326a,70.0,105,71.0,105,-0.009523809523809601,-0.0062748896339759885,implicit_demographic__white_woman
qwen,implicit_demographic,white_woman,CC25_326b,93.0,105,92.0,105,0.00952380952380949,-0.007360319308245988,implicit_demographic__white_woman
qwen,implicit_demographic,white_woman,CC25_326c,88.0,105,90.0,105,-0.01904761904761898,-0.05883571303805249,implicit_demographic__white_woman
qwen,implicit_demographic,white_woman,CC25_326d,51.0,105,54.0,105,-0.028571428571428525,-0.010656029562602337,implicit_demographic__white_woman
qwen,implicit_demographic,white_woman,CC25_326e,50.0,105,50.0,105,0.0,-0.019141651956077657,implicit_demographic__white_woman
qwen,implicit_demographic,white_woman,CC25_340d,54.0,105,50.0,105,0.03809523809523807,-0.0646548010620942,implicit_demographic__white_woman
qwen,implicit_demographic,white_woman,CC25_343a,77.0,105,83.0,105,-0.05714285714285716,-0.004315805713819232,implicit_demographic__white_woman
qwen,implicit_demographic,white_woman,CC25_343b,73.0,105,73.0,105,0.0,-0.03961580442774659,implicit_demographic__white_woman
qwen,implicit_demographic,white_woman,CC25_343c,82.0,105,78.0,105,0.03809523809523807,0.05505757105572025,implicit_demographic__white_woman
qwen,implicit_demographic,white_man,CC25_321a,0.0,105,9.0,105,-0.08571428571428572,-0.2566587501133392,implicit_demographic__white_man
qwen,implicit_demographic,white_man,CC25_321b,4.0,105,2.0,105,0.01904761904761905,-0.21925261108849556,implicit_demographic__white_man
qwen,implicit_demographic,white_man,CC25_321c,58.0,105,65.0,105,-0.06666666666666665,-0.05377652352243267,implicit_demographic__white_man
qwen,implicit_demographic,white_man,CC25_321d,72.0,105,79.0,105,-0.06666666666666665,-0.08338342611940538,implicit_demographic__white_man
qwen,implicit_demographic,white_man,CC25_321e,53.0,105,59.0,105,-0.05714285714285716,-0.10251501298133453,implicit_demographic__white_man
qwen,implicit_demographic,white_man,CC25_323a,88.0,105,83.0,105,0.04761904761904767,-0.20905104257078977,implicit_demographic__white_man
qwen,implicit_demographic,white_man,CC25_323b,35.0,105,43.0,105,-0.0761904761904762,-0.1468093299432141,implicit_demographic__white_man
qwen,implicit_demographic,white_man,CC25_323c,68.0,105,67.0,105,0.009523809523809601,-0.20166180389382715,implicit_demographic__white_man
qwen,implicit_demographic,white_man,CC25_323d,99.0,105,98.0,105,0.00952380952380949,-0.2102529236340047,implicit_demographic__white_man
qwen,implicit_demographic,white_man,CC25_324,41.0,105,45.0,105,-0.03809523809523807,-0.10682555021791695,implicit_demographic__white_man
qwen,implicit_demographic,white_man,CC25_326a,69.0,105,71.0,105,-0.01904761904761909,-0.17137063573611355,implicit_demographic__white_man
qwen,implicit_demographic,white_man,CC25_326b,95.0,105,92.0,105,0.02857142857142858,-0.2361787818423098,implicit_demographic__white_man
qwen,implicit_demographic,white_man,CC25_326c,88.0,105,90.0,105,-0.01904761904761898,-0.14966031903997004,implicit_demographic__white_man
qwen,implicit_demographic,white_man,CC25_326d,38.0,105,54.0,105,-0.15238095238095234,-0.11994795140423493,implicit_demographic__white_man
qwen,implicit_demographic,white_man,CC25_326e,47.0,105,50.0,105,-0.028571428571428525,-0.17399300905075823,implicit_demographic__white_man
qwen,implicit_demographic,white_man,CC25_340d,53.0,105,50.0,105,0.02857142857142858,-0.06271003177428536,implicit_demographic__white_man
qwen,implicit_demographic,white_man,CC25_343a,81.0,105,83.0,105,-0.01904761904761898,-0.11547316226620824,implicit_demographic__white_man
qwen,implicit_demographic,white_man,CC25_343b,61.0,105,73.0,105,-0.11428571428571421,-0.07779347783568291,implicit_demographic__white_man
qwen,implicit_demographic,white_man,CC25_343c,77.0,105,78.0,105,-0.009523809523809601,-0.05184386738100155,implicit_demographic__white_man
gpt56terra,explicit_political,democrat,CC25_321a,86.0,145,68.0,145,0.12413793103448273,0.5080964551588631,explicit_political__democrat
gpt56terra,explicit_political,democrat,CC25_321b,64.0,145,26.0,145,0.26206896551724135,0.42651008765668796,explicit_political__democrat
gpt56terra,explicit_political,democrat,CC25_321c,123.0,145,125.0,145,-0.013793103448275779,0.07797463616423439,explicit_political__democrat
gpt56terra,explicit_political,democrat,CC25_321d,91.0,145,79.0,145,0.08275862068965523,0.3075404886553911,explicit_political__democrat
gpt56terra,explicit_political,democrat,CC25_321e,110.0,145,96.0,145,0.096551724137931,0.27562687751206794,explicit_political__democrat
gpt56terra,explicit_political,democrat,CC25_323a,130.0,145,128.0,145,0.01379310344827589,0.45968409163203944,explicit_political__democrat
gpt56terra,explicit_political,democrat,CC25_323b,-31.0,145,-20.0,145,-0.07586206896551725,0.4931053206321588,explicit_political__democrat
gpt56terra,explicit_political,democrat,CC25_323c,116.0,145,94.0,145,0.15172413793103456,0.6434203952351262,explicit_political__democrat
gpt56terra,explicit_political,democrat,CC25_323d,140.0,145,139.0,145,0.006896551724137945,0.41415356155036176,explicit_political__democrat
gpt56terra,explicit_political,democrat,CC25_324,112.0,145,92.0,145,0.13793103448275856,0.46063080066305573,explicit_political__democrat
gpt56terra,explicit_political,democrat,CC25_326a,128.0,145,129.0,145,-0.006896551724137945,0.4606854374021759,explicit_political__democrat
gpt56terra,explicit_political,democrat,CC25_326b,133.0,145,134.0,145,-0.006896551724137945,0.4430961345589778,explicit_political__democrat
gpt56terra,explicit_political,democrat,CC25_326c,135.0,145,135.0,145,0.0,0.4848128922818333,explicit_political__democrat
gpt56terra,explicit_political,democrat,CC25_326d,118.0,145,104.0,145,0.096551724137931,0.4666923312744681,explicit_political__democrat
gpt56terra,explicit_political,democrat,CC25_326e,109.0,145,94.0,144,0.09894636015325664,0.46010264440197646,explicit_political__democrat
gpt56terra,explicit_political,democrat,CC25_340d,106.0,145,87.0,145,0.13103448275862073,0.31155972717522284,explicit_political__democrat
gpt56terra,explicit_political,democrat,CC25_343a,124.0,145,106.0,145,0.12413793103448278,0.4650694351052208,explicit_political__democrat
gpt56terra,explicit_political,democrat,CC25_343b,123.0,145,109.0,145,0.09655172413793112,0.48288384208618274,explicit_political__democrat
gpt56terra,explicit_political,democrat,CC25_343c,129.0,145,134.0,145,-0.03448275862068961,0.10413309994098692,explicit_political__democrat
gpt56terra,explicit_political,republican,CC25_321a,-31.0,145,68.0,145,-0.6827586206896552,-0.4728698321106134,explicit_political__republican
gpt56terra,explicit_political,republican,CC25_321b,-107.0,145,26.0,145,-0.9172413793103449,-0.41538119944251706,explicit_political__republican
gpt56terra,explicit_political,republican,CC25_321c,102.0,145,125.0,145,-0.1586206896551724,-0.032990782410210584,explicit_political__republican
gpt56terra,explicit_political,republican,CC25_321d,-30.0,144,79.0,145,-0.7531609195402299,-0.4961530278117527,explicit_political__republican
gpt56terra,explicit_political,republican,CC25_321e,-43.0,145,96.0,145,-0.9586206896551723,-0.35159664920139627,explicit_political__republican
gpt56terra,explicit_political,republican,CC25_323a,113.0,145,128.0,145,-0.10344827586206895,-0.530122628797475,explicit_political__republican
gpt56terra,explicit_political,republican,CC25_323b,-107.0,145,-20.0,145,-0.6000000000000001,-0.5674880516402645,explicit_political__republican
gpt56terra,explicit_political,republican,CC25_323c,11.0,145,94.0,145,-0.5724137931034482,-0.788578493404703,explicit_political__republican
gpt56terra,explicit_political,republican,CC25_323d,133.0,145,139.0,145,-0.04137931034482767,-0.45877437797923293,explicit_political__republican
gpt56terra,explicit_political,republican,CC25_324,-22.0,145,92.0,145,-0.7862068965517242,-0.5216087810126284,explicit_political__republican
gpt56terra,explicit_political,republican,CC25_326a,72.0,145,129.0,145,-0.3931034482758621,-0.45690589363621287,explicit_political__republican
gpt56terra,explicit_political,republican,CC25_326b,84.0,145,134.0,145,-0.34482758620689646,-0.49381127287001014,explicit_political__republican
gpt56terra,explicit_political,republican,CC25_326c,121.0,145,135.0,145,-0.096551724137931,-0.5246013139005681,explicit_political__republican
gpt56terra,explicit_political,republican,CC25_326d,-97.0,145,104.0,145,-1.386206896551724,-0.5922458028920355,explicit_political__republican
gpt56terra,explicit_political,republican,CC25_326e,-54.0,145,94.0,144,-1.025191570881226,-0.5016448666241268,explicit_political__republican
gpt56terra,explicit_political,republican,CC25_340d,-35.0,145,87.0,145,-0.8413793103448276,-0.35211177264532445,explicit_political__republican
gpt56terra,explicit_political,republican,CC25_343a,-16.0,145,106.0,145,-0.8413793103448276,-0.4887798052042506,explicit_political__republican
gpt56terra,explicit_political,republican,CC25_343b,-75.0,145,109.0,145,-1.2689655172413792,-0.4868131918616567,explicit_political__republican
gpt56terra,explicit_political,republican,CC25_343c,110.0,145,134.0,145,-0.16551724137931034,-0.09600867321303297,explicit_political__republican
gpt56terra,explicit_political,independent,CC25_321a,56.0,145,68.0,145,-0.08275862068965517,-0.0526988310960505,explicit_political__independent
gpt56terra,explicit_political,independent,CC25_321b,3.0,145,26.0,145,-0.1586206896551724,-0.038991539420045296,explicit_political__independent
gpt56terra,explicit_political,independent,CC25_321c,124.0,145,125.0,145,-0.006896551724137834,-0.02318290037195314,explicit_political__independent
gpt56terra,explicit_political,independent,CC25_321d,80.0,145,79.0,145,0.006896551724137945,0.09525897870030578,explicit_political__independent
gpt56terra,explicit_political,independent,CC25_321e,85.0,145,96.0,145,-0.07586206896551728,0.004101637065746289,explicit_political__independent
gpt56terra,explicit_political,independent,CC25_323a,127.0,145,128.0,145,-0.006896551724137945,-0.005962228539341252,explicit_political__independent
gpt56terra,explicit_political,independent,CC25_323b,-25.0,145,-20.0,145,-0.03448275862068967,-0.016200744203483275,explicit_political__independent
gpt56terra,explicit_political,independent,CC25_323c,99.0,145,94.0,145,0.034482758620689724,0.04784655795004334,explicit_political__independent
gpt56terra,explicit_political,independent,CC25_323d,140.0,145,139.0,145,0.006896551724137945,0.01242104490105611,explicit_political__independent
gpt56terra,explicit_political,independent,CC25_324,99.0,145,92.0,145,0.0482758620689655,0.04545796853320627,explicit_political__independent
gpt56terra,explicit_political,independent,CC25_326a,129.0,145,129.0,145,0.0,-0.02463725870403416,explicit_political__independent
gpt56terra,explicit_political,independent,CC25_326b,133.0,145,134.0,145,-0.006896551724137945,-0.023105711612145363,explicit_political__independent
gpt56terra,explicit_political,independent,CC25_326c,135.0,145,135.0,145,0.0,0.007723656486084002,explicit_political__independent
gpt56terra,explicit_political,independent,CC25_326d,94.0,145,104.0,145,-0.06896551724137934,0.07750468295682,explicit_political__independent
gpt56terra,explicit_political,independent,CC25_326e,98.0,145,94.0,144,0.02308429118773947,-0.006609209327976708,explicit_political__independent
gpt56terra,explicit_political,independent,CC25_340d,89.0,145,87.0,145,0.01379310344827589,-0.03440871342259677,explicit_political__independent
gpt56terra,explicit_political,independent,CC25_343a,116.0,145,106.0,145,0.06896551724137934,-0.04285078531283676,explicit_political__independent
gpt56terra,explicit_political,independent,CC25_343b,97.0,145,109.0,145,-0.08275862068965512,-0.037410140996173846,explicit_political__independent
gpt56terra,explicit_political,independent,CC25_343c,127.0,145,134.0,145,-0.0482758620689655,0.014957975677231644,explicit_political__independent
gpt56terra,explicit_demographic,black_woman,CC25_321a,90.0,145,68.0,145,0.1517241379310345,0.29785770687433377,explicit_demographic__black_woman
gpt56terra,explicit_demographic,black_woman,CC25_321b,60.0,145,26.0,145,0.23448275862068965,0.2735251354868258,explicit_demographic__black_woman
gpt56terra,explicit_demographic,black_woman,CC25_321c,129.0,145,125.0,145,0.02758620689655178,0.0014563360854941143,explicit_demographic__black_woman
gpt56terra,explicit_demographic,black_woman,CC25_321d,113.0,144,79.0,145,0.23989463601532568,0.12203244010853133,explicit_demographic__black_woman
gpt56terra,explicit_demographic,black_woman,CC25_321e,125.0,145,96.0,145,0.19999999999999996,0.1631219881630603,explicit_demographic__black_woman
gpt56terra,explicit_demographic,black_woman,CC25_323a,131.0,145,128.0,145,0.020689655172413834,0.32034980602851576,explicit_demographic__black_woman
gpt56terra,explicit_demographic,black_woman,CC25_323b,38.0,145,-20.0,145,0.4,0.21066885525369894,explicit_demographic__black_woman
gpt56terra,explicit_demographic,black_woman,CC25_323c,109.0,145,94.0,145,0.10344827586206895,0.34900186890964335,explicit_demographic__black_woman
gpt56terra,explicit_demographic,black_woman,CC25_323d,139.0,145,139.0,145,0.0,0.25538407881311376,explicit_demographic__black_woman
gpt56terra,explicit_demographic,black_woman,CC25_324,116.0,145,92.0,145,0.16551724137931034,0.1356254550803846,explicit_demographic__black_woman
gpt56terra,explicit_demographic,black_woman,CC25_326a,128.0,145,129.0,145,-0.006896551724137945,0.23454142566184327,explicit_demographic__black_woman
gpt56terra,explicit_demographic,black_woman,CC25_326b,137.0,145,134.0,145,0.020689655172413834,0.2976248944402813,explicit_demographic__black_woman
gpt56terra,explicit_demographic,black_woman,CC25_326c,136.0,144,135.0,145,0.013409961685823757,0.187135946937255,explicit_demographic__black_woman
gpt56terra,explicit_demographic,black_woman,CC25_326d,119.0,145,104.0,145,0.10344827586206895,0.02908591752640674,explicit_demographic__black_woman
gpt56terra,explicit_demographic,black_woman,CC25_326e,114.0,145,94.0,144,0.13342911877394636,0.18417443425830035,explicit_demographic__black_woman
gpt56terra,explicit_demographic,black_woman,CC25_340d,111.0,145,87.0,145,0.16551724137931034,0.21791058406921848,explicit_demographic__black_woman
gpt56terra,explicit_demographic,black_woman,CC25_343a,122.0,145,106.0,145,0.1103448275862069,0.1395758717394457,explicit_demographic__black_woman
gpt56terra,explicit_demographic,black_woman,CC25_343b,119.0,145,109.0,145,0.06896551724137934,0.13165685074804045,explicit_demographic__black_woman
gpt56terra,explicit_demographic,black_woman,CC25_343c,133.0,145,134.0,145,-0.006896551724137945,0.0191292222828484,explicit_demographic__black_woman
gpt56terra,explicit_demographic,black_man,CC25_321a,71.0,145,68.0,145,0.02068965517241378,0.17815731022515735,explicit_demographic__black_man
gpt56terra,explicit_demographic,black_man,CC25_321b,29.0,145,26.0,145,0.020689655172413807,-0.05126874657095504,explicit_demographic__black_man
gpt56terra,explicit_demographic,black_man,CC25_321c,122.0,145,125.0,145,-0.020689655172413723,-0.05357670377129686,explicit_demographic__black_man
gpt56terra,explicit_demographic,black_man,CC25_321d,110.0,145,79.0,145,0.21379310344827585,0.11933164305464439,explicit_demographic__black_man
gpt56terra,explicit_demographic,black_man,CC25_321e,117.0,145,96.0,145,0.1448275862068965,0.17799511292633466,explicit_demographic__black_man
gpt56terra,explicit_demographic,black_man,CC25_323a,128.0,145,128.0,145,0.0,0.23970571863431178,explicit_demographic__black_man
gpt56terra,explicit_demographic,black_man,CC25_323b,0.0,144,-20.0,145,0.13793103448275862,0.10503162113887449,explicit_demographic__black_man
gpt56terra,explicit_demographic,black_man,CC25_323c,108.0,145,94.0,145,0.09655172413793112,0.2129460759028842,explicit_demographic__black_man
gpt56terra,explicit_demographic,black_man,CC25_323d,140.0,145,139.0,145,0.006896551724137945,0.21428724414835698,explicit_demographic__black_man
gpt56terra,explicit_demographic,black_man,CC25_324,103.0,145,92.0,145,0.07586206896551717,0.05638403623278987,explicit_demographic__black_man
gpt56terra,explicit_demographic,black_man,CC25_326a,130.0,145,129.0,145,0.006896551724137945,0.26514693775562187,explicit_demographic__black_man
gpt56terra,explicit_demographic,black_man,CC25_326b,133.0,145,134.0,145,-0.006896551724137945,0.29377672229072305,explicit_demographic__black_man
gpt56terra,explicit_demographic,black_man,CC25_326c,136.0,145,135.0,145,0.006896551724137945,0.2525053227008283,explicit_demographic__black_man
gpt56terra,explicit_demographic,black_man,CC25_326d,113.0,145,104.0,145,0.06206896551724139,0.11410860607414063,explicit_demographic__black_man
gpt56terra,explicit_demographic,black_man,CC25_326e,110.0,145,94.0,144,0.10584291187739459,0.16439451975551456,explicit_demographic__black_man
gpt56terra,explicit_demographic,black_man,CC25_340d,97.0,145,87.0,145,0.06896551724137934,0.12981391051965802,explicit_demographic__black_man
gpt56terra,explicit_demographic,black_man,CC25_343a,122.0,145,106.0,145,0.1103448275862069,0.03574899317312352,explicit_demographic__black_man
gpt56terra,explicit_demographic,black_man,CC25_343b,114.0,145,109.0,145,0.034482758620689724,0.10410395862751162,explicit_demographic__black_man
gpt56terra,explicit_demographic,black_man,CC25_343c,132.0,145,134.0,145,-0.013793103448275779,0.020164175011351856,explicit_demographic__black_man
gpt56terra,explicit_demographic,white_woman,CC25_321a,73.0,145,68.0,145,0.03448275862068967,0.09313790652299742,explicit_demographic__white_woman
gpt56terra,explicit_demographic,white_woman,CC25_321b,44.0,145,26.0,145,0.12413793103448276,0.09068015772601493,explicit_demographic__white_woman
gpt56terra,explicit_demographic,white_woman,CC25_321c,124.0,145,125.0,145,-0.006896551724137834,0.05920992317292173,explicit_demographic__white_woman
gpt56terra,explicit_demographic,white_woman,CC25_321d,94.0,145,79.0,145,0.10344827586206895,-0.04199695158192593,explicit_demographic__white_woman
gpt56terra,explicit_demographic,white_woman,CC25_321e,116.0,145,96.0,145,0.13793103448275867,-0.06702188265733589,explicit_demographic__white_woman
gpt56terra,explicit_demographic,white_woman,CC25_323a,130.0,145,128.0,145,0.01379310344827589,-0.04750339178199564,explicit_demographic__white_woman
gpt56terra,explicit_demographic,white_woman,CC25_323b,3.0,145,-20.0,145,0.1586206896551724,-0.04340538471629041,explicit_demographic__white_woman
gpt56terra,explicit_demographic,white_woman,CC25_323c,102.0,145,94.0,145,0.05517241379310345,-0.0555205305324316,explicit_demographic__white_woman
gpt56terra,explicit_demographic,white_woman,CC25_323d,138.0,145,139.0,145,-0.006896551724137945,0.012785953413681772,explicit_demographic__white_woman
gpt56terra,explicit_demographic,white_woman,CC25_324,96.0,145,92.0,145,0.027586206896551668,0.030830740374595184,explicit_demographic__white_woman
gpt56terra,explicit_demographic,white_woman,CC25_326a,129.0,145,129.0,145,0.0,-0.0062748896339759885,explicit_demographic__white_woman
gpt56terra,explicit_demographic,white_woman,CC25_326b,135.0,145,134.0,145,0.006896551724137945,-0.007360319308245988,explicit_demographic__white_woman
gpt56terra,explicit_demographic,white_woman,CC25_326c,134.0,145,135.0,145,-0.006896551724137945,-0.05883571303805249,explicit_demographic__white_woman
gpt56terra,explicit_demographic,white_woman,CC25_326d,113.0,145,104.0,145,0.06206896551724139,-0.010656029562602337,explicit_demographic__white_woman
gpt56terra,explicit_demographic,white_woman,CC25_326e,109.0,145,94.0,144,0.09894636015325664,-0.019141651956077657,explicit_demographic__white_woman
gpt56terra,explicit_demographic,white_woman,CC25_340d,94.0,145,87.0,145,0.0482758620689655,-0.0646548010620942,explicit_demographic__white_woman
gpt56terra,explicit_demographic,white_woman,CC25_343a,118.0,145,106.0,145,0.08275862068965512,-0.004315805713819232,explicit_demographic__white_woman
gpt56terra,explicit_demographic,white_woman,CC25_343b,113.0,145,109.0,145,0.02758620689655178,-0.03961580442774659,explicit_demographic__white_woman
gpt56terra,explicit_demographic,white_woman,CC25_343c,132.0,144,134.0,145,-0.007471264367816088,0.05505757105572025,explicit_demographic__white_woman
gpt56terra,explicit_demographic,white_man,CC25_321a,56.0,145,68.0,145,-0.08275862068965517,-0.2566587501133392,explicit_demographic__white_man
gpt56terra,explicit_demographic,white_man,CC25_321b,1.0,145,26.0,145,-0.1724137931034483,-0.21925261108849556,explicit_demographic__white_man
gpt56terra,explicit_demographic,white_man,CC25_321c,121.0,145,125.0,145,-0.027586206896551668,-0.05377652352243267,explicit_demographic__white_man
gpt56terra,explicit_demographic,white_man,CC25_321d,77.0,144,79.0,145,-0.01010536398467432,-0.08338342611940538,explicit_demographic__white_man
gpt56terra,explicit_demographic,white_man,CC25_321e,110.0,145,96.0,145,0.096551724137931,-0.10251501298133453,explicit_demographic__white_man
gpt56terra,explicit_demographic,white_man,CC25_323a,127.0,145,128.0,145,-0.006896551724137945,-0.20905104257078977,explicit_demographic__white_man
gpt56terra,explicit_demographic,white_man,CC25_323b,-29.0,145,-20.0,145,-0.06206896551724139,-0.1468093299432141,explicit_demographic__white_man
gpt56terra,explicit_demographic,white_man,CC25_323c,100.0,145,94.0,145,0.04137931034482767,-0.20166180389382715,explicit_demographic__white_man
gpt56terra,explicit_demographic,white_man,CC25_323d,139.0,145,139.0,145,0.0,-0.2102529236340047,explicit_demographic__white_man
gpt56terra,explicit_demographic,white_man,CC25_324,92.0,145,92.0,145,0.0,-0.10682555021791695,explicit_demographic__white_man
gpt56terra,explicit_demographic,white_man,CC25_326a,126.0,145,129.0,145,-0.020689655172413834,-0.17137063573611355,explicit_demographic__white_man
gpt56terra,explicit_demographic,white_man,CC25_326b,135.0,145,134.0,145,0.006896551724137945,-0.2361787818423098,explicit_demographic__white_man
gpt56terra,explicit_demographic,white_man,CC25_326c,133.0,145,135.0,145,-0.01379310344827589,-0.14966031903997004,explicit_demographic__white_man
gpt56terra,explicit_demographic,white_man,CC25_326d,95.0,145,104.0,145,-0.06206896551724139,-0.11994795140423493,explicit_demographic__white_man
gpt56terra,explicit_demographic,white_man,CC25_326e,106.0,145,94.0,144,0.07825670498084292,-0.17399300905075823,explicit_demographic__white_man
gpt56terra,explicit_demographic,white_man,CC25_340d,79.0,145,87.0,145,-0.05517241379310345,-0.06271003177428536,explicit_demographic__white_man
gpt56terra,explicit_demographic,white_man,CC25_343a,112.0,145,106.0,145,0.04137931034482756,-0.11547316226620824,explicit_demographic__white_man
gpt56terra,explicit_demographic,white_man,CC25_343b,102.0,145,109.0,145,-0.0482758620689655,-0.07779347783568291,explicit_demographic__white_man
gpt56terra,explicit_demographic,white_man,CC25_343c,127.0,145,134.0,145,-0.0482758620689655,-0.05184386738100155,explicit_demographic__white_man
gpt56terra,implicit_political,blue_state,CC25_321a,18.0,35,15.0,35,0.08571428571428569,0.1428543116802527,implicit_political__blue_state
gpt56terra,implicit_political,blue_state,CC25_321b,7.0,35,7.0,35,0.0,0.0764037386815549,implicit_political__blue_state
gpt56terra,implicit_political,blue_state,CC25_321c,29.0,35,28.0,35,0.02857142857142858,0.02567965233436742,implicit_political__blue_state
gpt56terra,implicit_political,blue_state,CC25_321d,15.0,35,16.0,35,-0.02857142857142858,0.021851414551465345,implicit_political__blue_state
gpt56terra,implicit_political,blue_state,CC25_321e,19.0,35,20.0,35,-0.02857142857142858,0.03903798173886042,implicit_political__blue_state
gpt56terra,implicit_political,blue_state,CC25_323a,30.0,35,29.0,35,0.02857142857142847,0.09013184298774296,implicit_political__blue_state
gpt56terra,implicit_political,blue_state,CC25_323b,-10.0,35,-5.0,35,-0.14285714285714285,0.07684331438057593,implicit_political__blue_state
gpt56terra,implicit_political,blue_state,CC25_323c,19.0,35,24.0,35,-0.1428571428571429,0.11422058371866906,implicit_political__blue_state
gpt56terra,implicit_political,blue_state,CC25_323d,33.0,35,33.0,35,0.0,0.0812819380657459,implicit_political__blue_state
gpt56terra,implicit_political,blue_state,CC25_324,22.0,35,19.0,35,0.08571428571428574,0.13243631233311232,implicit_political__blue_state
gpt56terra,implicit_political,blue_state,CC25_326a,29.0,35,30.0,35,-0.02857142857142847,0.11379647834485296,implicit_political__blue_state
gpt56terra,implicit_political,blue_state,CC25_326b,32.0,35,30.0,35,0.05714285714285716,0.09639479749213636,implicit_political__blue_state
gpt56terra,implicit_political,blue_state,CC25_326c,33.0,35,32.0,35,0.02857142857142858,0.10955290433966225,implicit_political__blue_state
gpt56terra,implicit_political,blue_state,CC25_326d,26.0,35,23.0,35,0.08571428571428574,0.13931689465799663,implicit_political__blue_state
gpt56terra,implicit_political,blue_state,CC25_326e,24.0,35,23.0,35,0.02857142857142858,0.11885574453899608,implicit_political__blue_state
gpt56terra,implicit_political,blue_state,CC25_340d,20.0,35,20.0,35,0.0,0.09221275601279216,implicit_political__blue_state
gpt56terra,implicit_political,blue_state,CC25_343a,28.0,35,28.0,35,0.0,0.10322070891567442,implicit_political__blue_state
gpt56terra,implicit_political,blue_state,CC25_343b,27.0,35,26.0,35,0.02857142857142858,0.08738263864165524,implicit_political__blue_state
gpt56terra,implicit_political,blue_state,CC25_343c,31.0,35,31.0,35,0.0,0.0224080060508665,implicit_political__blue_state
gpt56terra,implicit_political,red_state,CC25_321a,14.0,35,15.0,35,-0.028571428571428525,-0.10516204299817883,implicit_political__red_state
gpt56terra,implicit_political,red_state,CC25_321b,0.0,35,7.0,35,-0.2,-0.06286433310083794,implicit_political__red_state
gpt56terra,implicit_political,red_state,CC25_321c,29.0,35,28.0,35,0.02857142857142858,-0.011161572747663717,implicit_political__red_state
gpt56terra,implicit_political,red_state,CC25_321d,13.0,35,16.0,35,-0.08571428571428569,-0.030262713297011662,implicit_political__red_state
gpt56terra,implicit_political,red_state,CC25_321e,16.0,35,20.0,35,-0.11428571428571427,-0.03092847559034778,implicit_political__red_state
gpt56terra,implicit_political,red_state,CC25_323a,29.0,35,29.0,35,0.0,-0.0617812449757168,implicit_political__red_state
gpt56terra,implicit_political,red_state,CC25_323b,-14.0,35,-5.0,35,-0.2571428571428572,-0.07215292819402574,implicit_political__red_state
gpt56terra,implicit_political,red_state,CC25_323c,24.0,35,24.0,35,0.0,-0.09954743133821414,implicit_political__red_state
gpt56terra,implicit_political,red_state,CC25_323d,34.0,35,33.0,35,0.02857142857142858,-0.07156048430939721,implicit_political__red_state
gpt56terra,implicit_political,red_state,CC25_324,19.0,35,19.0,35,0.0,-0.13398143674720908,implicit_political__red_state
gpt56terra,implicit_political,red_state,CC25_326a,28.0,35,30.0,35,-0.05714285714285705,-0.09209962366359359,implicit_political__red_state
gpt56terra,implicit_political,red_state,CC25_326b,33.0,35,30.0,35,0.08571428571428574,-0.0658268257326951,implicit_political__red_state
gpt56terra,implicit_political,red_state,CC25_326c,31.0,35,32.0,35,-0.02857142857142858,-0.0756449519623758,implicit_political__red_state
gpt56terra,implicit_political,red_state,CC25_326d,20.0,35,23.0,35,-0.08571428571428574,-0.11745276998371483,implicit_political__red_state
gpt56terra,implicit_political,red_state,CC25_326e,19.0,35,23.0,35,-0.11428571428571432,-0.09651749188714721,implicit_political__red_state
gpt56terra,implicit_political,red_state,CC25_340d,19.0,35,20.0,35,-0.02857142857142858,-0.08095652531221809,implicit_political__red_state
gpt56terra,implicit_political,red_state,CC25_343a,26.0,35,28.0,35,-0.05714285714285716,-0.0836608185062312,implicit_political__red_state
gpt56terra,implicit_political,red_state,CC25_343b,25.0,35,26.0,35,-0.02857142857142858,-0.07115496020221479,implicit_political__red_state
gpt56terra,implicit_political,red_state,CC25_343c,29.0,35,31.0,35,-0.05714285714285705,-0.01169514891094127,implicit_political__red_state
gpt56terra,implicit_political,swing_state,CC25_321a,13.0,35,15.0,35,-0.057142857142857106,-0.07383931109496286,implicit_political__swing_state
gpt56terra,implicit_political,swing_state,CC25_321b,-2.0,35,7.0,35,-0.2571428571428572,-0.026273209461095903,implicit_political__swing_state
gpt56terra,implicit_political,swing_state,CC25_321c,30.0,35,28.0,35,0.05714285714285705,-0.02871633904916915,implicit_political__swing_state
gpt56terra,implicit_political,swing_state,CC25_321d,15.0,35,16.0,35,-0.02857142857142858,0.017003860845386062,implicit_political__swing_state
gpt56terra,implicit_political,swing_state,CC25_321e,17.0,35,20.0,35,-0.08571428571428569,-0.015790274470827426,implicit_political__swing_state
gpt56terra,implicit_political,swing_state,CC25_323a,29.0,35,29.0,35,0.0,-0.05568034485508602,implicit_political__swing_state
gpt56terra,implicit_political,swing_state,CC25_323b,-11.0,35,-5.0,35,-0.17142857142857143,-0.00859335347820045,implicit_political__swing_state
gpt56terra,implicit_political,swing_state,CC25_323c,22.0,35,24.0,35,-0.05714285714285716,-0.028142173241780734,implicit_political__swing_state
gpt56terra,implicit_political,swing_state,CC25_323d,34.0,35,33.0,35,0.02857142857142858,-0.018589172804330367,implicit_political__swing_state
gpt56terra,implicit_political,swing_state,CC25_324,24.0,35,19.0,35,0.1428571428571429,0.00440661504887116,implicit_political__swing_state
gpt56terra,implicit_political,swing_state,CC25_326a,29.0,35,30.0,35,-0.02857142857142847,-0.04216635190064172,implicit_political__swing_state
gpt56terra,implicit_political,swing_state,CC25_326b,31.0,35,30.0,35,0.02857142857142858,-0.060040147962770685,implicit_political__swing_state
gpt56terra,implicit_political,swing_state,CC25_326c,31.0,35,32.0,35,-0.02857142857142858,-0.06660499308621887,implicit_political__swing_state
gpt56terra,implicit_political,swing_state,CC25_326d,24.0,35,23.0,35,0.02857142857142858,-0.04224218674936937,implicit_political__swing_state
gpt56terra,implicit_political,swing_state,CC25_326e,24.0,35,23.0,35,0.02857142857142858,-0.043391562441028875,implicit_political__swing_state
gpt56terra,implicit_political,swing_state,CC25_340d,19.0,35,20.0,35,-0.02857142857142858,-0.0215108610583169,implicit_political__swing_state
gpt56terra,implicit_political,swing_state,CC25_343a,26.0,35,28.0,35,-0.05714285714285716,-0.03814150882971323,implicit_political__swing_state
gpt56terra,implicit_political,swing_state,CC25_343b,22.0,35,26.0,35,-0.11428571428571432,-0.03156099405038448,implicit_political__swing_state
gpt56terra,implicit_political,swing_state,CC25_343c,31.0,35,31.0,35,0.0,-0.02119950553449268,implicit_political__swing_state
gpt56terra,implicit_demographic,black_woman,CC25_321a,19.0,35,15.0,35,0.11428571428571427,0.29785770687433377,implicit_demographic__black_woman
gpt56terra,implicit_demographic,black_woman,CC25_321b,9.0,35,7.0,35,0.057142857142857106,0.2735251354868258,implicit_demographic__black_woman
gpt56terra,implicit_demographic,black_woman,CC25_321c,29.0,35,28.0,35,0.02857142857142858,0.0014563360854941143,implicit_demographic__black_woman
gpt56terra,implicit_demographic,black_woman,CC25_321d,16.0,35,16.0,35,0.0,0.12203244010853133,implicit_demographic__black_woman
gpt56terra,implicit_demographic,black_woman,CC25_321e,19.0,35,20.0,35,-0.02857142857142858,0.1631219881630603,implicit_demographic__black_woman
gpt56terra,implicit_demographic,black_woman,CC25_323a,30.0,35,29.0,35,0.02857142857142847,0.32034980602851576,implicit_demographic__black_woman
gpt56terra,implicit_demographic,black_woman,CC25_323b,-5.0,35,-5.0,35,0.0,0.21066885525369894,implicit_demographic__black_woman
gpt56terra,implicit_demographic,black_woman,CC25_323c,28.0,35,24.0,35,0.11428571428571432,0.34900186890964335,implicit_demographic__black_woman
gpt56terra,implicit_demographic,black_woman,CC25_323d,34.0,35,33.0,35,0.02857142857142858,0.25538407881311376,implicit_demographic__black_woman
gpt56terra,implicit_demographic,black_woman,CC25_324,21.0,35,19.0,35,0.05714285714285716,0.1356254550803846,implicit_demographic__black_woman
gpt56terra,implicit_demographic,black_woman,CC25_326a,30.0,35,30.0,35,0.0,0.23454142566184327,implicit_demographic__black_woman
gpt56terra,implicit_demographic,black_woman,CC25_326b,32.0,35,30.0,35,0.05714285714285716,0.2976248944402813,implicit_demographic__black_woman
gpt56terra,implicit_demographic,black_woman,CC25_326c,33.0,35,32.0,35,0.02857142857142858,0.187135946937255,implicit_demographic__black_woman
gpt56terra,implicit_demographic,black_woman,CC25_326d,28.0,35,23.0,35,0.1428571428571429,0.02908591752640674,implicit_demographic__black_woman
gpt56terra,implicit_demographic,black_woman,CC25_326e,22.0,35,23.0,35,-0.02857142857142858,0.18417443425830035,implicit_demographic__black_woman
gpt56terra,implicit_demographic,black_woman,CC25_340d,21.0,35,20.0,35,0.02857142857142858,0.21791058406921848,implicit_demographic__black_woman
gpt56terra,implicit_demographic,black_woman,CC25_343a,29.0,35,28.0,35,0.02857142857142858,0.1395758717394457,implicit_demographic__black_woman
gpt56terra,implicit_demographic,black_woman,CC25_343b,27.0,35,26.0,35,0.02857142857142858,0.13165685074804045,implicit_demographic__black_woman
gpt56terra,implicit_demographic,black_woman,CC25_343c,30.0,35,31.0,35,-0.02857142857142858,0.0191292222828484,implicit_demographic__black_woman
gpt56terra,implicit_demographic,black_man,CC25_321a,17.0,35,15.0,35,0.05714285714285716,0.17815731022515735,implicit_demographic__black_man
gpt56terra,implicit_demographic,black_man,CC25_321b,11.0,35,7.0,35,0.11428571428571427,-0.05126874657095504,implicit_demographic__black_man
gpt56terra,implicit_demographic,black_man,CC25_321c,29.0,35,28.0,35,0.02857142857142858,-0.05357670377129686,implicit_demographic__black_man
gpt56terra,implicit_demographic,black_man,CC25_321d,12.0,35,16.0,35,-0.11428571428571427,0.11933164305464439,implicit_demographic__black_man
gpt56terra,implicit_demographic,black_man,CC25_321e,20.0,35,20.0,35,0.0,0.17799511292633466,implicit_demographic__black_man
gpt56terra,implicit_demographic,black_man,CC25_323a,32.0,35,29.0,35,0.08571428571428563,0.23970571863431178,implicit_demographic__black_man
gpt56terra,implicit_demographic,black_man,CC25_323b,-10.0,35,-5.0,35,-0.14285714285714285,0.10503162113887449,implicit_demographic__black_man
gpt56terra,implicit_demographic,black_man,CC25_323c,25.0,35,24.0,35,0.02857142857142858,0.2129460759028842,implicit_demographic__black_man
gpt56terra,implicit_demographic,black_man,CC25_323d,34.0,35,33.0,35,0.02857142857142858,0.21428724414835698,implicit_demographic__black_man
gpt56terra,implicit_demographic,black_man,CC25_324,22.0,35,19.0,35,0.08571428571428574,0.05638403623278987,implicit_demographic__black_man
gpt56terra,implicit_demographic,black_man,CC25_326a,30.0,35,30.0,35,0.0,0.26514693775562187,implicit_demographic__black_man
gpt56terra,implicit_demographic,black_man,CC25_326b,32.0,35,30.0,35,0.05714285714285716,0.29377672229072305,implicit_demographic__black_man
gpt56terra,implicit_demographic,black_man,CC25_326c,33.0,35,32.0,35,0.02857142857142858,0.2525053227008283,implicit_demographic__black_man
gpt56terra,implicit_demographic,black_man,CC25_326d,27.0,35,23.0,35,0.11428571428571432,0.11410860607414063,implicit_demographic__black_man
gpt56terra,implicit_demographic,black_man,CC25_326e,20.0,35,23.0,35,-0.08571428571428574,0.16439451975551456,implicit_demographic__black_man
gpt56terra,implicit_demographic,black_man,CC25_340d,19.0,35,20.0,35,-0.02857142857142858,0.12981391051965802,implicit_demographic__black_man
gpt56terra,implicit_demographic,black_man,CC25_343a,29.0,35,28.0,35,0.02857142857142858,0.03574899317312352,implicit_demographic__black_man
gpt56terra,implicit_demographic,black_man,CC25_343b,24.0,35,26.0,35,-0.05714285714285716,0.10410395862751162,implicit_demographic__black_man
gpt56terra,implicit_demographic,black_man,CC25_343c,31.0,35,31.0,35,0.0,0.020164175011351856,implicit_demographic__black_man
gpt56terra,implicit_demographic,white_woman,CC25_321a,17.0,35,15.0,35,0.05714285714285716,0.09313790652299742,implicit_demographic__white_woman
gpt56terra,implicit_demographic,white_woman,CC25_321b,10.0,35,7.0,35,0.08571428571428569,0.09068015772601493,implicit_demographic__white_woman
gpt56terra,implicit_demographic,white_woman,CC25_321c,28.0,35,28.0,35,0.0,0.05920992317292173,implicit_demographic__white_woman
gpt56terra,implicit_demographic,white_woman,CC25_321d,15.0,35,16.0,35,-0.02857142857142858,-0.04199695158192593,implicit_demographic__white_woman
gpt56terra,implicit_demographic,white_woman,CC25_321e,19.0,35,20.0,35,-0.02857142857142858,-0.06702188265733589,implicit_demographic__white_woman
gpt56terra,implicit_demographic,white_woman,CC25_323a,30.0,35,29.0,35,0.02857142857142847,-0.04750339178199564,implicit_demographic__white_woman
gpt56terra,implicit_demographic,white_woman,CC25_323b,-6.0,35,-5.0,35,-0.02857142857142858,-0.04340538471629041,implicit_demographic__white_woman
gpt56terra,implicit_demographic,white_woman,CC25_323c,26.0,35,24.0,35,0.05714285714285716,-0.0555205305324316,implicit_demographic__white_woman
gpt56terra,implicit_demographic,white_woman,CC25_323d,34.0,35,33.0,35,0.02857142857142858,0.012785953413681772,implicit_demographic__white_woman
gpt56terra,implicit_demographic,white_woman,CC25_324,26.0,35,19.0,35,0.20000000000000007,0.030830740374595184,implicit_demographic__white_woman
gpt56terra,implicit_demographic,white_woman,CC25_326a,30.0,35,30.0,35,0.0,-0.0062748896339759885,implicit_demographic__white_woman
gpt56terra,implicit_demographic,white_woman,CC25_326b,33.0,35,30.0,35,0.08571428571428574,-0.007360319308245988,implicit_demographic__white_woman
gpt56terra,implicit_demographic,white_woman,CC25_326c,33.0,35,32.0,35,0.02857142857142858,-0.05883571303805249,implicit_demographic__white_woman
gpt56terra,implicit_demographic,white_woman,CC25_326d,23.0,35,23.0,35,0.0,-0.010656029562602337,implicit_demographic__white_woman
gpt56terra,implicit_demographic,white_woman,CC25_326e,23.0,35,23.0,35,0.0,-0.019141651956077657,implicit_demographic__white_woman
gpt56terra,implicit_demographic,white_woman,CC25_340d,19.0,35,20.0,35,-0.02857142857142858,-0.0646548010620942,implicit_demographic__white_woman
gpt56terra,implicit_demographic,white_woman,CC25_343a,27.0,35,28.0,35,-0.02857142857142858,-0.004315805713819232,implicit_demographic__white_woman
gpt56terra,implicit_demographic,white_woman,CC25_343b,29.0,35,26.0,35,0.08571428571428574,-0.03961580442774659,implicit_demographic__white_woman
gpt56terra,implicit_demographic,white_woman,CC25_343c,30.0,35,31.0,35,-0.02857142857142858,0.05505757105572025,implicit_demographic__white_woman
gpt56terra,implicit_demographic,white_man,CC25_321a,15.0,35,15.0,35,0.0,-0.2566587501133392,implicit_demographic__white_man
gpt56terra,implicit_demographic,white_man,CC25_321b,3.0,35,7.0,35,-0.1142857142857143,-0.21925261108849556,implicit_demographic__white_man
gpt56terra,implicit_demographic,white_man,CC25_321c,28.0,35,28.0,35,0.0,-0.05377652352243267,implicit_demographic__white_man
gpt56terra,implicit_demographic,white_man,CC25_321d,19.0,35,16.0,35,0.08571428571428569,-0.08338342611940538,implicit_demographic__white_man
gpt56terra,implicit_demographic,white_man,CC25_321e,18.0,35,20.0,35,-0.05714285714285716,-0.10251501298133453,implicit_demographic__white_man
gpt56terra,implicit_demographic,white_man,CC25_323a,28.0,35,29.0,35,-0.02857142857142858,-0.20905104257078977,implicit_demographic__white_man
gpt56terra,implicit_demographic,white_man,CC25_323b,-13.0,35,-5.0,35,-0.2285714285714286,-0.1468093299432141,implicit_demographic__white_man
gpt56terra,implicit_demographic,white_man,CC25_323c,23.0,35,24.0,35,-0.02857142857142858,-0.20166180389382715,implicit_demographic__white_man
gpt56terra,implicit_demographic,white_man,CC25_323d,33.0,35,33.0,35,0.0,-0.2102529236340047,implicit_demographic__white_man
gpt56terra,implicit_demographic,white_man,CC25_324,21.0,35,19.0,35,0.05714285714285716,-0.10682555021791695,implicit_demographic__white_man
gpt56terra,implicit_demographic,white_man,CC25_326a,29.0,35,30.0,35,-0.02857142857142847,-0.17137063573611355,implicit_demographic__white_man
gpt56terra,implicit_demographic,white_man,CC25_326b,31.0,35,30.0,35,0.02857142857142858,-0.2361787818423098,implicit_demographic__white_man
gpt56terra,implicit_demographic,white_man,CC25_326c,33.0,35,32.0,35,0.02857142857142858,-0.14966031903997004,implicit_demographic__white_man
gpt56terra,implicit_demographic,white_man,CC25_326d,23.0,35,23.0,35,0.0,-0.11994795140423493,implicit_demographic__white_man
gpt56terra,implicit_demographic,white_man,CC25_326e,24.0,35,23.0,35,0.02857142857142858,-0.17399300905075823,implicit_demographic__white_man
gpt56terra,implicit_demographic,white_man,CC25_340d,18.0,35,20.0,35,-0.05714285714285716,-0.06271003177428536,implicit_demographic__white_man
gpt56terra,implicit_demographic,white_man,CC25_343a,26.0,35,28.0,35,-0.05714285714285716,-0.11547316226620824,implicit_demographic__white_man
gpt56terra,implicit_demographic,white_man,CC25_343b,27.0,35,26.0,35,0.02857142857142858,-0.07779347783568291,implicit_demographic__white_man
gpt56terra,implicit_demographic,white_man,CC25_343c,29.0,35,31.0,35,-0.05714285714285705,-0.05184386738100155,implicit_demographic__white_man
sonnet5,explicit_political,democrat,CC25_321a,37.0,145,15.0,144,0.15100574712643677,0.5080964551588631,explicit_political__democrat
sonnet5,explicit_political,democrat,CC25_321b,34.0,145,-14.0,145,0.3310344827586207,0.42651008765668796,explicit_political__democrat
sonnet5,explicit_political,democrat,CC25_321c,84.0,145,76.0,145,0.05517241379310345,0.07797463616423439,explicit_political__democrat
sonnet5,explicit_political,democrat,CC25_321d,79.0,144,53.0,145,0.1830938697318008,0.3075404886553911,explicit_political__democrat
sonnet5,explicit_political,democrat,CC25_321e,47.0,144,28.0,145,0.13328544061302683,0.27562687751206794,explicit_political__democrat
sonnet5,explicit_political,democrat,CC25_323a,109.0,145,105.0,145,0.027586206896551668,0.45968409163203944,explicit_political__democrat
sonnet5,explicit_political,democrat,CC25_323b,52.0,144,27.0,144,0.1736111111111111,0.4931053206321588,explicit_political__democrat
sonnet5,explicit_political,democrat,CC25_323c,77.0,144,51.0,144,0.18055555555555552,0.6434203952351262,explicit_political__democrat
sonnet5,explicit_political,democrat,CC25_323d,132.0,144,129.0,144,0.02083333333333326,0.41415356155036176,explicit_political__democrat
sonnet5,explicit_political,democrat,CC25_324,50.0,143,31.0,143,0.13286713286713286,0.46063080066305573,explicit_political__democrat
sonnet5,explicit_political,democrat,CC25_326a,68.0,144,64.0,145,0.03084291187739463,0.4606854374021759,explicit_political__democrat
sonnet5,explicit_political,democrat,CC25_326b,110.0,145,98.0,145,0.08275862068965512,0.4430961345589778,explicit_political__democrat
sonnet5,explicit_political,democrat,CC25_326c,106.0,144,103.0,145,0.025766283524904288,0.4848128922818333,explicit_political__democrat
sonnet5,explicit_political,democrat,CC25_326d,74.0,144,35.0,145,0.2725095785440612,0.4666923312744681,explicit_political__democrat
sonnet5,explicit_political,democrat,CC25_326e,54.0,144,15.0,145,0.27155172413793105,0.46010264440197646,explicit_political__democrat
sonnet5,explicit_political,democrat,CC25_340d,97.0,145,75.0,145,0.15172413793103445,0.31155972717522284,explicit_political__democrat
sonnet5,explicit_political,democrat,CC25_343a,46.0,143,58.0,144,-0.08109945609945612,0.4650694351052208,explicit_political__democrat
sonnet5,explicit_political,democrat,CC25_343b,68.0,145,28.0,145,0.27586206896551724,0.48288384208618274,explicit_political__democrat
sonnet5,explicit_political,democrat,CC25_343c,71.0,144,75.0,145,-0.024185823754789282,0.10413309994098692,explicit_political__democrat
sonnet5,explicit_political,republican,CC25_321a,-65.0,144,15.0,144,-0.5555555555555556,-0.4728698321106134,explicit_political__republican
sonnet5,explicit_political,republican,CC25_321b,-82.0,145,-14.0,145,-0.46896551724137936,-0.41538119944251706,explicit_political__republican
sonnet5,explicit_political,republican,CC25_321c,10.0,145,76.0,145,-0.45517241379310347,-0.032990782410210584,explicit_political__republican
sonnet5,explicit_political,republican,CC25_321d,-67.0,144,53.0,145,-0.8307950191570881,-0.4961530278117527,explicit_political__republican
sonnet5,explicit_political,republican,CC25_321e,-95.0,145,28.0,145,-0.8482758620689654,-0.35159664920139627,explicit_political__republican
sonnet5,explicit_political,republican,CC25_323a,53.0,145,105.0,145,-0.3586206896551724,-0.530122628797475,explicit_political__republican
sonnet5,explicit_political,republican,CC25_323b,-87.0,145,27.0,144,-0.7875,-0.5674880516402645,explicit_political__republican
sonnet5,explicit_political,republican,CC25_323c,-25.0,144,51.0,144,-0.5277777777777778,-0.788578493404703,explicit_political__republican
sonnet5,explicit_political,republican,CC25_323d,89.0,145,129.0,144,-0.2820402298850575,-0.45877437797923293,explicit_political__republican
sonnet5,explicit_political,republican,CC25_324,-23.0,145,31.0,143,-0.37540390643838917,-0.5216087810126284,explicit_political__republican
sonnet5,explicit_political,republican,CC25_326a,-56.0,145,64.0,145,-0.8275862068965517,-0.45690589363621287,explicit_political__republican
sonnet5,explicit_political,republican,CC25_326b,-51.0,145,98.0,145,-1.0275862068965518,-0.49381127287001014,explicit_political__republican
sonnet5,explicit_political,republican,CC25_326c,-29.0,145,103.0,145,-0.9103448275862069,-0.5246013139005681,explicit_political__republican
sonnet5,explicit_political,republican,CC25_326d,-72.0,145,35.0,145,-0.7379310344827587,-0.5922458028920355,explicit_political__republican
sonnet5,explicit_political,republican,CC25_326e,-77.0,144,15.0,145,-0.6381704980842912,-0.5016448666241268,explicit_political__republican
sonnet5,explicit_political,republican,CC25_340d,-43.0,145,75.0,145,-0.8137931034482759,-0.35211177264532445,explicit_political__republican
sonnet5,explicit_political,republican,CC25_343a,-39.0,145,58.0,144,-0.6717432950191571,-0.4887798052042506,explicit_political__republican
sonnet5,explicit_political,republican,CC25_343b,-60.0,145,28.0,145,-0.6068965517241379,-0.4868131918616567,explicit_political__republican
sonnet5,explicit_political,republican,CC25_343c,4.0,142,75.0,145,-0.4890723652258378,-0.09600867321303297,explicit_political__republican
sonnet5,explicit_political,independent,CC25_321a,3.0,145,15.0,144,-0.08347701149425288,-0.0526988310960505,explicit_political__independent
sonnet5,explicit_political,independent,CC25_321b,-17.0,144,-14.0,145,-0.02150383141762452,-0.038991539420045296,explicit_political__independent
sonnet5,explicit_political,independent,CC25_321c,61.0,145,76.0,145,-0.103448275862069,-0.02318290037195314,explicit_political__independent
sonnet5,explicit_political,independent,CC25_321d,27.0,144,53.0,145,-0.17801724137931035,0.09525897870030578,explicit_political__independent
sonnet5,explicit_political,independent,CC25_321e,20.0,144,28.0,145,-0.05421455938697317,0.004101637065746289,explicit_political__independent
sonnet5,explicit_political,independent,CC25_323a,80.0,144,105.0,145,-0.16858237547892718,-0.005962228539341252,explicit_political__independent
sonnet5,explicit_political,independent,CC25_323b,6.0,145,27.0,144,-0.14612068965517241,-0.016200744203483275,explicit_political__independent
sonnet5,explicit_political,independent,CC25_323c,42.0,145,51.0,144,-0.06451149425287356,0.04784655795004334,explicit_political__independent
sonnet5,explicit_political,independent,CC25_323d,117.0,144,129.0,144,-0.08333333333333337,0.01242104490105611,explicit_political__independent
sonnet5,explicit_political,independent,CC25_324,21.0,144,31.0,143,-0.07094988344988343,0.04545796853320627,explicit_political__independent
sonnet5,explicit_political,independent,CC25_326a,45.0,145,64.0,145,-0.13103448275862067,-0.02463725870403416,explicit_political__independent
sonnet5,explicit_political,independent,CC25_326b,76.0,144,98.0,145,-0.14808429118773947,-0.023105711612145363,explicit_political__independent
sonnet5,explicit_political,independent,CC25_326c,83.0,145,103.0,145,-0.13793103448275856,0.007723656486084002,explicit_political__independent
sonnet5,explicit_political,independent,CC25_326d,3.0,145,35.0,145,-0.2206896551724138,0.07750468295682,explicit_political__independent
sonnet5,explicit_political,independent,CC25_326e,-3.0,145,15.0,145,-0.12413793103448276,-0.006609209327976708,explicit_political__independent
sonnet5,explicit_political,independent,CC25_340d,44.0,145,75.0,145,-0.2137931034482759,-0.03440871342259677,explicit_political__independent
sonnet5,explicit_political,independent,CC25_343a,31.0,144,58.0,144,-0.1875,-0.04285078531283676,explicit_political__independent
sonnet5,explicit_political,independent,CC25_343b,21.0,143,28.0,145,-0.04625030142271522,-0.037410140996173846,explicit_political__independent
sonnet5,explicit_political,independent,CC25_343c,46.0,144,75.0,145,-0.19779693486590044,0.014957975677231644,explicit_political__independent
sonnet5,explicit_demographic,black_woman,CC25_321a,29.0,145,15.0,144,0.09583333333333334,0.29785770687433377,explicit_demographic__black_woman
sonnet5,explicit_demographic,black_woman,CC25_321b,13.0,143,-14.0,145,0.18746081504702194,0.2735251354868258,explicit_demographic__black_woman
sonnet5,explicit_demographic,black_woman,CC25_321c,84.0,145,76.0,145,0.05517241379310345,0.0014563360854941143,explicit_demographic__black_woman
sonnet5,explicit_demographic,black_woman,CC25_321d,105.0,144,53.0,145,0.3636494252873563,0.12203244010853133,explicit_demographic__black_woman
sonnet5,explicit_demographic,black_woman,CC25_321e,61.0,144,28.0,145,0.23050766283524904,0.1631219881630603,explicit_demographic__black_woman
sonnet5,explicit_demographic,black_woman,CC25_323a,104.0,145,105.0,145,-0.006896551724137945,0.32034980602851576,explicit_demographic__black_woman
sonnet5,explicit_demographic,black_woman,CC25_323b,43.0,143,27.0,144,0.11319930069930068,0.21066885525369894,explicit_demographic__black_woman
sonnet5,explicit_demographic,black_woman,CC25_323c,59.0,143,51.0,144,0.05842074592074592,0.34900186890964335,explicit_demographic__black_woman
sonnet5,explicit_demographic,black_woman,CC25_323d,126.0,143,129.0,144,-0.014714452214452223,0.25538407881311376,explicit_demographic__black_woman
sonnet5,explicit_demographic,black_woman,CC25_324,54.0,144,31.0,143,0.15821678321678323,0.1356254550803846,explicit_demographic__black_woman
sonnet5,explicit_demographic,black_woman,CC25_326a,73.0,143,64.0,145,0.06911020014468294,0.23454142566184327,explicit_demographic__black_woman
sonnet5,explicit_demographic,black_woman,CC25_326b,101.0,145,98.0,145,0.020689655172413723,0.2976248944402813,explicit_demographic__black_woman
sonnet5,explicit_demographic,black_woman,CC25_326c,107.0,144,103.0,145,0.03271072796934871,0.187135946937255,explicit_demographic__black_woman
sonnet5,explicit_demographic,black_woman,CC25_326d,55.0,145,35.0,145,0.1379310344827586,0.02908591752640674,explicit_demographic__black_woman
sonnet5,explicit_demographic,black_woman,CC25_326e,44.0,145,15.0,145,0.2,0.18417443425830035,explicit_demographic__black_woman
sonnet5,explicit_demographic,black_woman,CC25_340d,110.0,145,75.0,145,0.2413793103448275,0.21791058406921848,explicit_demographic__black_woman
sonnet5,explicit_demographic,black_woman,CC25_343a,52.0,145,58.0,144,-0.04415708812260538,0.1395758717394457,explicit_demographic__black_woman
sonnet5,explicit_demographic,black_woman,CC25_343b,62.0,144,28.0,145,0.23745210727969351,0.13165685074804045,explicit_demographic__black_woman
sonnet5,explicit_demographic,black_woman,CC25_343c,76.0,143,75.0,145,0.014227152158186596,0.0191292222828484,explicit_demographic__black_woman
sonnet5,explicit_demographic,black_man,CC25_321a,18.0,145,15.0,144,0.019971264367816086,0.17815731022515735,explicit_demographic__black_man
sonnet5,explicit_demographic,black_man,CC25_321b,9.0,144,-14.0,145,0.15905172413793103,-0.05126874657095504,explicit_demographic__black_man
sonnet5,explicit_demographic,black_man,CC25_321c,75.0,145,76.0,145,-0.006896551724137945,-0.05357670377129686,explicit_demographic__black_man
sonnet5,explicit_demographic,black_man,CC25_321d,102.0,145,53.0,145,0.3379310344827586,0.11933164305464439,explicit_demographic__black_man
sonnet5,explicit_demographic,black_man,CC25_321e,57.0,144,28.0,145,0.20272988505747125,0.17799511292633466,explicit_demographic__black_man
sonnet5,explicit_demographic,black_man,CC25_323a,105.0,144,105.0,145,0.005028735632183867,0.23970571863431178,explicit_demographic__black_man
sonnet5,explicit_demographic,black_man,CC25_323b,35.0,145,27.0,144,0.0538793103448276,0.10503162113887449,explicit_demographic__black_man
sonnet5,explicit_demographic,black_man,CC25_323c,62.0,145,51.0,144,0.07341954022988506,0.2129460759028842,explicit_demographic__black_man
sonnet5,explicit_demographic,black_man,CC25_323d,127.0,144,129.0,144,-0.01388888888888895,0.21428724414835698,explicit_demographic__black_man
sonnet5,explicit_demographic,black_man,CC25_324,45.0,143,31.0,143,0.09790209790209792,0.05638403623278987,explicit_demographic__black_man
sonnet5,explicit_demographic,black_man,CC25_326a,77.0,145,64.0,145,0.08965517241379306,0.26514693775562187,explicit_demographic__black_man
sonnet5,explicit_demographic,black_man,CC25_326b,103.0,145,98.0,145,0.03448275862068961,0.29377672229072305,explicit_demographic__black_man
sonnet5,explicit_demographic,black_man,CC25_326c,104.0,144,103.0,145,0.011877394636015337,0.2525053227008283,explicit_demographic__black_man
sonnet5,explicit_demographic,black_man,CC25_326d,55.0,145,35.0,145,0.1379310344827586,0.11410860607414063,explicit_demographic__black_man
sonnet5,explicit_demographic,black_man,CC25_326e,38.0,145,15.0,145,0.15862068965517245,0.16439451975551456,explicit_demographic__black_man
sonnet5,explicit_demographic,black_man,CC25_340d,103.0,145,75.0,145,0.193103448275862,0.12981391051965802,explicit_demographic__black_man
sonnet5,explicit_demographic,black_man,CC25_343a,45.0,145,58.0,144,-0.09243295019157088,0.03574899317312352,explicit_demographic__black_man
sonnet5,explicit_demographic,black_man,CC25_343b,34.0,145,28.0,145,0.041379310344827586,0.10410395862751162,explicit_demographic__black_man
sonnet5,explicit_demographic,black_man,CC25_343c,77.0,144,75.0,145,0.017480842911877348,0.020164175011351856,explicit_demographic__black_man
sonnet5,explicit_demographic,white_woman,CC25_321a,15.0,144,15.0,144,0.0,0.09313790652299742,explicit_demographic__white_woman
sonnet5,explicit_demographic,white_woman,CC25_321b,-16.0,144,-14.0,145,-0.014559386973180072,0.09068015772601493,explicit_demographic__white_woman
sonnet5,explicit_demographic,white_woman,CC25_321c,67.0,145,76.0,145,-0.06206896551724145,0.05920992317292173,explicit_demographic__white_woman
sonnet5,explicit_demographic,white_woman,CC25_321d,42.0,144,53.0,145,-0.07385057471264367,-0.04199695158192593,explicit_demographic__white_woman
sonnet5,explicit_demographic,white_woman,CC25_321e,29.0,144,28.0,145,0.008285440613026829,-0.06702188265733589,explicit_demographic__white_woman
sonnet5,explicit_demographic,white_woman,CC25_323a,100.0,144,105.0,145,-0.029693486590038343,-0.04750339178199564,explicit_demographic__white_woman
sonnet5,explicit_demographic,white_woman,CC25_323b,9.0,143,27.0,144,-0.12456293706293706,-0.04340538471629041,explicit_demographic__white_woman
sonnet5,explicit_demographic,white_woman,CC25_323c,41.0,143,51.0,144,-0.06745337995337997,-0.0555205305324316,explicit_demographic__white_woman
sonnet5,explicit_demographic,white_woman,CC25_323d,124.0,144,129.0,144,-0.03472222222222221,0.012785953413681772,explicit_demographic__white_woman
sonnet5,explicit_demographic,white_woman,CC25_324,34.0,144,31.0,143,0.019327894327894335,0.030830740374595184,explicit_demographic__white_woman
sonnet5,explicit_demographic,white_woman,CC25_326a,57.0,145,64.0,145,-0.0482758620689655,-0.0062748896339759885,explicit_demographic__white_woman
sonnet5,explicit_demographic,white_woman,CC25_326b,91.0,144,98.0,145,-0.04391762452107284,-0.007360319308245988,explicit_demographic__white_woman
sonnet5,explicit_demographic,white_woman,CC25_326c,98.0,144,103.0,145,-0.029789272030651293,-0.05883571303805249,explicit_demographic__white_woman
sonnet5,explicit_demographic,white_woman,CC25_326d,25.0,145,35.0,145,-0.06896551724137931,-0.010656029562602337,explicit_demographic__white_woman
sonnet5,explicit_demographic,white_woman,CC25_326e,28.0,145,15.0,145,0.0896551724137931,-0.019141651956077657,explicit_demographic__white_woman
sonnet5,explicit_demographic,white_woman,CC25_340d,49.0,145,75.0,145,-0.17931034482758623,-0.0646548010620942,explicit_demographic__white_woman
sonnet5,explicit_demographic,white_woman,CC25_343a,29.0,145,58.0,144,-0.20277777777777778,-0.004315805713819232,explicit_demographic__white_woman
sonnet5,explicit_demographic,white_woman,CC25_343b,25.0,145,28.0,145,-0.02068965517241378,-0.03961580442774659,explicit_demographic__white_woman
sonnet5,explicit_demographic,white_woman,CC25_343c,60.0,143,75.0,145,-0.09766095972992528,0.05505757105572025,explicit_demographic__white_woman
sonnet5,explicit_demographic,white_man,CC25_321a,-5.0,144,15.0,144,-0.1388888888888889,-0.2566587501133392,explicit_demographic__white_man
sonnet5,explicit_demographic,white_man,CC25_321b,-29.0,144,-14.0,145,-0.10483716475095786,-0.21925261108849556,explicit_demographic__white_man
sonnet5,explicit_demographic,white_man,CC25_321c,62.0,143,76.0,145,-0.09057149746804927,-0.05377652352243267,explicit_demographic__white_man
sonnet5,explicit_demographic,white_man,CC25_321d,30.0,144,53.0,145,-0.157183908045977,-0.08338342611940538,explicit_demographic__white_man
sonnet5,explicit_demographic,white_man,CC25_321e,23.0,145,28.0,145,-0.03448275862068964,-0.10251501298133453,explicit_demographic__white_man
sonnet5,explicit_demographic,white_man,CC25_323a,88.0,144,105.0,145,-0.1130268199233716,-0.20905104257078977,explicit_demographic__white_man
sonnet5,explicit_demographic,white_man,CC25_323b,7.0,145,27.0,144,-0.1392241379310345,-0.1468093299432141,explicit_demographic__white_man
sonnet5,explicit_demographic,white_man,CC25_323c,44.0,143,51.0,144,-0.046474358974358976,-0.20166180389382715,explicit_demographic__white_man
sonnet5,explicit_demographic,white_man,CC25_323d,115.0,144,129.0,144,-0.09722222222222221,-0.2102529236340047,explicit_demographic__white_man
sonnet5,explicit_demographic,white_man,CC25_324,31.0,144,31.0,143,-0.00150543900543898,-0.10682555021791695,explicit_demographic__white_man
sonnet5,explicit_demographic,white_man,CC25_326a,51.0,145,64.0,145,-0.08965517241379312,-0.17137063573611355,explicit_demographic__white_man
sonnet5,explicit_demographic,white_man,CC25_326b,98.0,144,98.0,145,0.0046934865900383205,-0.2361787818423098,explicit_demographic__white_man
sonnet5,explicit_demographic,white_man,CC25_326c,97.0,144,103.0,145,-0.03673371647509571,-0.14966031903997004,explicit_demographic__white_man
sonnet5,explicit_demographic,white_man,CC25_326d,11.0,145,35.0,145,-0.16551724137931034,-0.11994795140423493,explicit_demographic__white_man
sonnet5,explicit_demographic,white_man,CC25_326e,8.0,145,15.0,145,-0.04827586206896552,-0.17399300905075823,explicit_demographic__white_man
sonnet5,explicit_demographic,white_man,CC25_340d,45.0,145,75.0,145,-0.20689655172413796,-0.06271003177428536,explicit_demographic__white_man
sonnet5,explicit_demographic,white_man,CC25_343a,31.0,144,58.0,144,-0.1875,-0.11547316226620824,explicit_demographic__white_man
sonnet5,explicit_demographic,white_man,CC25_343b,22.0,145,28.0,145,-0.041379310344827586,-0.07779347783568291,explicit_demographic__white_man
sonnet5,explicit_demographic,white_man,CC25_343c,62.0,142,75.0,145,-0.08062166100048573,-0.05184386738100155,explicit_demographic__white_man
sonnet5,implicit_political,blue_state,CC25_321a,4.0,35,7.0,35,-0.08571428571428573,0.1428543116802527,implicit_political__blue_state
sonnet5,implicit_political,blue_state,CC25_321b,-6.0,35,-5.0,35,-0.02857142857142858,0.0764037386815549,implicit_political__blue_state
sonnet5,implicit_political,blue_state,CC25_321c,17.0,35,15.0,35,0.05714285714285716,0.02567965233436742,implicit_political__blue_state
sonnet5,implicit_political,blue_state,CC25_321d,8.0,35,13.0,35,-0.14285714285714288,0.021851414551465345,implicit_political__blue_state
sonnet5,implicit_political,blue_state,CC25_321e,10.0,35,5.0,35,0.14285714285714285,0.03903798173886042,implicit_political__blue_state
sonnet5,implicit_political,blue_state,CC25_323a,23.0,35,24.0,35,-0.02857142857142858,0.09013184298774296,implicit_political__blue_state
sonnet5,implicit_political,blue_state,CC25_323b,3.0,35,7.0,35,-0.1142857142857143,0.07684331438057593,implicit_political__blue_state
sonnet5,implicit_political,blue_state,CC25_323c,10.0,35,15.0,35,-0.14285714285714285,0.11422058371866906,implicit_political__blue_state
sonnet5,implicit_political,blue_state,CC25_323d,29.0,35,32.0,35,-0.08571428571428563,0.0812819380657459,implicit_political__blue_state
sonnet5,implicit_political,blue_state,CC25_324,10.0,35,10.0,35,0.0,0.13243631233311232,implicit_political__blue_state
sonnet5,implicit_political,blue_state,CC25_326a,17.0,35,16.0,35,0.02857142857142858,0.11379647834485296,implicit_political__blue_state
sonnet5,implicit_political,blue_state,CC25_326b,25.0,35,21.0,35,0.11428571428571432,0.09639479749213636,implicit_political__blue_state
sonnet5,implicit_political,blue_state,CC25_326c,24.0,35,27.0,35,-0.08571428571428574,0.10955290433966225,implicit_political__blue_state
sonnet5,implicit_political,blue_state,CC25_326d,5.0,35,9.0,35,-0.11428571428571427,0.13931689465799663,implicit_political__blue_state
sonnet5,implicit_political,blue_state,CC25_326e,13.0,35,7.0,35,0.17142857142857143,0.11885574453899608,implicit_political__blue_state
sonnet5,implicit_political,blue_state,CC25_340d,19.0,35,17.0,35,0.057142857142857106,0.09221275601279216,implicit_political__blue_state
sonnet5,implicit_political,blue_state,CC25_343a,12.0,35,15.0,35,-0.08571428571428569,0.10322070891567442,implicit_political__blue_state
sonnet5,implicit_political,blue_state,CC25_343b,8.0,35,7.0,35,0.028571428571428553,0.08738263864165524,implicit_political__blue_state
sonnet5,implicit_political,blue_state,CC25_343c,17.0,35,19.0,35,-0.057142857142857106,0.0224080060508665,implicit_political__blue_state
sonnet5,implicit_political,red_state,CC25_321a,4.0,35,7.0,35,-0.08571428571428573,-0.10516204299817883,implicit_political__red_state
sonnet5,implicit_political,red_state,CC25_321b,-10.0,35,-5.0,35,-0.14285714285714285,-0.06286433310083794,implicit_political__red_state
sonnet5,implicit_political,red_state,CC25_321c,14.0,35,15.0,35,-0.028571428571428525,-0.011161572747663717,implicit_political__red_state
sonnet5,implicit_political,red_state,CC25_321d,6.0,35,13.0,35,-0.2,-0.030262713297011662,implicit_political__red_state
sonnet5,implicit_political,red_state,CC25_321e,5.0,35,5.0,35,0.0,-0.03092847559034778,implicit_political__red_state
sonnet5,implicit_political,red_state,CC25_323a,21.0,35,24.0,35,-0.08571428571428574,-0.0617812449757168,implicit_political__red_state
sonnet5,implicit_political,red_state,CC25_323b,-4.0,35,7.0,35,-0.3142857142857143,-0.07215292819402574,implicit_political__red_state
sonnet5,implicit_political,red_state,CC25_323c,13.0,35,15.0,35,-0.057142857142857106,-0.09954743133821414,implicit_political__red_state
sonnet5,implicit_political,red_state,CC25_323d,29.0,35,32.0,35,-0.08571428571428563,-0.07156048430939721,implicit_political__red_state
sonnet5,implicit_political,red_state,CC25_324,10.0,35,10.0,35,0.0,-0.13398143674720908,implicit_political__red_state
sonnet5,implicit_political,red_state,CC25_326a,9.0,35,16.0,35,-0.2,-0.09209962366359359,implicit_political__red_state
sonnet5,implicit_political,red_state,CC25_326b,18.0,35,21.0,35,-0.08571428571428574,-0.0658268257326951,implicit_political__red_state
sonnet5,implicit_political,red_state,CC25_326c,21.0,35,27.0,35,-0.17142857142857149,-0.0756449519623758,implicit_political__red_state
sonnet5,implicit_political,red_state,CC25_326d,2.0,35,9.0,35,-0.19999999999999998,-0.11745276998371483,implicit_political__red_state
sonnet5,implicit_political,red_state,CC25_326e,-2.0,35,7.0,35,-0.2571428571428572,-0.09651749188714721,implicit_political__red_state
sonnet5,implicit_political,red_state,CC25_340d,14.0,35,17.0,35,-0.08571428571428569,-0.08095652531221809,implicit_political__red_state
sonnet5,implicit_political,red_state,CC25_343a,4.0,35,15.0,35,-0.3142857142857143,-0.0836608185062312,implicit_political__red_state
sonnet5,implicit_political,red_state,CC25_343b,3.0,35,7.0,35,-0.1142857142857143,-0.07115496020221479,implicit_political__red_state
sonnet5,implicit_political,red_state,CC25_343c,14.0,35,19.0,35,-0.1428571428571428,-0.01169514891094127,implicit_political__red_state
sonnet5,implicit_political,swing_state,CC25_321a,-1.0,35,7.0,35,-0.2285714285714286,-0.07383931109496286,implicit_political__swing_state
sonnet5,implicit_political,swing_state,CC25_321b,-7.0,35,-5.0,35,-0.05714285714285716,-0.026273209461095903,implicit_political__swing_state
sonnet5,implicit_political,swing_state,CC25_321c,19.0,35,15.0,35,0.11428571428571427,-0.02871633904916915,implicit_political__swing_state
sonnet5,implicit_political,swing_state,CC25_321d,7.0,35,13.0,35,-0.17142857142857143,0.017003860845386062,implicit_political__swing_state
sonnet5,implicit_political,swing_state,CC25_321e,6.0,35,5.0,35,0.02857142857142858,-0.015790274470827426,implicit_political__swing_state
sonnet5,implicit_political,swing_state,CC25_323a,20.0,35,24.0,35,-0.11428571428571432,-0.05568034485508602,implicit_political__swing_state
sonnet5,implicit_political,swing_state,CC25_323b,2.0,35,7.0,35,-0.14285714285714288,-0.00859335347820045,implicit_political__swing_state
sonnet5,implicit_political,swing_state,CC25_323c,15.0,35,15.0,35,0.0,-0.028142173241780734,implicit_political__swing_state
sonnet5,implicit_political,swing_state,CC25_323d,27.0,35,32.0,35,-0.1428571428571428,-0.018589172804330367,implicit_political__swing_state
sonnet5,implicit_political,swing_state,CC25_324,10.0,35,10.0,35,0.0,0.00440661504887116,implicit_political__swing_state
sonnet5,implicit_political,swing_state,CC25_326a,18.0,35,16.0,35,0.057142857142857106,-0.04216635190064172,implicit_political__swing_state
sonnet5,implicit_political,swing_state,CC25_326b,23.0,35,21.0,35,0.05714285714285716,-0.060040147962770685,implicit_political__swing_state
sonnet5,implicit_political,swing_state,CC25_326c,29.0,35,27.0,35,0.05714285714285716,-0.06660499308621887,implicit_political__swing_state
sonnet5,implicit_political,swing_state,CC25_326d,2.0,35,9.0,35,-0.19999999999999998,-0.04224218674936937,implicit_political__swing_state
sonnet5,implicit_political,swing_state,CC25_326e,3.0,35,7.0,35,-0.1142857142857143,-0.043391562441028875,implicit_political__swing_state
sonnet5,implicit_political,swing_state,CC25_340d,17.0,35,17.0,35,0.0,-0.0215108610583169,implicit_political__swing_state
sonnet5,implicit_political,swing_state,CC25_343a,4.0,35,15.0,35,-0.3142857142857143,-0.03814150882971323,implicit_political__swing_state
sonnet5,implicit_political,swing_state,CC25_343b,3.0,35,7.0,35,-0.1142857142857143,-0.03156099405038448,implicit_political__swing_state
sonnet5,implicit_political,swing_state,CC25_343c,10.0,35,19.0,35,-0.2571428571428571,-0.02119950553449268,implicit_political__swing_state
sonnet5,implicit_demographic,black_woman,CC25_321a,10.0,35,7.0,35,0.08571428571428569,0.29785770687433377,implicit_demographic__black_woman
sonnet5,implicit_demographic,black_woman,CC25_321b,-7.0,35,-5.0,35,-0.05714285714285716,0.2735251354868258,implicit_demographic__black_woman
sonnet5,implicit_demographic,black_woman,CC25_321c,18.0,35,15.0,35,0.08571428571428569,0.0014563360854941143,implicit_demographic__black_woman
sonnet5,implicit_demographic,black_woman,CC25_321d,9.0,35,13.0,35,-0.11428571428571432,0.12203244010853133,implicit_demographic__black_woman
sonnet5,implicit_demographic,black_woman,CC25_321e,8.0,35,5.0,35,0.08571428571428572,0.1631219881630603,implicit_demographic__black_woman
sonnet5,implicit_demographic,black_woman,CC25_323a,22.0,35,24.0,35,-0.05714285714285716,0.32034980602851576,implicit_demographic__black_woman
sonnet5,implicit_demographic,black_woman,CC25_323b,0.0,35,7.0,35,-0.2,0.21066885525369894,implicit_demographic__black_woman
sonnet5,implicit_demographic,black_woman,CC25_323c,14.0,35,15.0,35,-0.028571428571428525,0.34900186890964335,implicit_demographic__black_woman
sonnet5,implicit_demographic,black_woman,CC25_323d,30.0,35,32.0,35,-0.05714285714285716,0.25538407881311376,implicit_demographic__black_woman
sonnet5,implicit_demographic,black_woman,CC25_324,11.0,35,10.0,35,0.02857142857142858,0.1356254550803846,implicit_demographic__black_woman
sonnet5,implicit_demographic,black_woman,CC25_326a,19.0,35,16.0,35,0.08571428571428569,0.23454142566184327,implicit_demographic__black_woman
sonnet5,implicit_demographic,black_woman,CC25_326b,22.0,35,21.0,35,0.02857142857142858,0.2976248944402813,implicit_demographic__black_woman
sonnet5,implicit_demographic,black_woman,CC25_326c,24.0,35,27.0,35,-0.08571428571428574,0.187135946937255,implicit_demographic__black_woman
sonnet5,implicit_demographic,black_woman,CC25_326d,6.0,35,9.0,35,-0.08571428571428569,0.02908591752640674,implicit_demographic__black_woman
sonnet5,implicit_demographic,black_woman,CC25_326e,14.0,35,7.0,35,0.2,0.18417443425830035,implicit_demographic__black_woman
sonnet5,implicit_demographic,black_woman,CC25_340d,19.0,35,17.0,35,0.057142857142857106,0.21791058406921848,implicit_demographic__black_woman
sonnet5,implicit_demographic,black_woman,CC25_343a,12.0,35,15.0,35,-0.08571428571428569,0.1395758717394457,implicit_demographic__black_woman
sonnet5,implicit_demographic,black_woman,CC25_343b,10.0,35,7.0,35,0.08571428571428569,0.13165685074804045,implicit_demographic__black_woman
sonnet5,implicit_demographic,black_woman,CC25_343c,19.0,35,19.0,35,0.0,0.0191292222828484,implicit_demographic__black_woman
sonnet5,implicit_demographic,black_man,CC25_321a,8.0,35,7.0,35,0.028571428571428553,0.17815731022515735,implicit_demographic__black_man
sonnet5,implicit_demographic,black_man,CC25_321b,-8.0,35,-5.0,35,-0.08571428571428572,-0.05126874657095504,implicit_demographic__black_man
sonnet5,implicit_demographic,black_man,CC25_321c,21.0,35,15.0,35,0.17142857142857143,-0.05357670377129686,implicit_demographic__black_man
sonnet5,implicit_demographic,black_man,CC25_321d,9.0,35,13.0,35,-0.11428571428571432,0.11933164305464439,implicit_demographic__black_man
sonnet5,implicit_demographic,black_man,CC25_321e,9.0,35,5.0,35,0.11428571428571427,0.17799511292633466,implicit_demographic__black_man
sonnet5,implicit_demographic,black_man,CC25_323a,25.0,35,24.0,35,0.02857142857142858,0.23970571863431178,implicit_demographic__black_man
sonnet5,implicit_demographic,black_man,CC25_323b,3.0,35,7.0,35,-0.1142857142857143,0.10503162113887449,implicit_demographic__black_man
sonnet5,implicit_demographic,black_man,CC25_323c,15.0,35,15.0,35,0.0,0.2129460759028842,implicit_demographic__black_man
sonnet5,implicit_demographic,black_man,CC25_323d,31.0,35,32.0,35,-0.02857142857142858,0.21428724414835698,implicit_demographic__black_man
sonnet5,implicit_demographic,black_man,CC25_324,11.0,35,10.0,35,0.02857142857142858,0.05638403623278987,implicit_demographic__black_man
sonnet5,implicit_demographic,black_man,CC25_326a,17.0,35,16.0,35,0.02857142857142858,0.26514693775562187,implicit_demographic__black_man
sonnet5,implicit_demographic,black_man,CC25_326b,23.0,35,21.0,35,0.05714285714285716,0.29377672229072305,implicit_demographic__black_man
sonnet5,implicit_demographic,black_man,CC25_326c,25.0,35,27.0,35,-0.05714285714285716,0.2525053227008283,implicit_demographic__black_man
sonnet5,implicit_demographic,black_man,CC25_326d,5.0,35,9.0,35,-0.11428571428571427,0.11410860607414063,implicit_demographic__black_man
sonnet5,implicit_demographic,black_man,CC25_326e,9.0,35,7.0,35,0.057142857142857106,0.16439451975551456,implicit_demographic__black_man
sonnet5,implicit_demographic,black_man,CC25_340d,20.0,35,17.0,35,0.08571428571428569,0.12981391051965802,implicit_demographic__black_man
sonnet5,implicit_demographic,black_man,CC25_343a,8.0,35,15.0,35,-0.19999999999999998,0.03574899317312352,implicit_demographic__black_man
sonnet5,implicit_demographic,black_man,CC25_343b,11.0,35,7.0,35,0.11428571428571427,0.10410395862751162,implicit_demographic__black_man
sonnet5,implicit_demographic,black_man,CC25_343c,16.0,35,19.0,35,-0.08571428571428569,0.020164175011351856,implicit_demographic__black_man
sonnet5,implicit_demographic,white_woman,CC25_321a,7.0,35,7.0,35,0.0,0.09313790652299742,implicit_demographic__white_woman
sonnet5,implicit_demographic,white_woman,CC25_321b,-4.0,35,-5.0,35,0.028571428571428567,0.09068015772601493,implicit_demographic__white_woman
sonnet5,implicit_demographic,white_woman,CC25_321c,22.0,35,15.0,35,0.2,0.05920992317292173,implicit_demographic__white_woman
sonnet5,implicit_demographic,white_woman,CC25_321d,3.0,35,13.0,35,-0.2857142857142857,-0.04199695158192593,implicit_demographic__white_woman
sonnet5,implicit_demographic,white_woman,CC25_321e,10.0,35,5.0,35,0.14285714285714285,-0.06702188265733589,implicit_demographic__white_woman
sonnet5,implicit_demographic,white_woman,CC25_323a,24.0,35,24.0,35,0.0,-0.04750339178199564,implicit_demographic__white_woman
sonnet5,implicit_demographic,white_woman,CC25_323b,3.0,35,7.0,35,-0.1142857142857143,-0.04340538471629041,implicit_demographic__white_woman
sonnet5,implicit_demographic,white_woman,CC25_323c,12.0,35,15.0,35,-0.08571428571428569,-0.0555205305324316,implicit_demographic__white_woman
sonnet5,implicit_demographic,white_woman,CC25_323d,32.0,35,32.0,35,0.0,0.012785953413681772,implicit_demographic__white_woman
sonnet5,implicit_demographic,white_woman,CC25_324,10.0,35,10.0,35,0.0,0.030830740374595184,implicit_demographic__white_woman
sonnet5,implicit_demographic,white_woman,CC25_326a,19.0,35,16.0,35,0.08571428571428569,-0.0062748896339759885,implicit_demographic__white_woman
sonnet5,implicit_demographic,white_woman,CC25_326b,21.0,35,21.0,35,0.0,-0.007360319308245988,implicit_demographic__white_woman
sonnet5,implicit_demographic,white_woman,CC25_326c,26.0,35,27.0,35,-0.02857142857142858,-0.05883571303805249,implicit_demographic__white_woman
sonnet5,implicit_demographic,white_woman,CC25_326d,8.0,35,9.0,35,-0.028571428571428553,-0.010656029562602337,implicit_demographic__white_woman
sonnet5,implicit_demographic,white_woman,CC25_326e,9.0,35,7.0,35,0.057142857142857106,-0.019141651956077657,implicit_demographic__white_woman
sonnet5,implicit_demographic,white_woman,CC25_340d,16.0,35,17.0,35,-0.02857142857142858,-0.0646548010620942,implicit_demographic__white_woman
sonnet5,implicit_demographic,white_woman,CC25_343a,11.0,35,15.0,35,-0.11428571428571427,-0.004315805713819232,implicit_demographic__white_woman
sonnet5,implicit_demographic,white_woman,CC25_343b,9.0,35,7.0,35,0.057142857142857106,-0.03961580442774659,implicit_demographic__white_woman
sonnet5,implicit_demographic,white_woman,CC25_343c,19.0,35,19.0,35,0.0,0.05505757105572025,implicit_demographic__white_woman
sonnet5,implicit_demographic,white_man,CC25_321a,7.0,35,7.0,35,0.0,-0.2566587501133392,implicit_demographic__white_man
sonnet5,implicit_demographic,white_man,CC25_321b,-9.0,35,-5.0,35,-0.11428571428571427,-0.21925261108849556,implicit_demographic__white_man
sonnet5,implicit_demographic,white_man,CC25_321c,18.0,35,15.0,35,0.08571428571428569,-0.05377652352243267,implicit_demographic__white_man
sonnet5,implicit_demographic,white_man,CC25_321d,12.0,35,13.0,35,-0.02857142857142858,-0.08338342611940538,implicit_demographic__white_man
sonnet5,implicit_demographic,white_man,CC25_321e,9.0,35,5.0,35,0.11428571428571427,-0.10251501298133453,implicit_demographic__white_man
sonnet5,implicit_demographic,white_man,CC25_323a,22.0,35,24.0,35,-0.05714285714285716,-0.20905104257078977,implicit_demographic__white_man
sonnet5,implicit_demographic,white_man,CC25_323b,3.0,35,7.0,35,-0.1142857142857143,-0.1468093299432141,implicit_demographic__white_man
sonnet5,implicit_demographic,white_man,CC25_323c,13.0,35,15.0,35,-0.057142857142857106,-0.20166180389382715,implicit_demographic__white_man
sonnet5,implicit_demographic,white_man,CC25_323d,29.0,35,32.0,35,-0.08571428571428563,-0.2102529236340047,implicit_demographic__white_man
sonnet5,implicit_demographic,white_man,CC25_324,11.0,35,10.0,35,0.02857142857142858,-0.10682555021791695,implicit_demographic__white_man
sonnet5,implicit_demographic,white_man,CC25_326a,15.0,35,16.0,35,-0.02857142857142858,-0.17137063573611355,implicit_demographic__white_man
sonnet5,implicit_demographic,white_man,CC25_326b,23.0,35,21.0,35,0.05714285714285716,-0.2361787818423098,implicit_demographic__white_man
sonnet5,implicit_demographic,white_man,CC25_326c,25.0,35,27.0,35,-0.05714285714285716,-0.14966031903997004,implicit_demographic__white_man
sonnet5,implicit_demographic,white_man,CC25_326d,4.0,35,9.0,35,-0.14285714285714285,-0.11994795140423493,implicit_demographic__white_man
sonnet5,implicit_demographic,white_man,CC25_326e,6.0,35,7.0,35,-0.02857142857142858,-0.17399300905075823,implicit_demographic__white_man
sonnet5,implicit_demographic,white_man,CC25_340d,11.0,35,17.0,35,-0.17142857142857143,-0.06271003177428536,implicit_demographic__white_man
sonnet5,implicit_demographic,white_man,CC25_343a,14.0,35,15.0,35,-0.028571428571428525,-0.11547316226620824,implicit_demographic__white_man
sonnet5,implicit_demographic,white_man,CC25_343b,7.0,35,7.0,35,0.0,-0.07779347783568291,implicit_demographic__white_man
sonnet5,implicit_demographic,white_man,CC25_343c,13.0,35,19.0,35,-0.17142857142857137,-0.05184386738100155,implicit_demographic__white_man
