firstname,obs,pcthispanic,pctwhite,pctblack,pctapi,pctaian,pct2prace
AARON,3646,2.88,91.606999999999999,3.2639999999999998,2.0569999999999999,5.5E-2,0.13700000000000001
ABBAS,59,0,71.186000000000007,3.39,25.423999999999999,0,0
ABBEY,57,0,96.491,3.5089999999999999,0,0,0
ABBIE,74,1.351,95.945999999999998,2.7029999999999998,0,0,0
ABBY,262,1.5269999999999999,94.656000000000006,1.5269999999999999,2.29,0,0
ABDUL,221,0.45200000000000001,44.344000000000001,6.7869999999999999,47.511000000000003,0.45200000000000001,0.45200000000000001
ABDULLAH,44,2.2730000000000001,65.909000000000006,9.0909999999999993,22.727,0,0
ABE,31,6.452,77.418999999999997,12.903,3.226,0,0
ABEL,327,82.569000000000003,12.843999999999999,2.141,2.4460000000000002,0,0
ABELARDO,76,78.947000000000003,9.2110000000000003,0,11.842000000000001,0,0
ABHIJIT,34,0,17.646999999999998,0,82.352999999999994,0,0
ABHISHEK,18,0,0,0,100,0,0
ABIGAIL,418,12.201000000000001,81.578999999999994,1.4350000000000001,4.7850000000000001,0,0
ABNER,41,39.024000000000001,34.146000000000001,12.195,14.634,0,0
ABRAHAM,413,30.751000000000001,47.7,7.7480000000000002,12.349,1.4530000000000001,0
ABRAM,43,9.3019999999999996,81.394999999999996,6.9770000000000003,2.3260000000000001,0,0
ADA,199,30.652999999999999,53.265999999999998,7.0350000000000001,8.5429999999999993,0.503,0
ADALBERTO,69,94.203000000000003,5.7969999999999997,0,0,0,0
ADAM,4725,1.9890000000000001,96.147999999999996,0.63500000000000001,1.016,8.5000000000000006E-2,0.127
ADAN,146,91.781000000000006,5.4790000000000001,2.0550000000000002,0.68500000000000005,0,0
ADDIE,49,2.0409999999999999,67.346999999999994,26.530999999999999,2.0409999999999999,2.0409999999999999,0
ADEL,77,9.0909999999999993,71.429000000000002,5.1950000000000003,14.286,0,0
ADELA,122,63.115000000000002,28.689,0,8.1969999999999992,0,0
ADELAIDA,44,52.273000000000003,13.635999999999999,0,34.091000000000001,0,0
ADELAIDE,41,12.195,75.61,12.195,0,0,0
ADELE,193,0.51800000000000002,93.781999999999996,2.5910000000000002,2.5910000000000002,0,0.51800000000000002
ADELINA,62,62.902999999999999,25.806000000000001,1.613,8.0649999999999995,1.613,0
ADELINE,66,10.606,65.152000000000001,7.5759999999999996,15.151999999999999,0,1.5149999999999999
ADINA,55,3.6360000000000001,89.090999999999994,5.4550000000000001,1.8180000000000001,0,0
ADMIR,15,0,100,0,0,0,0
ADNAN,66,0,66.667000000000002,1.5149999999999999,30.303000000000001,1.5149999999999999,0
ADOLFO,179,87.150999999999996,10.055999999999999,0.55900000000000005,2.2349999999999999,0,0
ADOLPH,44,11.364000000000001,72.727000000000004,15.909000000000001,0,0,0
ADRIA,40,10,90,0,0,0,0
ADRIAN,865,36.301000000000002,49.249000000000002,11.098000000000001,2.6589999999999998,0.34699999999999998,0.34699999999999998
ADRIANA,489,62.372,35.991999999999997,0.81799999999999995,0.61299999999999999,0.20399999999999999,0
ADRIANE,58,6.8970000000000002,75.861999999999995,15.516999999999999,1.724,0,0
ADRIANNA,30,43.332999999999998,50,3.3330000000000002,3.3330000000000002,0,0
ADRIANNE,95,3.1579999999999999,89.474000000000004,6.3159999999999998,1.0529999999999999,0,0
ADRIENNE,644,2.0190000000000001,83.385000000000005,12.733000000000001,1.5529999999999999,0.155,0.155
AFSHIN,37,0,83.784000000000006,0,13.513999999999999,0,2.7029999999999998
AGATA,48,2.0830000000000002,97.917000000000002,0,0,0,0
AGATHA,36,2.778,61.110999999999997,16.667000000000002,16.667000000000002,2.778,0
AGNES,352,3.125,67.897999999999996,10.795,17.614000000000001,0.56799999999999995,0
AGNIESZKA,104,1.923,96.153999999999996,0.96199999999999997,0.96199999999999997,0,0
AGUSTIN,239,89.957999999999998,5.8579999999999997,0.41799999999999998,3.766,0,0
AHMAD,163,0.61299999999999999,67.484999999999999,3.681,26.38,1.2270000000000001,0.61299999999999999
AHMED,176,1.1359999999999999,65.340999999999994,8.5229999999999997,22.727,0,2.2730000000000001
AHMET,32,6.25,90.625,0,3.125,0,0
AI,31,3.226,9.6769999999999996,0,87.096999999999994,0,0
AIDA,214,45.793999999999997,37.85,0.93500000000000005,15.420999999999999,0,0
AILEEN,186,9.14,65.590999999999994,2.1509999999999998,22.581,0,0.53800000000000003
AIMEE,611,2.782,93.453000000000003,0.32700000000000001,3.11,0.16400000000000001,0.16400000000000001
AISHA,72,5.556,25,59.722000000000001,9.7219999999999995,0,0
AJAY,154,0.64900000000000002,25.324999999999999,0.64900000000000002,70.778999999999996,1.948,0.64900000000000002
AJIT,68,1.4710000000000001,20.588000000000001,0,77.941000000000003,0,0
AKBAR,31,0,48.387,0,51.613,0,0
AKIKO,33,3.03,27.273,3.03,66.667000000000002,0,0
AL,92,5.4349999999999996,73.912999999999997,10.87,8.6959999999999997,1.087,0
ALAIN,114,14.035,66.667000000000002,10.526,7.8949999999999996,0,0.877
ALAINA,55,1.8180000000000001,94.545000000000002,1.8180000000000001,1.8180000000000001,0,0
ALAN,4795,1.502,92.471000000000004,1.0640000000000001,4.7969999999999997,0.104,6.3E-2
ALANA,153,5.2290000000000001,84.966999999999999,8.4969999999999999,1.3069999999999999,0,0
ALANE,22,0,100,0,0,0,0
ALANNA,53,0,96.225999999999999,0,1.887,1.887,0
ALASTAIR,18,0,100,0,0,0,0
ALBA,113,82.301000000000002,16.814,0,0.88500000000000001,0,0
ALBERT,2425,9.5259999999999998,75.093000000000004,7.4640000000000004,7.5460000000000003,0.20599999999999999,0.16500000000000001
ALBERTA,132,7.5759999999999996,62.878999999999998,27.273,2.2730000000000001,0,0
ALBERTO,674,81.305999999999997,11.128,0.44500000000000001,6.8250000000000002,0.29699999999999999,0
ALDEN,38,7.8949999999999996,78.947000000000003,2.6320000000000001,10.526,0,0
ALDO,114,58.771999999999998,37.719000000000001,0,3.5089999999999999,0,0
ALEC,109,0,89.908000000000001,1.835,8.2569999999999997,0,0
ALECIA,89,2.2469999999999999,78.652000000000001,16.853999999999999,0,2.2469999999999999,0
ALEJANDRA,183,87.977999999999994,8.7430000000000003,0,3.2789999999999999,0,0
ALEJANDRO,821,90.134,6.9429999999999996,0.122,2.8010000000000002,0,0
ALEKSANDAR,30,0,100,0,0,0,0
ALEKSANDER,33,0,96.97,0,0,0,3.03
ALEKSANDR,185,0.54100000000000004,98.378,0,1.081,0,0
ALEKSANDRA,47,0,100,0,0,0,0
ALEKSEY,53,0,96.225999999999999,0,3.774,0,0
ALEN,31,3.226,90.322999999999993,0,6.452,0,0
ALENA,58,1.724,86.206999999999994,8.6210000000000004,3.448,0,0
ALENE,31,0,87.096999999999994,6.452,3.226,0,3.226
ALESHA,36,2.778,80.555999999999997,16.667000000000002,0,0,0
ALESIA,49,6.1219999999999999,61.223999999999997,32.652999999999999,0,0,0
ALESSANDRA,34,8.8239999999999998,91.176000000000002,0,0,0,0
ALESSANDRO,46,4.3479999999999999,89.13,2.1739999999999999,4.3479999999999999,0,0
ALETA,49,2.0409999999999999,89.796000000000006,8.1630000000000003,0,0,0
ALEX,1371,18.963999999999999,64.406000000000006,3.1360000000000001,12.983000000000001,0.219,0.29199999999999998
ALEXA,78,2.5640000000000001,94.872,2.5640000000000001,0,0,0
ALEXANDER,2247,8.6780000000000008,81.531000000000006,2.7589999999999999,6.6310000000000002,0.13400000000000001,0.26700000000000002
ALEXANDR,18,0,100,0,0,0,0
ALEXANDRA,504,10.714,85.516000000000005,1.19,1.984,0.19800000000000001,0.39700000000000002
ALEXANDRE,80,10,83.75,2.5,3.75,0,0
ALEXANDRIA,92,7.609,84.783000000000001,2.1739999999999999,4.3479999999999999,1.087,0
ALEXANDRU,31,6.452,93.548000000000002,0,0,0,0
ALEXEI,30,0,100,0,0,0,0
ALEXEY,21,0,100,0,0,0,0
ALEXIA,38,0,86.841999999999999,10.526,2.6320000000000001,0,0
ALEXIS,452,14.159000000000001,77.655000000000001,5.0880000000000001,2.8759999999999999,0,0.221
ALF,15,0,100,0,0,0,0
ALFONSO,482,78.215999999999994,13.071,3.9420000000000002,4.5640000000000001,0,0.20699999999999999
ALFRED,1237,10.186,75.828999999999994,9.0540000000000003,4.6890000000000001,8.1000000000000003E-2,0.16200000000000001
ALFREDA,35,2.8570000000000002,22.856999999999999,71.429000000000002,2.8570000000000002,0,0
ALFREDO,687,80.64,10.771000000000001,0.72799999999999998,7.86,0,0
ALI,514,1.946,72.763000000000005,4.28,19.454999999999998,0.97299999999999998,0.58399999999999996
ALIA,30,6.6669999999999998,73.332999999999998,3.3330000000000002,16.667000000000002,0,0
ALICE,1923,4.8879999999999999,80.135000000000005,6.2919999999999998,8.1639999999999997,0.20799999999999999,0.312
ALICIA,1719,24.375,66.667000000000002,5.9340000000000002,2.734,0.11600000000000001,0.17499999999999999
ALICJA,31,0,100,0,0,0,0
ALIDA,34,23.529,73.528999999999996,2.9409999999999998,0,0,0
ALINA,137,21.167999999999999,72.992999999999995,2.19,3.65,0,0
ALINE,58,1.724,81.034000000000006,10.345000000000001,6.8970000000000002,0,0
ALIREZA,73,1.37,93.150999999999996,0,5.4790000000000001,0,0
ALISA,338,2.0710000000000002,86.686000000000007,7.3959999999999999,3.8460000000000001,0,0
ALISHA,213,3.286,84.977000000000004,10.329000000000001,0.46899999999999997,0.46899999999999997,0.46899999999999997
ALISON,1403,0.78400000000000003,96.293999999999997,1.2829999999999999,1.5680000000000001,0,7.0999999999999994E-2
ALISSA,224,1.339,95.536000000000001,1.786,0.89300000000000002,0.44600000000000001,0
ALISTAIR,26,0,100,0,0,0,0
ALIX,37,5.4050000000000002,75.676000000000002,13.513999999999999,2.7029999999999998,0,2.7029999999999998
ALIZA,33,6.0609999999999999,81.817999999999998,9.0909999999999993,0,3.03,0
ALKA,36,0,16.667000000000002,0,80.555999999999997,2.778,0
ALLA,126,0.79400000000000004,99.206000000000003,0,0,0,0
ALLAN,1113,2.0659999999999998,88.23,1.887,7.4569999999999999,0.09,0.27
ALLEN,1912,1.046,88.754999999999995,4.4980000000000002,5.1779999999999999,5.1999999999999998E-2,0.47099999999999997
ALLENE,31,0,70.968000000000004,22.581,6.452,0,0
ALLISON,1774,0.62,95.378,1.917,1.917,0,0.16900000000000001
ALLYN,57,5.2629999999999999,91.227999999999994,3.5089999999999999,0,0,0
ALLYSON,255,0,96.078000000000003,3.137,0.78400000000000003,0,0
ALMA,611,56.137,31.588000000000001,7.2009999999999996,5.0739999999999998,0,0
ALOK,36,0,22.222000000000001,2.778,72.221999999999994,2.778,0
ALON,33,0,90.909000000000006,3.03,6.0609999999999999,0,0
ALONSO,51,82.352999999999994,13.725,1.9610000000000001,1.9610000000000001,0,0
ALONZO,81,18.518999999999998,34.567999999999998,44.444000000000003,2.4689999999999999,0,0
ALPHONSE,49,2.0409999999999999,83.673000000000002,14.286,0,0,0
ALPHONSO,56,7.1429999999999998,14.286,76.786000000000001,1.786,0,0
ALTA,47,0,91.489000000000004,6.383,2.1280000000000001,0,0
ALTAGRACIA,43,90.697999999999993,6.9770000000000003,0,2.3260000000000001,0,0
ALTHEA,77,2.597,41.558,50.649000000000001,5.1950000000000003,0,0
ALTON,127,0.78700000000000003,74.016000000000005,22.047000000000001,2.3620000000000001,0.78700000000000003,0
ALVA,71,25.352,53.521000000000001,15.493,5.6340000000000003,0,0
ALVARO,272,87.132000000000005,12.5,0,0.36799999999999999,0,0
ALVIN,595,3.8660000000000001,62.353000000000002,21.007999999999999,12.773,0,0
ALYCE,103,1.9419999999999999,90.290999999999997,6.7960000000000003,0.97099999999999997,0,0
ALYCIA,51,3.9220000000000002,88.234999999999999,7.843,0,0,0
ALYSE,25,0,100,0,0,0,0
ALYSIA,33,0,100,0,0,0,0
ALYSON,193,1.036,96.373000000000005,1.554,1.036,0,0
ALYSSA,321,4.673,91.9,0.312,2.8039999999999998,0,0.312
AMADO,64,68.75,4.6879999999999997,0,26.562999999999999,0,0
AMADOR,35,80,5.7140000000000004,0,14.286,0,0
AMAL,52,0,67.308000000000007,7.6920000000000002,25,0,0
AMALIA,111,57.658000000000001,34.234000000000002,0,7.2069999999999999,0.90100000000000002,0
AMANDA,4395,3.14,94.311999999999998,1.206,0.93300000000000005,0.20499999999999999,0.20499999999999999
AMAR,43,2.3260000000000001,46.512,2.3260000000000001,48.837000000000003,0,0
AMARJIT,45,2.222,15.555999999999999,0,82.221999999999994,0,0
AMBER,1557,1.863,95.055000000000007,1.9910000000000001,0.77100000000000002,0.193,0.128
AMELIA,439,22.096,61.731000000000002,5.4669999999999996,10.706,0,0
AMER,33,0,66.667000000000002,0,33.332999999999998,0,0
AMI,115,0.87,81.739000000000004,4.3479999999999999,13.042999999999999,0,0
AMIE,220,1.3640000000000001,92.727000000000004,3.6360000000000001,2.2730000000000001,0,0
AMIN,52,5.7690000000000001,59.615000000000002,7.6920000000000002,25,1.923,0
AMINA,30,0,46.667000000000002,26.667000000000002,26.667000000000002,0,0
AMIR,209,1.9139999999999999,75.597999999999999,2.3919999999999999,18.181999999999999,0.47799999999999998,1.4350000000000001
AMIT,233,0,24.893000000000001,0.42899999999999999,73.819999999999993,0.85799999999999998,0
AMITA,46,0,26.087,0,67.391000000000005,6.5220000000000002,0
AMOS,103,7.7670000000000003,65.049000000000007,22.33,4.8540000000000001,0,0
AMPARO,87,86.206999999999994,8.0459999999999994,0,5.7469999999999999,0,0
AMY,9775,0.99199999999999999,95.56,0.35799999999999998,2.8439999999999999,0.14299999999999999,0.10199999999999999
AN,111,0,3.6040000000000001,0,96.396000000000001,0,0
ANA,1656,73.248999999999995,23.43,0.90600000000000003,2.2949999999999999,0,0.121
ANABEL,49,83.673000000000002,12.244999999999999,0,4.0819999999999999,0,0
ANAND,137,0.73,21.898,0,74.453000000000003,2.92,0
ANASTASIA,157,0.63700000000000001,94.903999999999996,2.548,1.274,0,0.63700000000000001
ANATOLIY,84,0,100,0,0,0,0
ANATOLY,42,0,97.619,0,2.3809999999999998,0,0
ANCA,19,0,100,0,0,0,0
ANDERS,53,0,98.113,0,1.887,0,0
ANDERSON,47,19.149000000000001,31.914999999999999,34.042999999999999,14.894,0,0
ANDRA,68,0,89.706000000000003,8.8239999999999998,0,1.4710000000000001,0
ANDRE,599,5.5090000000000003,56.927999999999997,33.722999999999999,3.339,0.16700000000000001,0.33400000000000002
ANDREA,4215,4.2699999999999996,89.751000000000005,4.9109999999999996,0.80700000000000005,0.214,4.7E-2
ANDREAS,164,0.61,95.731999999999999,1.829,1.829,0,0
ANDREI,78,2.5640000000000001,92.308000000000007,2.5640000000000001,2.5640000000000001,0,0
ANDRES,482,83.816999999999993,12.656000000000001,0.41499999999999998,2.9049999999999998,0.20699999999999999,0
ANDREW,10945,1.8819999999999999,93.212000000000003,1.69,3.07,0.11,3.6999999999999998E-2
ANDREY,114,0.877,97.367999999999995,0,1.754,0,0
ANDRIA,60,3.3330000000000002,80,11.667,5,0,0
ANDRIY,34,0,100,0,0,0,0
ANDRZEJ,177,0,100,0,0,0,0
ANDY,555,6.306,52.792999999999999,1.6220000000000001,38.558999999999997,0.72099999999999997,0
ANETA,49,0,100,0,0,0,0
ANGEL,888,69.144000000000005,22.635000000000002,3.7160000000000002,4.2789999999999999,0.22500000000000001,0
ANGELA,6432,4.851,85.619,7.1669999999999998,1.9750000000000001,0.187,0.20200000000000001
ANGELIA,100,4,74,20,1,0,1
ANGELICA,453,71.302000000000007,24.724,0.442,3.3109999999999999,0.221,0
ANGELIKA,46,0,91.304000000000002,0,8.6959999999999997,0,0
ANGELINA,292,34.247,50.341999999999999,3.4249999999999998,10.959,0.68500000000000005,0.34200000000000003
ANGELINE,101,0.99,79.207999999999998,3.96,15.842000000000001,0,0
ANGELIQUE,139,5.0359999999999996,77.697999999999993,15.108000000000001,2.1579999999999999,0,0
ANGELITA,86,39.534999999999997,16.279,4.6509999999999998,38.372,0,1.163
ANGELO,486,10.494,84.774000000000001,3.0859999999999999,1.44,0.20599999999999999,0
ANGIE,379,10.29,77.572999999999993,2.6389999999999998,9.4990000000000006,0,0
ANGUS,43,0,95.349000000000004,0,4.6509999999999998,0,0
ANH,184,0.54300000000000004,4.3479999999999999,0,95.108999999999995,0,0
ANI,44,2.2730000000000001,81.817999999999998,4.5449999999999999,11.364000000000001,0,0
ANIBAL,54,88.888999999999996,11.111000000000001,0,0,0,0
ANIL,215,0.93,18.14,0.93,79.534999999999997,0,0.46500000000000002
ANILA,30,0,46.667000000000002,0,50,3.3330000000000002,0
ANISSA,49,2.0409999999999999,79.591999999999999,16.327000000000002,2.0409999999999999,0,0
ANITA,2003,6.64,76.834999999999994,7.7380000000000004,8.2880000000000003,0.39900000000000002,0.1
ANJA,35,2.8570000000000002,91.429000000000002,5.7140000000000004,0,0,0
ANJALI,51,0,23.529,0,76.471000000000004,0,0
ANJANA,33,0,24.242000000000001,0,75.757999999999996,0,0
ANJANETTE,34,5.8819999999999997,67.647000000000006,26.471,0,0,0
ANJU,33,0,15.151999999999999,0,81.817999999999998,3.03,0
ANKUR,33,3.03,12.121,3.03,81.817999999999998,0,0
ANN,5151,0.91200000000000003,94.855000000000004,1.573,2.4460000000000002,9.7000000000000003E-2,0.11600000000000001
ANNA,3347,7.4390000000000001,84.762,2.2109999999999999,5.3780000000000001,0.09,0.12
ANNABEL,32,21.875,59.375,9.375,9.375,0,0
ANNABELLE,70,5.7140000000000004,70,1.429,21.428999999999998,0,1.429
ANNALISA,38,0,94.736999999999995,2.6320000000000001,2.6320000000000001,0,0
ANNAMARIA,37,16.216000000000001,81.081000000000003,0,2.7029999999999998,0,0
ANNAMARIE,68,10.294,86.765000000000001,0,1.4710000000000001,1.4710000000000001,0
ANNE,4239,0.73099999999999998,96.037000000000006,0.89600000000000002,2.1469999999999998,0.14199999999999999,4.7E-2
ANNELIESE,32,3.125,96.875,0,0,0,0
ANNEMARIE,164,0,97.561000000000007,1.829,0.61,0,0
ANNETTA,48,2.0830000000000002,75,18.75,2.0830000000000002,2.0830000000000002,0
ANNETTE,1679,6.1349999999999998,82.37,9.7080000000000002,1.5489999999999999,0.17899999999999999,0.06
ANNIE,654,3.5169999999999999,44.954000000000001,30.887,20.030999999999999,0.153,0.45900000000000002
ANNMARIE,188,1.5960000000000001,94.680999999999997,3.1909999999999998,0.53200000000000003,0,0
ANSELMO,45,71.111000000000004,22.222000000000001,0,6.6669999999999998,0,0
ANSON,36,0,58.332999999999998,2.778,38.889000000000003,0,0
ANTHONY,10335,5.0990000000000002,84.161000000000001,7.1989999999999998,3.1539999999999999,0.17399999999999999,0.21299999999999999
ANTJE,19,0,100,0,0,0,0
ANTOINE,104,2.8849999999999998,53.845999999999997,40.384999999999998,2.8849999999999998,0,0
ANTOINETTE,505,5.9409999999999998,76.238,15.446,1.5840000000000001,0.19800000000000001,0.59399999999999997
ANTON,184,1.087,89.13,5.9779999999999998,3.2610000000000001,0.54300000000000004,0
ANTONELLA,36,0,97.221999999999994,0,0,2.778,0
ANTONETTE,44,6.8179999999999996,81.817999999999998,9.0909999999999993,2.2730000000000001,0,0
ANTONIA,273,47.253,42.491,5.4950000000000001,3.6629999999999998,0.73299999999999998,0.36599999999999999
ANTONIETTA,34,2.9409999999999998,94.117999999999995,0,2.9409999999999998,0,0
ANTONINA,37,5.4050000000000002,81.081000000000003,0,13.513999999999999,0,0
ANTONINO,43,27.907,69.766999999999996,0,2.3260000000000001,0,0
ANTONIO,1965,56.335999999999999,31.603000000000002,5.242,6.6159999999999997,0,0.20399999999999999
ANTONY,96,1.042,77.082999999999998,4.1669999999999998,16.667000000000002,1.042,0
ANUP,34,0,17.646999999999998,0,82.352999999999994,0,0
ANURADHA,60,0,10,0,90,0,0
ANWAR,37,0,40.540999999999997,10.811,45.945999999999998,0,2.7029999999999998
APARNA,44,0,22.727,0,77.272999999999996,0,0
APRIL,1662,2.7080000000000002,88.447999999999993,6.7389999999999999,1.6850000000000001,0.30099999999999999,0.12
ARA,58,0,94.828000000000003,1.724,3.448,0,0
ARACELI,191,84.816999999999993,8.9009999999999998,0,5.7590000000000003,0.52400000000000002,0
ARACELY,49,93.878,6.1219999999999999,0,0,0,0
ARAM,38,2.6320000000000001,94.736999999999995,0,2.6320000000000001,0,0
ARASH,33,3.03,75.757999999999996,0,18.181999999999999,0,3.03
ARCELIA,40,87.5,12.5,0,0,0,0
ARCHANA,50,0,16,0,82,2,0
ARCHIE,134,2.2389999999999999,63.433,29.103999999999999,2.9849999999999999,0,2.2389999999999999
ARDEN,52,0,84.614999999999995,13.462,1.923,0,0
ARDIS,31,0,96.774000000000001,3.226,0,0,0
ARI,72,2.778,91.667000000000002,0,5.556,0,0
ARIANA,45,33.332999999999998,60,0,4.444,0,2.222
ARIANNE,32,6.25,87.5,6.25,0,0,0
ARIC,56,3.5710000000000002,92.856999999999999,1.786,1.786,0,0
ARIE,31,3.226,87.096999999999994,6.452,3.226,0,0
ARIEL,186,40.86,45.698999999999998,2.1509999999999998,11.29,0,0
ARIF,36,2.778,30.556000000000001,0,66.667000000000002,0,0
ARKADIUSZ,27,0,100,0,0,0,0
ARKADY,23,0,100,0,0,0,0
ARLA,16,0,100,0,0,0,0
ARLEEN,98,2.0409999999999999,85.713999999999999,6.1219999999999999,6.1219999999999999,0,0
ARLEN,46,2.1739999999999999,97.825999999999993,0,0,0,0
ARLENE,878,4.67,84.852000000000004,5.5810000000000004,4.67,0.22800000000000001,0
ARLETTE,30,10,66.667000000000002,16.667000000000002,6.6669999999999998,0,0
ARLIE,20,0,100,0,0,0,0
ARLINE,43,4.6509999999999998,86.046999999999997,2.3260000000000001,6.9770000000000003,0,0
ARLYN,34,5.8819999999999997,79.412000000000006,2.9409999999999998,11.765000000000001,0,0
ARMAND,77,3.8959999999999999,85.713999999999999,1.2989999999999999,9.0909999999999993,0,0
ARMANDO,803,84.06,9.8379999999999992,0.249,5.7290000000000001,0.125,0
ARMEN,87,2.2989999999999999,94.253,0,3.448,0,0
ARMIDA,42,76.19,21.428999999999998,0,2.3809999999999998,0,0
ARMIN,31,0,93.548000000000002,0,6.452,0,0
ARNALDO,37,67.567999999999998,18.919,0,13.513999999999999,0,0
ARNE,42,0,92.856999999999999,7.1429999999999998,0,0,0
ARNEL,37,2.7029999999999998,16.216000000000001,0,81.081000000000003,0,0
ARNO,20,0,100,0,0,0,0
ARNOLD,615,7.48,78.210999999999999,7.3170000000000002,6.992,0,0
ARNOLDO,55,94.545000000000002,5.4550000000000001,0,0,0,0
ARNULFO,98,89.796000000000006,2.0409999999999999,0,8.1630000000000003,0,0
ARON,87,4.5979999999999999,91.953999999999994,1.149,2.2989999999999999,0,0
ARSEN,19,0,100,0,0,0,0
ARSENIO,37,35.134999999999998,32.432000000000002,2.7029999999999998,29.73,0,0
ART,84,16.667000000000002,67.856999999999999,4.7619999999999996,10.714,0,0
ARTEMIO,54,75.926000000000002,1.8520000000000001,0,22.222000000000001,0,0
ARTHUR,2902,6.1680000000000001,83.114999999999995,7.0990000000000002,3.3769999999999998,0.10299999999999999,0.13800000000000001
ARTI,35,5.7140000000000004,31.428999999999998,2.8570000000000002,60,0,0
ARTUR,71,2.8170000000000002,95.775000000000006,0,0,1.4079999999999999,0
ARTURO,715,87.132999999999996,7.9720000000000004,0,4.7549999999999999,0,0.14000000000000001
ARUN,131,0.76300000000000001,25.954000000000001,0.76300000000000001,71.756,0.76300000000000001,0
ARUNA,42,0,23.81,0,73.81,2.3809999999999998,0
ARVIN,36,13.888999999999999,61.110999999999997,0,25,0,0
ARVIND,73,0,27.396999999999998,0,69.863,2.74,0
ASA,36,2.778,86.111000000000004,11.111000000000001,0,0,0
ASHA,82,0,19.512,8.5370000000000008,71.950999999999993,0,0
ASHISH,118,0,15.254,0,84.745999999999995,0,0
ASHLEE,114,0.877,97.367999999999995,1.754,0,0,0
ASHLEIGH,88,1.1359999999999999,96.590999999999994,2.2730000000000001,0,0,0
ASHLEY,2333,1.629,93.698999999999998,3.601,0.98599999999999999,8.5999999999999993E-2,0
ASHLIE,38,7.8949999999999996,92.105000000000004,0,0,0,0
ASHOK,169,0.59199999999999997,18.343,0,79.290000000000006,1.1830000000000001,0.59199999999999997
ASHRAF,55,0,81.817999999999998,0,18.181999999999999,0,0
ASHTON,34,0,82.352999999999994,14.706,0,2.9409999999999998,0
ASHWIN,38,2.6320000000000001,34.210999999999999,0,60.526000000000003,0,2.6320000000000001
ASIF,39,2.5640000000000001,33.332999999999998,0,64.102999999999994,0,0
ASIM,31,0,41.935000000000002,0,54.838999999999999,3.226,0
ASMA,33,0,36.363999999999997,3.03,57.576000000000001,3.03,0
ASTRID,60,16.667000000000002,75,1.667,6.6669999999999998,0,0
ATHANASIOS,38,0,100,0,0,0,0
ATHENA,102,6.8630000000000004,85.293999999999997,3.9220000000000002,3.9220000000000002,0,0
ATUL,65,0,15.385,0,84.614999999999995,0,0
AUBREY,196,1.5309999999999999,84.183999999999997,10.714,3.0609999999999999,0.51,0
AUDRA,190,4.7370000000000001,87.894999999999996,6.8419999999999996,0,0.52600000000000002,0
AUDREY,1008,1.786,84.721999999999994,10.714,2.3809999999999998,0.29799999999999999,9.9000000000000005E-2
AUGUST,132,2.2730000000000001,96.212000000000003,0,1.5149999999999999,0,0
AUGUSTIN,33,48.484999999999999,33.332999999999998,12.121,6.0609999999999999,0,0
AUGUSTINE,88,26.135999999999999,36.363999999999997,23.864000000000001,13.635999999999999,0,0
AUGUSTO,70,55.713999999999999,21.428999999999998,1.429,21.428999999999998,0,0
AUGUSTUS,37,0,72.972999999999999,21.622,5.4050000000000002,0,0
AURA,61,65.573999999999998,27.869,1.639,4.9180000000000001,0,0
AUREA,32,62.5,6.25,0,31.25,0,0
AURELIA,69,44.927999999999997,46.377000000000002,4.3479999999999999,4.3479999999999999,0,0
AURELIO,111,81.081000000000003,13.513999999999999,0,5.4050000000000002,0,0
AURORA,204,50.98,25.98,2.4510000000000001,20.588000000000001,0,0
AUSTIN,394,0.254,89.085999999999999,5.0759999999999996,5.0759999999999996,0,0.50800000000000001
AUTUMN,164,1.22,95.731999999999999,1.829,1.22,0,0
AVA,110,3.6360000000000001,69.090999999999994,19.091000000000001,6.3639999999999999,0,1.8180000000000001
AVELINO,32,53.125,9.375,0,37.5,0,0
AVERY,87,0,73.563000000000002,24.138000000000002,2.2989999999999999,0,0
AVI,37,5.4050000000000002,91.891999999999996,0,2.7029999999999998,0,0
AVIS,48,0,66.667000000000002,33.332999999999998,0,0,0
AVIVA,34,0,100,0,0,0,0
AXEL,33,24.242000000000001,66.667000000000002,9.0909999999999993,0,0,0
AYANNA,15,0,0,100,0,0,0
AZIZ,44,2.2730000000000001,68.182000000000002,6.8179999999999996,22.727,0,0
AZUCENA,42,80.951999999999998,9.5239999999999991,0,9.5239999999999991,0,0
BA,18,0,0,0,100,0,0
BABAK,34,0,91.176000000000002,2.9409999999999998,5.8819999999999997,0,0
BABETTE,34,0,94.117999999999995,0,5.8819999999999997,0,0
BAHMAN,31,0,83.870999999999995,3.226,9.6769999999999996,0,3.226
BAHRAM,36,0,91.667000000000002,0,8.3330000000000002,0,0
BAILEY,45,0,97.778000000000006,0,2.222,0,0
BALAJI,47,2.1280000000000001,12.766,2.1280000000000001,80.850999999999999,2.1280000000000001,0
BALDEV,33,0,30.303000000000001,0,63.636000000000003,6.0609999999999999,0
BALTAZAR,53,86.792000000000002,3.774,1.887,7.5469999999999997,0,0
BALWINDER,33,0,24.242000000000001,0,75.757999999999996,0,0
BAMBI,46,0,95.652000000000001,2.1739999999999999,2.1739999999999999,0,0
BAO,111,0,1.802,0,96.396000000000001,0.90100000000000002,0.90100000000000002
BARBARA,12854,1.6259999999999999,93.067999999999998,4.5510000000000002,0.58299999999999996,9.2999999999999999E-2,7.8E-2
BARBRA,66,3.03,92.424000000000007,4.5449999999999999,0,0,0
BARNEY,65,4.6150000000000002,76.923000000000002,9.2309999999999999,9.2309999999999999,0,0
BARRETT,91,0,96.703000000000003,2.198,1.099,0,0
BARRIE,41,0,100,0,0,0,0
BARRON,31,0,70.968000000000004,25.806000000000001,0,3.226,0
BARRY,2515,0.59599999999999997,95.149000000000001,2.903,1.034,0.11899999999999999,0.19900000000000001
BART,279,0.71699999999999997,96.774000000000001,0.71699999999999997,1.792,0,0
BARTHOLOMEW,47,2.1280000000000001,78.722999999999999,14.894,2.1280000000000001,0,2.1280000000000001
BARTLEY,32,0,100,0,0,0,0
BARTON,152,1.3160000000000001,98.025999999999996,0,0.65800000000000003,0,0
BASIL,76,1.3160000000000001,90.789000000000001,7.8949999999999996,0,0,0
BASSAM,53,0,88.679000000000002,0,9.4339999999999993,1.887,0
BAXTER,15,0,100,0,0,0,0
BEATA,81,0,96.296000000000006,0,3.7040000000000002,0,0
BEATE,31,0,96.774000000000001,0,3.226,0,0
BEATRICE,368,14.13,61.957000000000001,19.292999999999999,3.8039999999999998,0.81499999999999995,0
BEATRIZ,267,79.025999999999996,16.478999999999999,0.749,3.7450000000000001,0,0
BEAU,150,0,98,0,1.333,0,0.66700000000000004
BECKIE,21,0,100,0,0,0,0
BECKY,769,2.081,93.498000000000005,0.78,3.5110000000000001,0,0.13
BELEN,48,56.25,18.75,2.0830000000000002,22.917000000000002,0,0
BELINDA,542,10.148,70.295000000000002,14.207000000000001,4.6130000000000004,0,0.73799999999999999
BELLA,63,3.1749999999999998,74.602999999999994,1.587,19.047999999999998,0,1.587
BEN,634,3.3119999999999998,77.129000000000005,3.6280000000000001,15.615,0,0.315
BENEDETTO,24,0,100,0,0,0,0
BENEDICT,96,4.1669999999999998,64.582999999999998,6.25,23.957999999999998,0,1.042
BENIGNO,30,80,3.3330000000000002,0,16.667000000000002,0,0
BENITA,95,18.946999999999999,49.473999999999997,23.158000000000001,8.4209999999999994,0,0
BENITO,136,80.147000000000006,8.8239999999999998,0.73499999999999999,10.294,0,0
BENJAMIN,4232,6.8760000000000003,85.183999999999997,2.9060000000000001,4.6790000000000003,0.16500000000000001,0.189
BENNETT,115,0,91.304000000000002,4.3479999999999999,4.3479999999999999,0,0
BENNIE,148,4.7300000000000004,61.485999999999997,32.432000000000002,0.67600000000000005,0,0.67600000000000005
BENNY,211,9.0050000000000008,61.610999999999997,5.6870000000000003,21.327000000000002,1.4219999999999999,0.94799999999999995
BENSON,47,0,40.426000000000002,6.383,53.191000000000003,0,0
BENTON,39,2.5640000000000001,89.744,0,5.1280000000000001,2.5640000000000001,0
BERNABE,31,70.968000000000004,3.226,0,25.806000000000001,0,0
BERNADETTE,672,8.4819999999999993,75,8.9290000000000003,6.8449999999999998,0.29799999999999999,0.44600000000000001
BERNADINE,100,4,75,17,4,0,0
BERNARD,1244,1.768,84.486000000000004,10.209,3.3759999999999999,0,0.161
BERNARDINO,35,74.286000000000001,14.286,0,11.429,0,0
BERNARDO,133,72.180000000000007,9.0229999999999997,2.2559999999999998,16.541,0,0
BERNHARD,54,0,98.147999999999996,0,1.8520000000000001,0,0
BERNICE,319,5.9560000000000004,65.203999999999994,26.332000000000001,2.508,0,0
BERNIE,78,11.538,70.513000000000005,5.1280000000000001,12.821,0,0
BERT,198,1.01,89.899000000000001,1.01,8.0809999999999995,0,0
BERTA,60,56.667000000000002,38.332999999999998,3.3330000000000002,1.667,0,0
BERTHA,439,61.503,25.285,12.073,0.91100000000000003,0.22800000000000001,0
BERTRAM,45,0,60,31.111000000000001,8.8889999999999993,0,0
BERTRAND,41,2.4390000000000001,68.293000000000006,19.512,7.3170000000000002,0,2.4390000000000001
BERYL,66,0,86.364000000000004,9.0909999999999993,3.03,1.5149999999999999,0
BESSIE,122,4.0979999999999999,49.18,40.984000000000002,5.7380000000000004,0,0
BETH,2511,0.51800000000000002,98.566000000000003,0.35799999999999998,0.438,0,0.11899999999999999
BETHANN,41,0,100,0,0,0,0
BETHANNE,27,0,100,0,0,0,0
BETHANY,599,0.66800000000000004,96.995000000000005,1.169,0.66800000000000004,0.16700000000000001,0.33400000000000002
BETSY,503,3.976,91.450999999999993,1.59,2.7829999999999999,0.19900000000000001,0
BETTE,162,1.2350000000000001,96.914000000000001,1.2350000000000001,0.61699999999999999,0,0
BETTIE,88,1.1359999999999999,64.772999999999996,31.818000000000001,1.1359999999999999,1.1359999999999999,0
BETTINA,90,6.6669999999999998,80,8.8889999999999993,3.3330000000000002,1.111,0
BETTY,2875,2.9569999999999999,82.296000000000006,10.47,3.9649999999999999,0.13900000000000001,0.17399999999999999
BETTYE,78,0,57.692,41.026000000000003,0,1.282,0
BEULAH,35,0,65.713999999999999,31.428999999999998,2.8570000000000002,0,0
BEVERLEY,104,0.96199999999999997,87.5,9.6150000000000002,0.96199999999999997,0,0.96199999999999997
BEVERLY,2997,1.5349999999999999,87.855000000000004,9.1419999999999995,1.1339999999999999,0.13300000000000001,0.2
BHARAT,79,0,21.518999999999998,0,77.215000000000003,1.266,0
BHAVNA,37,2.7029999999999998,21.622,0,75.676000000000002,0,0
BHUPINDER,31,0,22.581,6.452,64.516000000000005,6.452,0
BIANCA,113,34.512999999999998,58.406999999999996,6.1950000000000003,0.88500000000000001,0,0
BIBI,54,5.556,33.332999999999998,3.7040000000000002,53.704000000000001,1.8520000000000001,1.8520000000000001
BIJAN,37,0,86.486000000000004,0,13.513999999999999,0,0
BILL,590,2.7120000000000002,83.897999999999996,2.7120000000000002,10.339,0.16900000000000001,0.16900000000000001
BILLIE,456,2.1930000000000001,89.912000000000006,5.9210000000000003,1.0960000000000001,0.219,0.65800000000000003
BILLY,1274,2.9830000000000001,84.301000000000002,7.8490000000000002,4.0030000000000001,0.39200000000000002,0.47099999999999997
BIN,95,0,3.1579999999999999,0,96.841999999999999,0,0
BINA,32,3.125,25,0,62.5,9.375,0
BING,97,2.0619999999999998,6.1859999999999999,0,91.753,0,0
BINH,142,1.4079999999999999,4.2249999999999996,0,94.366,0,0
BIPIN,32,0,34.375,3.125,56.25,6.25,0
BIRGIT,42,0,97.619,0,2.3809999999999998,0,0
BIRGITTA,23,0,100,0,0,0,0
BJORN,41,0,100,0,0,0,0
BLAINE,203,0,97.537000000000006,1.478,0.49299999999999999,0.49299999999999999,0
BLAIR,271,0.36899999999999999,97.048000000000002,2.214,0.36899999999999999,0,0
BLAISE,34,0,88.234999999999999,8.8239999999999998,2.9409999999999998,0,0
BLAKE,567,0.70499999999999996,97.001999999999995,1.0580000000000001,1.2350000000000001,0,0
BLANCA,489,91.206999999999994,7.9749999999999996,0.20399999999999999,0.61299999999999999,0,0
BLANCHE,91,1.099,80.22,13.186999999999999,2.198,2.198,1.099
BLAS,32,93.75,6.25,0,0,0,0
BLYTHE,37,2.7029999999999998,94.594999999999999,0,2.7029999999999998,0,0
BO,134,0,24.626999999999999,0,73.881,0.746,0.746
BOB,256,1.1719999999999999,85.546999999999997,2.734,10.156000000000001,0.39100000000000001,0
BOBBI,179,1.6759999999999999,97.206999999999994,0,0.55900000000000005,0,0.55900000000000005
BOBBIE,407,1.72,80.834999999999994,15.725,0.49099999999999999,0.73699999999999999,0.49099999999999999
BOBBY,1129,2.923,78.122,13.728999999999999,4.2519999999999998,0.35399999999999998,0.62
BOGDAN,79,0,98.733999999999995,0,1.266,0,0
BOGUSLAW,22,0,100,0,0,0,0
BOHDAN,28,0,100,0,0,0,0
BONG,35,0,5.7140000000000004,0,94.286000000000001,0,0
BONIFACIO,53,69.811000000000007,3.774,0,24.527999999999999,0,1.887
BONITA,309,1.294,86.084000000000003,11.65,0.97099999999999997,0,0
BONNI,18,0,100,0,0,0,0
BONNIE,2864,0.80300000000000005,96.683000000000007,1.0469999999999999,1.327,7.0000000000000007E-2,7.0000000000000007E-2
BONNY,63,0,95.238,1.587,3.1749999999999998,0,0
BORIS,280,4.6429999999999998,91.429000000000002,2.8570000000000002,1.071,0,0
BOYD,190,0.52600000000000002,96.316000000000003,1.579,1.0529999999999999,0,0.52600000000000002
BOZENA,69,0,100,0,0,0,0
BRAD,1434,0.34899999999999998,97.908000000000001,0.97599999999999998,0.34899999999999998,0.41799999999999998,0
BRADD,16,0,100,0,0,0,0
BRADEN,66,0,98.484999999999999,0,0,1.5149999999999999,0
BRADFORD,570,0.52600000000000002,96.14,1.754,1.579,0,0
BRADLEY,3619,0.221,98.867000000000004,0.193,0.52500000000000002,0.13800000000000001,5.5E-2
BRADLY,71,1.4079999999999999,98.591999999999999,0,0,0,0
BRADY,202,1.4850000000000001,93.069000000000003,3.96,1.4850000000000001,0,0
BRANDEN,50,2,96,0,0,0,2
BRANDI,537,2.6070000000000002,90.875,5.7729999999999997,0.372,0,0.372
BRANDIE,75,0,94.667000000000002,4,1.333,0,0
BRANDON,2681,1.6779999999999999,91.980999999999995,3.7669999999999999,2.1259999999999999,0.29799999999999999,0.14899999999999999
BRANDT,56,0,98.213999999999999,1.786,0,0,0
BRANDY,517,3.4820000000000002,90.715999999999994,3.4820000000000002,0.96699999999999997,0.38700000000000001,0.96699999999999997
BRANKO,20,0,100,0,0,0,0
BRANNON,25,0,100,0,0,0,0
BRANT,96,0,97.917000000000002,2.0830000000000002,0,0,0
BREANNA,49,2.0409999999999999,93.878,4.0819999999999999,0,0,0
BREANNE,52,1.923,90.385000000000005,1.923,1.923,3.8460000000000001,0
BREE,42,0,95.238,4.7619999999999996,0,0,0
BRENDA,5117,4.8860000000000001,84.463999999999999,9.1259999999999994,1.1140000000000001,0.19500000000000001,0.215
BRENDAN,524,0.76300000000000001,97.900999999999996,0.191,0.95399999999999996,0.191,0
BRENDON,64,1.5629999999999999,92.188000000000002,4.6879999999999997,0,0,1.5629999999999999
BRENNA,81,1.2350000000000001,98.765000000000001,0,0,0,0
BRENNAN,61,1.639,95.081999999999994,1.639,1.639,0,0
BRENT,2108,0.80600000000000005,97.248999999999995,0.996,0.71199999999999997,0.19,4.7E-2
BRENTON,61,0,95.081999999999994,4.9180000000000001,0,0,0
BRET,417,0.24,98.320999999999998,1.1990000000000001,0,0.24,0
BRETT,1951,0.35899999999999999,98.36,0.871,0.25600000000000001,0.10299999999999999,5.0999999999999997E-2
BRIAN,18306,0.71599999999999997,96.182000000000002,1.3380000000000001,1.59,9.8000000000000004E-2,7.5999999999999998E-2
BRIANA,102,6.8630000000000004,91.176000000000002,0.98,0.98,0,0
BRIANNA,104,2.8849999999999998,95.191999999999993,0.96199999999999997,0.96199999999999997,0,0
BRIANNE,93,1.075,98.924999999999997,0,0,0,0
BRICE,84,0,97.619,0,2.3809999999999998,0,0
BRIDGET,779,1.4119999999999999,92.94,5.0060000000000002,0.64200000000000002,0,0
BRIDGETT,64,1.5629999999999999,82.813000000000002,15.625,0,0,0
BRIDGETTE,130,2.3079999999999998,72.308000000000007,23.846,0.76900000000000002,0.76900000000000002,0
BRIDGIT,17,0,100,0,0,0,0
BRIEN,40,2.5,92.5,2.5,2.5,0,0
BRIENNE,15,0,100,0,0,0,0
BRIGETTE,37,5.4050000000000002,86.486000000000004,8.1080000000000005,0,0,0
BRIGID,77,1.2989999999999999,97.403000000000006,0,0,0,1.2989999999999999
BRIGIDA,32,40.625,25,3.125,28.125,0,3.125
BRIGITTE,176,1.7050000000000001,90.340999999999994,3.9769999999999999,3.9769999999999999,0,0
BRIJESH,15,0,0,0,100,0,0
BRION,34,2.9409999999999998,91.176000000000002,2.9409999999999998,2.9409999999999998,0,0
BRITA,15,0,100,0,0,0,0
BRITNEY,53,1.887,92.453000000000003,5.66,0,0,0
BRITT,99,1.01,96.97,2.02,0,0,0
BRITTA,55,0,100,0,0,0,0
BRITTANY,569,0.70299999999999996,95.078999999999994,3.339,0.879,0,0
BRITTNEY,144,1.389,93.055999999999997,3.472,0.69399999999999995,1.389,0
BRITTON,57,0,98.245999999999995,1.754,0,0,0
BROCK,164,0.61,97.561000000000007,1.22,0,0,0.61
BRODIE,17,0,100,0,0,0,0
BRODY,22,0,100,0,0,0,0
BRONWYN,33,0,100,0,0,0,0
BROOK,118,0,97.457999999999998,2.5419999999999998,0,0,0
BROOKE,744,0.67200000000000004,97.311999999999998,1.3440000000000001,0.40300000000000002,0.13400000000000001,0.13400000000000001
BROOKS,151,0,99.337999999999994,0,0.66200000000000003,0,0
BRUCE,5348,0.61699999999999999,95.567999999999998,2.113,1.3839999999999999,0.20599999999999999,0.112
BRUNO,148,18.919,80.405000000000001,0.67600000000000005,0,0,0
BRYAN,3686,1.3560000000000001,93.625,2.1160000000000001,2.8210000000000002,2.7E-2,5.3999999999999999E-2
BRYANT,187,4.2779999999999996,73.262,15.507999999999999,6.952,0,0
BRYCE,236,0.84699999999999998,95.763000000000005,0.84699999999999998,2.5419999999999998,0,0
BRYN,36,5.556,91.667000000000002,0,2.778,0,0
BRYNN,30,0,100,0,0,0,0
BRYON,160,0,93.125,5.625,0.625,0,0.625
BRYSON,34,0,94.117999999999995,0,5.8819999999999997,0,0
BUCK,18,0,100,0,0,0,0
BUD,32,3.125,93.75,0,3.125,0,0
BUDDY,65,1.538,89.230999999999995,1.538,6.1539999999999999,1.538,0
BUFFY,23,0,100,0,0,0,0
BUFORD,31,0,87.096999999999994,12.903,0,0,0
BURKE,31,0,93.548000000000002,0,3.226,3.226,0
BURT,70,1.429,88.570999999999998,8.5709999999999997,1.429,0,0
BURTON,150,2,90.667000000000002,4,2.6669999999999998,0.66700000000000004,0
BYRON,589,6.9610000000000003,77.418999999999997,11.375,4.0750000000000002,0.17,0
BYUNG,89,1.1240000000000001,4.4939999999999998,0,94.382000000000005,0,0
CADE,19,0,100,0,0,0,0
CAESAR,32,40.625,46.875,3.125,9.375,0,0
CAITLIN,200,0,97.5,0.5,2,0,0
CALE,22,0,100,0,0,0,0
CALEB,235,2.1280000000000001,96.17,0.42599999999999999,0.85099999999999998,0.42599999999999999,0
CALLIE,85,0,84.706000000000003,12.941000000000001,2.3530000000000002,0,0
CALVIN,749,0.66800000000000004,58.610999999999997,25.768000000000001,14.686,0.13400000000000001,0.13400000000000001
CAM,47,0,25.532,0,74.468000000000004,0,0
CAMELIA,33,12.121,69.697000000000003,12.121,6.0609999999999999,0,0
CAMERON,553,0.54200000000000004,94.936999999999998,2.532,1.627,0.36199999999999999,0
CAMI,61,0,100,0,0,0,0
CAMIE,15,0,100,0,0,0,0
CAMILLA,80,0,92.5,7.5,0,0,0
CAMILLE,385,3.117,87.531999999999996,6.7530000000000001,2.3380000000000001,0,0.26
CAMILO,37,59.459000000000003,21.622,0,18.919,0,0
CAN,33,0,21.212,0,78.787999999999997,0,0
CANDACE,802,0.748,90.772999999999996,7.1070000000000002,1.1220000000000001,0.249,0
CANDELARIO,42,90.475999999999999,9.5239999999999991,0,0,0,0
CANDI,37,2.7029999999999998,94.594999999999999,0,0,2.7029999999999998,0
CANDICE,537,2.6070000000000002,86.778000000000006,6.1449999999999996,3.7240000000000002,0.186,0.55900000000000005
CANDIDA,38,60.526000000000003,28.946999999999999,5.2629999999999999,5.2629999999999999,0,0
CANDIDO,34,70.587999999999994,11.765000000000001,0,17.646999999999998,0,0
CANDIS,46,2.1739999999999999,86.956999999999994,8.6959999999999997,2.1739999999999999,0,0
CANDY,207,5.3140000000000001,86.472999999999999,2.899,4.8310000000000004,0.48299999999999998,0
CANDYCE,31,6.452,90.322999999999993,3.226,0,0,0
CARA,473,0.63400000000000001,95.56,2.3260000000000001,0.84599999999999997,0,0.63400000000000001
CAREN,137,0,95.62,3.65,0.73,0,0
CAREY,356,0.28100000000000003,96.347999999999999,1.6850000000000001,1.6850000000000001,0,0
CARI,195,2.0510000000000002,97.436000000000007,0,0.51300000000000001,0,0
CARIDAD,30,56.667000000000002,23.332999999999998,0,20,0,0
CARIE,62,0,98.387,0,1.613,0,0
CARIN,89,1.1240000000000001,94.382000000000005,3.371,1.1240000000000001,0,0
CARINA,64,32.813000000000002,59.375,1.5629999999999999,6.25,0,0
CARISSA,121,2.4790000000000001,88.43,3.306,5.7850000000000001,0,0
CARL,3475,0.97799999999999998,90.331000000000003,6.9349999999999996,1.41,0.115,0.23
CARLA,1643,4.9909999999999997,86.366,7.9119999999999999,0.42599999999999999,6.0999999999999999E-2,0.24299999999999999
CARLEE,25,0,100,0,0,0,0
CARLEEN,75,0,93.332999999999998,4,2.6669999999999998,0,0
CARLENE,137,0.73,86.861000000000004,8.0289999999999999,0.73,3.65,0
CARLETON,33,0,90.909000000000006,6.0609999999999999,0,3.03,0
CARLEY,26,0,100,0,0,0,0
CARLIE,32,0,100,0,0,0,0
CARLIN,31,0,87.096999999999994,6.452,6.452,0,0
CARLO,156,10.256,76.923000000000002,2.5640000000000001,10.256,0,0
CARLOS,2891,82.704999999999998,13.352,1.73,2.0409999999999999,6.9000000000000006E-2,0.104
CARLOTTA,56,1.786,62.5,30.356999999999999,1.786,1.786,1.786
CARLTON,281,1.0680000000000001,69.039000000000001,28.826000000000001,1.0680000000000001,0,0
CARLY,158,1.266,98.100999999999999,0,0.63300000000000001,0,0
CARLYN,26,0,100,0,0,0,0
CARMA,28,0,100,0,0,0,0
CARMEL,75,1.333,80,12,6.6669999999999998,0,0
CARMELA,170,15.882,77.647000000000006,1.1759999999999999,4.7060000000000004,0,0.58799999999999997
CARMELITA,76,13.157999999999999,27.632000000000001,9.2110000000000003,48.683999999999997,0,1.3160000000000001
CARMELLA,77,6.4939999999999998,87.013000000000005,5.1950000000000003,1.2989999999999999,0,0
CARMELO,91,34.066000000000003,50.548999999999999,2.198,12.087999999999999,1.099,0
CARMEN,1674,51.015999999999998,41.098999999999997,5.0179999999999998,2.6880000000000002,0.06,0.11899999999999999
CARMINE,118,1.6950000000000001,98.305000000000007,0,0,0,0
CAROL,9060,1.446,94.480999999999995,2.5609999999999999,1.258,0.121,0.13200000000000001
CAROLA,31,12.903,77.418999999999997,3.226,6.452,0,0
CAROLANN,44,4.5449999999999999,90.909000000000006,4.5449999999999999,0,0,0
CAROLE,1281,0.54600000000000004,95.16,2.5760000000000001,1.405,0,0.312
CAROLEE,53,1.887,98.113,0,0,0,0
CAROLINA,242,64.876000000000005,23.966999999999999,1.24,9.9169999999999998,0,0
CAROLINE,1255,2.948,89.481999999999999,2.8690000000000002,4.3029999999999999,0.159,0.23899999999999999
CAROLYN,4692,1.3640000000000001,89.429000000000002,7.9279999999999999,1.0660000000000001,4.2999999999999997E-2,0.17100000000000001
CAROLYNN,54,3.7040000000000002,92.593000000000004,3.7040000000000002,0,0,0
CARON,66,3.03,95.454999999999998,1.5149999999999999,0,0,0
CARRI,60,0,98.332999999999998,0,0,0,1.667
CARRIE,2385,1.048,95.22,2.2639999999999998,1.216,0.126,0.126
CARROL,37,0,83.784000000000006,16.216000000000001,0,0,0
CARROLL,191,0.52400000000000002,93.716999999999999,4.1879999999999997,1.0469999999999999,0.52400000000000002,0
CARSON,82,1.22,92.683000000000007,2.4390000000000001,3.6589999999999998,0,0
CARTER,140,0,93.570999999999998,5.7140000000000004,0.71399999999999997,0,0
CARY,423,1.4179999999999999,90.78,2.1280000000000001,4.9649999999999999,0,0.70899999999999996
CARYL,77,1.2989999999999999,90.909000000000006,3.8959999999999999,2.597,1.2989999999999999,0
CARYN,274,1.095,96.715000000000003,0.73,1.095,0,0.36499999999999999
CASANDRA,44,9.0909999999999993,68.182000000000002,22.727,0,0,0
CASEY,1153,0.60699999999999998,95.316999999999993,1.5609999999999999,2.3420000000000001,8.6999999999999994E-2,8.6999999999999994E-2
CASIMIR,31,3.226,93.548000000000002,3.226,0,0,0
CASSANDRA,655,2.7480000000000002,75.724999999999994,20,1.5269999999999999,0,0
CASSIDY,50,2,92,2,4,0,0
CASSIE,174,0.57499999999999996,95.977000000000004,1.724,1.149,0.57499999999999996,0
CATALINA,140,65,19.286000000000001,0,14.286,0.71399999999999997,0.71399999999999997
CATERINA,40,5,95,0,0,0,0
CATHARINE,93,2.1509999999999998,95.698999999999998,1.075,1.075,0,0
CATHERINE,5852,1.5549999999999999,93.319000000000003,2.3410000000000002,2.5630000000000002,0.154,6.8000000000000005E-2
CATHI,50,0,100,0,0,0,0
CATHIE,93,0,95.698999999999998,3.226,1.075,0,0
CATHLEEN,512,1.5629999999999999,97.852000000000004,0,0.39100000000000001,0,0.19500000000000001
CATHRYN,177,0.56499999999999995,97.174999999999997,1.1299999999999999,0,0,1.1299999999999999
CATHY,1856,2.0470000000000002,91.756,3.0710000000000002,2.9089999999999998,5.3999999999999999E-2,0.16200000000000001
CATRINA,52,3.8460000000000001,73.076999999999998,19.231000000000002,3.8460000000000001,0,0
CECELIA,224,5.3570000000000002,82.143000000000001,10.268000000000001,2.2320000000000002,0,0
CECIL,326,1.534,79.141000000000005,17.484999999999999,1.534,0,0.307
CECILE,97,1.0309999999999999,80.412000000000006,7.2160000000000002,11.34,0,0
CECILIA,704,37.357999999999997,48.011000000000003,2.2730000000000001,12.074,0.14199999999999999,0.14199999999999999
CECILIO,35,77.143000000000001,17.143000000000001,0,5.7140000000000004,0,0
CECILY,39,0,89.744,2.5640000000000001,7.6920000000000002,0,0
CEDRIC,132,0,27.273,62.121000000000002,9.0909999999999993,0,1.5149999999999999
CELESTE,387,5.9429999999999996,83.462999999999994,5.9429999999999996,4.3929999999999998,0.25800000000000001,0
CELESTINO,30,60,16.667000000000002,3.3330000000000002,20,0,0
CELIA,353,40.792999999999999,51.274999999999999,2.8330000000000002,4.8159999999999998,0,0.28299999999999997
CELINA,75,57.332999999999998,36,2.6669999999999998,4,0,0
CELINE,49,6.1219999999999999,81.632999999999996,4.0819999999999999,8.1630000000000003,0,0
CELSO,61,78.688999999999993,9.8360000000000003,0,11.475,0,0
CESAR,681,83.846999999999994,7.048,0.14699999999999999,8.9570000000000007,0,0
CEZARY,19,0,100,0,0,0,0
CHAD,3153,0.44400000000000001,97.715999999999994,0.79300000000000004,0.82499999999999996,0.19,3.2000000000000001E-2
CHADWICK,120,0.83299999999999996,98.332999999999998,0,0.83299999999999996,0,0
CHAN,67,0,10.448,0,89.552000000000007,0,0
CHANCE,73,4.1100000000000003,90.411000000000001,4.1100000000000003,0,1.37,0
CHANDA,58,0,63.792999999999999,22.414000000000001,13.792999999999999,0,0
CHANDLER,45,2.222,88.888999999999996,6.6669999999999998,2.222,0,0
CHANDRA,194,1.0309999999999999,57.216000000000001,12.371,28.866,0.51500000000000001,0
CHANG,159,0.629,1.887,0,96.855000000000004,0,0.629
CHANH,24,0,0,0,100,0,0
CHANNING,16,0,100,0,0,0,0
CHANTAL,72,2.778,69.444000000000003,18.056000000000001,9.7219999999999995,0,0
CHANTEL,47,6.383,80.850999999999999,12.766,0,0,0
CHANTELLE,46,2.1739999999999999,78.260999999999996,13.042999999999999,6.5220000000000002,0,0
CHAO,75,0,2.6669999999999998,0,97.332999999999998,0,0
CHARISSA,36,5.556,86.111000000000004,2.778,5.556,0,0
CHARISSE,50,8,70,18,4,0,0
CHARITY,163,1.84,88.343999999999994,7.3620000000000001,1.84,0.61299999999999999,0
CHARLA,73,0,89.040999999999997,5.4790000000000001,2.74,2.74,0
CHARLEEN,69,0,89.855000000000004,2.899,5.7969999999999997,1.4490000000000001,0
CHARLENE,1066,1.595,86.21,9.5679999999999996,2.0640000000000001,0.188,0.375
CHARLES,16262,1.23,91.379000000000005,5.5469999999999997,1.494,0.16,0.191
CHARLEY,44,4.5449999999999999,68.182000000000002,15.909000000000001,11.364000000000001,0,0
CHARLIE,366,7.1040000000000001,54.372,23.224,15.026999999999999,0.27300000000000002,0
CHARLOTTE,1247,1.363,89.495000000000005,6.8970000000000002,1.363,0.40100000000000002,0.48099999999999998
CHARMAINE,146,2.74,58.904000000000003,27.396999999999998,8.9039999999999999,1.37,0.68500000000000005
CHASE,145,2.069,92.414000000000001,1.379,2.069,1.379,0.69
CHASITY,37,0,81.081000000000003,16.216000000000001,0,2.7029999999999998,0
CHASTITY,36,5.556,86.111000000000004,8.3330000000000002,0,0,0
CHAU,99,0,2.02,0,97.98,0,0
CHAUNCEY,33,0,51.515000000000001,45.454999999999998,3.03,0,0
CHEE,30,3.3330000000000002,0,3.3330000000000002,93.332999999999998,0,0
CHELSEA,260,1.538,95,1.1539999999999999,2.3079999999999998,0,0
CHELSEY,51,0,100,0,0,0,0
CHEN,53,0,7.5469999999999997,0,92.453000000000003,0,0
CHENG,99,1.01,2.02,0,96.97,0,0
CHERI,442,0.90500000000000003,95.700999999999993,2.7149999999999999,0.67900000000000005,0,0
CHERIE,401,2.7429999999999999,93.016999999999996,2.2440000000000002,1.9950000000000001,0,0
CHERISE,31,0,61.29,35.484000000000002,3.226,0,0
CHERRI,40,0,95,2.5,2.5,0,0
CHERRIE,34,2.9409999999999998,73.528999999999996,14.706,8.8239999999999998,0,0
CHERRY,85,1.1759999999999999,63.529000000000003,11.765000000000001,20,2.3530000000000002,1.1759999999999999
CHERRYL,31,0,87.096999999999994,12.903,0,0,0
CHERYL,5915,0.65900000000000003,92.763999999999996,5.2240000000000002,1.099,8.5000000000000006E-2,0.16900000000000001
CHERYLE,63,1.587,92.063000000000002,4.7619999999999996,1.587,0,0
CHERYLL,34,2.9409999999999998,91.176000000000002,2.9409999999999998,2.9409999999999998,0,0
CHESTER,406,0.73899999999999999,85.713999999999999,8.8670000000000009,4.1870000000000003,0.49299999999999999,0
CHET,70,2.8570000000000002,85.713999999999999,5.7140000000000004,4.2859999999999996,1.429,0
CHETAN,40,0,17.5,0,82.5,0,0
CHEUK,15,0,0,0,100,0,0
CHEYENNE,32,0,81.25,9.375,0,9.375,0
CHI,224,0,2.6789999999999998,0,97.320999999999998,0,0
CHIA,39,0,2.5640000000000001,0,97.436000000000007,0,0
CHIEN,39,0,0,0,100,0,0
CHIH,34,0,0,0,100,0,0
CHIN,57,1.754,1.754,0,96.491,0,0
CHING,62,0,3.226,0,96.774000000000001,0,0
CHINH,61,0,1.639,0,98.361000000000004,0,0
CHIRAG,43,0,9.3019999999999996,0,88.372,0,2.3260000000000001
CHITRA,31,0,12.903,0,83.870999999999995,0,3.226
CHLOE,42,4.7619999999999996,80.951999999999998,4.7619999999999996,9.5239999999999991,0,0
CHONG,158,1.266,8.2279999999999998,0.63300000000000001,88.608000000000004,0,1.266
CHRIS,2500,2.2000000000000002,91.68,1.6,4.28,0.12,0.12
CHRISTA,375,0.8,98.132999999999996,1.0669999999999999,0,0,0
CHRISTAL,36,0,69.444000000000003,27.777999999999999,2.778,0,0
CHRISTEL,52,1.923,90.385000000000005,5.7690000000000001,0,0,1.923
CHRISTEN,96,0,97.917000000000002,2.0830000000000002,0,0,0
CHRISTI,259,1.544,96.525000000000006,0,1.544,0.38600000000000001,0
CHRISTIAN,1473,10.794,85.063999999999993,1.833,1.9690000000000001,6.8000000000000005E-2,0.27200000000000002
CHRISTIANA,50,0,76,24,0,0,0
CHRISTIANE,64,4.6879999999999997,95.313000000000002,0,0,0,0
CHRISTIANNE,18,0,100,0,0,0,0
CHRISTIE,534,2.2469999999999999,93.257999999999996,2.4340000000000002,2.06,0,0
CHRISTIN,88,1.1359999999999999,97.727000000000004,0,1.1359999999999999,0,0
CHRISTINA,4174,6.3490000000000002,88.524000000000001,1.7729999999999999,2.9470000000000001,0.26400000000000001,0.14399999999999999
CHRISTINE,8298,1.9039999999999999,93.444000000000003,1.3859999999999999,3.097,0.06,0.108
CHRISTOPH,38,0,97.367999999999995,0,2.6320000000000001,0,0
CHRISTOPHE,57,0,98.245999999999995,0,1.754,0,0
CHRISTOPHER,20768,1.786,94.543999999999997,1.998,1.401,0.125,0.14399999999999999
CHRISTOS,62,1.613,98.387,0,0,0,0
CHRISTY,1047,1.242,94.650999999999996,1.1459999999999999,2.6739999999999999,0,0.28699999999999998
CHRYSTAL,91,2.198,78.022000000000006,14.286,4.3959999999999999,0,1.099
CHU,31,0,6.452,0,93.548000000000002,0,0
CHUAN,32,0,3.125,0,96.875,0,0
CHUCK,115,0.87,80,0.87,17.390999999999998,0,0.87
CHUN,152,0.65800000000000003,2.6320000000000001,0,96.710999999999999,0,0
CHUNG,161,0,1.863,0.621,97.516000000000005,0,0
CHUONG,73,0,2.74,0,97.26,0,0
CINDA,56,5.3570000000000002,85.713999999999999,5.3570000000000002,3.5710000000000002,0,0
CINDEE,20,0,100,0,0,0,0
CINDI,120,2.5,95.832999999999998,0,1.667,0,0
CINDY,2692,3.343,89.747,0.85399999999999998,5.9059999999999997,0.111,3.6999999999999998E-2
CIPRIANO,43,83.721000000000004,6.9770000000000003,0,9.3019999999999996,0,0
CIRILO,30,76.667000000000002,3.3330000000000002,0,20,0,0
CIRO,31,48.387,48.387,0,3.226,0,0
CLAIR,77,0,96.103999999999999,2.597,1.2989999999999999,0,0
CLAIRE,768,1.042,94.141000000000005,1.6930000000000001,2.9950000000000001,0,0.13
CLARA,430,20.233000000000001,60.232999999999997,14.884,4.6509999999999998,0,0
CLARE,236,1.2709999999999999,94.492000000000004,1.2709999999999999,2.5419999999999998,0,0.42399999999999999
CLARENCE,721,0.41599999999999998,67.129000000000005,27.462,4.4379999999999997,0.27700000000000002,0.27700000000000002
CLARICE,86,2.3260000000000001,74.418999999999997,13.952999999999999,8.14,1.163,0
CLARISSA,117,16.239000000000001,64.956999999999994,11.111000000000001,6.8380000000000001,0,0.85499999999999998
CLARK,388,0.77300000000000002,92.784000000000006,3.093,2.577,0,0.77300000000000002
CLARKE,41,0,95.122,0,4.8780000000000001,0,0
CLAUDE,369,1.355,85.366,12.737,0.27100000000000002,0.27100000000000002,0
CLAUDETTE,173,1.734,65.896000000000001,29.48,2.3119999999999998,0,0.57799999999999996
CLAUDIA,1569,30.783999999999999,64.054000000000002,3.6970000000000001,1.02,0.191,0.255
CLAUDINE,102,3.9220000000000002,83.332999999999998,9.8040000000000003,1.9610000000000001,0,0.98
CLAUDIO,130,53.076999999999998,45.384999999999998,0.76900000000000002,0.76900000000000002,0,0
CLAUS,20,0,100,0,0,0,0
CLAY,303,0,97.03,1.32,1.32,0,0.33
CLAYTON,595,0.33600000000000002,93.613,2.6890000000000001,2.6890000000000001,0.33600000000000002,0.33600000000000002
CLEMENT,113,2.6549999999999998,57.521999999999998,21.239000000000001,18.584,0,0
CLEMENTE,61,68.852000000000004,18.033000000000001,1.639,11.475,0,0
CLEO,70,7.1429999999999998,60,27.143000000000001,5.7140000000000004,0,0
CLEVE,20,0,100,0,0,0,0
CLEVELAND,43,0,37.209000000000003,60.465000000000003,2.3260000000000001,0,0
CLIFF,118,0.84699999999999998,84.745999999999995,5.9320000000000004,8.4749999999999996,0,0
CLIFFORD,1176,0.255,90.561000000000007,5.782,3.3159999999999998,8.5000000000000006E-2,0
CLIFTON,347,0.86499999999999999,74.927999999999997,20.748999999999999,2.3050000000000002,0.28799999999999998,0.86499999999999999
CLINT,364,1.099,94.230999999999995,1.3740000000000001,2.7469999999999999,0.27500000000000002,0.27500000000000002
CLINTON,662,0.60399999999999998,88.218000000000004,9.2149999999999999,1.8129999999999999,0,0.151
CLIVE,57,1.754,75.438999999999993,19.297999999999998,3.5089999999999999,0,0
CLYDE,483,1.0349999999999999,83.23,11.801,3.3130000000000002,0.41399999999999998,0.20699999999999999
COBY,30,0,96.667000000000002,0,0,3.3330000000000002,0
CODY,497,0.60399999999999998,96.781000000000006,1.2070000000000001,1.006,0.20100000000000001,0.20100000000000001
COLBY,118,0,98.305000000000007,0.84699999999999998,0.84699999999999998,0,0
COLE,139,0.71899999999999997,94.963999999999999,3.597,0,0,0.71899999999999997
COLEEN,193,1.036,94.301000000000002,2.5910000000000002,1.554,0.51800000000000002,0
COLEMAN,41,0,92.683000000000007,7.3170000000000002,0,0,0
COLETTE,254,0.39400000000000002,90.944999999999993,7.48,0.78700000000000003,0,0.39400000000000002
COLIN,632,0.316,94.462000000000003,3.0059999999999998,2.0569999999999999,0,0.158
COLLEEN,2533,0.59199999999999997,97.789000000000001,0.71099999999999997,0.67100000000000004,0.19700000000000001,3.9E-2
COLLETTE,82,0,93.902000000000001,3.6589999999999998,2.4390000000000001,0,0
COLLIN,131,1.5269999999999999,90.84,4.58,3.0529999999999999,0,0
COLM,22,0,100,0,0,0,0
COLT,17,0,100,0,0,0,0
COLTON,35,0,100,0,0,0,0
CONCEPCION,125,79.2,7.2,0,13.6,0,0
CONCETTA,90,1.111,96.667000000000002,2.222,0,0,0
CONNIE,2534,3.2360000000000002,89.975999999999999,2.0129999999999999,4.5780000000000003,0.11799999999999999,7.9000000000000001E-2
CONOR,47,0,100,0,0,0,0
CONRAD,264,5.6820000000000004,78.409000000000006,8.3330000000000002,6.4390000000000001,0.75800000000000001,0.379
CONRADO,48,41.667000000000002,8.3330000000000002,0,50,0,0
CONSTANCE,1270,1.024,91.811000000000007,5.984,0.86599999999999999,0.157,0.157
CONSTANTIN,30,0,93.332999999999998,0,6.6669999999999998,0,0
CONSTANTINE,100,0,98,1,1,0,0
CONSTANTINO,39,48.718000000000004,33.332999999999998,0,17.949000000000002,0,0
CONSUELO,182,75.823999999999998,14.286,1.6479999999999999,8.2420000000000009,0,0
CORA,167,4.79,62.274999999999999,24.550999999999998,6.5869999999999997,0,1.796
CORAL,51,5.8819999999999997,86.275000000000006,5.8819999999999997,1.9610000000000001,0,0
CORAZON,95,15.789,11.579000000000001,0,72.632000000000005,0,0
CORBETT,16,0,100,0,0,0,0
CORBIN,32,0,96.875,3.125,0,0,0
CORDELIA,37,18.919,48.649000000000001,27.027000000000001,2.7029999999999998,2.7029999999999998,0
CORDELL,33,0,69.697000000000003,27.273,3.03,0,0
COREY,1087,0.46,89.42,8.1880000000000006,1.288,0.27600000000000002,0.36799999999999999
CORI,97,2.0619999999999998,94.844999999999999,2.0619999999999998,1.0309999999999999,0,0
CORIE,30,3.3330000000000002,86.667000000000002,6.6669999999999998,3.3330000000000002,0,0
CORINA,115,35.652000000000001,60,1.7390000000000001,2.609,0,0
CORINE,36,8.3330000000000002,55.555999999999997,33.332999999999998,2.778,0,0
CORINNA,64,10.938000000000001,85.938000000000002,1.5629999999999999,1.5629999999999999,0,0
CORINNE,387,1.8089999999999999,94.057000000000002,1.55,2.5840000000000001,0,0
CORNELIA,128,2.3439999999999999,79.688000000000002,16.405999999999999,1.5629999999999999,0,0
CORNELIO,30,60,13.333,0,23.332999999999998,0,3.3330000000000002
CORNELIUS,137,1.46,68.613,29.196999999999999,0.73,0,0
CORNELL,37,5.4050000000000002,27.027000000000001,64.864999999999995,0,0,2.7029999999999998
CORRIE,72,4.1669999999999998,94.444000000000003,0,0,0,1.389
CORRIN,18,0,100,0,0,0,0
CORRINE,132,5.3029999999999999,87.879000000000005,5.3029999999999999,1.5149999999999999,0,0
CORT,17,0,100,0,0,0,0
CORTNEY,90,1.111,92.221999999999994,5.556,0,1.111,0
CORY,957,0.627,94.566000000000003,2.8210000000000002,1.776,0.104,0.104
COSMO,22,0,100,0,0,0,0
COURTENAY,18,0,100,0,0,0,0
COURTNEY,1209,8.3000000000000004E-2,92.968999999999994,5.6239999999999997,0.82699999999999996,0.16500000000000001,0.33100000000000002
COY,41,0,90.244,4.8780000000000001,4.8780000000000001,0,0
CRAIG,5346,0.374,96.296000000000006,2.1509999999999998,1.0289999999999999,1.9E-2,0.13100000000000001
CREIGHTON,34,0,85.293999999999997,0,14.706,0,0
CRIS,47,0,89.361999999999995,0,10.638,0,0
CRISPIN,42,42.856999999999999,30.952000000000002,4.7619999999999996,21.428999999999998,0,0
CRISTA,54,0,100,0,0,0,0
CRISTEN,32,0,96.875,3.125,0,0,0
CRISTI,41,7.3170000000000002,92.683000000000007,0,0,0,0
CRISTIAN,109,45.872,53.210999999999999,0,0.91700000000000004,0,0
CRISTIE,31,0,96.774000000000001,0,0,3.226,0
CRISTIN,59,0,100,0,0,0,0
CRISTINA,539,36.92,50.649000000000001,1.2989999999999999,10.946,0,0.186
CRISTINE,62,0,95.161000000000001,0,4.8390000000000004,0,0
CRISTOBAL,55,90.909000000000006,7.2729999999999997,0,1.8180000000000001,0,0
CRISTOPHER,33,9.0909999999999993,87.879000000000005,0,3.03,0,0
CRISTY,87,1.149,94.253,0,4.5979999999999999,0,0
CRUZ,108,97.221999999999994,2.778,0,0,0,0
CRYSTAL,1448,5.0410000000000004,82.32,10.013999999999999,2.0720000000000001,0.13800000000000001,0.41399999999999998
CUC,16,0,0,0,100,0,0
CUONG,170,0.58799999999999997,1.1759999999999999,0,97.647000000000006,0,0.58799999999999997
CURT,312,0,98.397000000000006,0.32100000000000001,1.282,0,0
CURTIS,1926,0.57099999999999995,85.774000000000001,10.903,2.129,0.104,0.51900000000000002
CURTISS,43,0,86.046999999999997,13.952999999999999,0,0,0
CYNDI,43,2.3260000000000001,93.022999999999996,0,4.6509999999999998,0,0
CYNTHIA,9118,3.7730000000000001,89.131,4.88,1.9410000000000001,0.11,0.16500000000000001
CYRIL,68,1.4710000000000001,67.647000000000006,13.234999999999999,17.646999999999998,0,0
CYRUS,88,1.1359999999999999,78.409000000000006,12.5,7.9550000000000001,0,0
DA,20,0,0,0,100,0,0
DAGOBERTO,40,100,0,0,0,0,0
DAI,36,0,8.3330000000000002,0,91.667000000000002,0,0
DAISY,265,36.981000000000002,29.056999999999999,10.943,22.263999999999999,0,0.755
DALE,3068,0.48899999999999999,96.415000000000006,1.8580000000000001,1.0429999999999999,9.8000000000000004E-2,9.8000000000000004E-2
DALENE,21,0,100,0,0,0,0
DALIA,62,45.161000000000001,48.387,4.8390000000000004,1.613,0,0
DALJIT,31,0,9.6769999999999996,0,83.870999999999995,6.452,0
DALLAS,210,0.47599999999999998,93.81,5.2380000000000004,0.47599999999999998,0,0
DALTON,56,3.5710000000000002,80.356999999999999,12.5,3.5710000000000002,0,0
DAMARIS,59,72.881,20.338999999999999,1.6950000000000001,1.6950000000000001,1.6950000000000001,1.6950000000000001
DAMIAN,221,18.100000000000001,72.850999999999999,7.24,1.81,0,0
DAMIEN,127,3.9369999999999998,82.677000000000007,9.4489999999999998,3.9369999999999998,0,0
DAMION,40,2.5,62.5,32.5,2.5,0,0
DAMON,427,2.3420000000000001,79.156999999999996,14.52,3.2789999999999999,0.23400000000000001,0.46800000000000003
DAN,1337,1.7949999999999999,87.21,1.1220000000000001,9.6479999999999997,0.224,0
DANA,3064,0.751,94.941000000000003,3.427,0.68500000000000005,9.8000000000000004E-2,9.8000000000000004E-2
DANE,206,0.97099999999999997,95.146000000000001,0.97099999999999997,2.427,0.48499999999999999,0
DANELLE,70,5.7140000000000004,90,4.2859999999999996,0,0,0
DANETTE,133,3.7589999999999999,89.474000000000004,6.0149999999999997,0.752,0,0
DANG,28,0,0,0,100,0,0
DANH,34,0,2.9409999999999998,0,94.117999999999995,0,2.9409999999999998
DANI,58,8.6210000000000004,84.483000000000004,0,5.1719999999999997,1.724,0
DANIA,31,64.516000000000005,32.258000000000003,3.226,0,0,0
DANIAL,34,2.9409999999999998,97.058999999999997,0,0,0,0
DANICA,35,0,97.143000000000001,2.8570000000000002,0,0,0
DANIEL,20876,6.1890000000000001,90.491,1.1499999999999999,1.859,0.17199999999999999,0.13900000000000001
DANIELA,190,17.895,81.052999999999997,0.52600000000000002,0.52600000000000002,0,0
DANIELE,49,4.0819999999999999,95.918000000000006,0,0,0,0
DANIELLA,64,15.625,68.75,12.5,1.5629999999999999,0,1.5629999999999999
DANIELLE,2076,1.927,93.063999999999993,4.383,0.38500000000000001,0.24099999999999999,0
DANILO,156,22.436,11.538,0,65.385000000000005,0.64100000000000001,0
DANITA,58,0,74.138000000000005,24.138000000000002,0,1.724,0
DANN,39,2.5640000000000001,92.308000000000007,0,5.1280000000000001,0,0
DANNA,114,3.5089999999999999,90.350999999999999,3.5089999999999999,1.754,0.877,0
DANNETTE,35,0,91.429000000000002,8.5709999999999997,0,0,0
DANNIE,44,2.2730000000000001,88.635999999999996,9.0909999999999993,0,0,0
DANNY,1948,5.8010000000000002,79.774000000000001,3.5419999999999998,10.318,0.25700000000000001,0.308
DANTE,121,15.702,59.503999999999998,8.2639999999999993,15.702,0,0.82599999999999996
DANUTA,79,1.266,97.468000000000004,0,1.266,0,0
DAO,37,2.7029999999999998,2.7029999999999998,0,94.594999999999999,0,0
DAPHNE,204,1.9610000000000001,67.647000000000006,18.137,11.765000000000001,0,0.49
DARA,138,1.4490000000000001,88.406000000000006,5.7969999999999997,4.3479999999999999,0,0
DARBY,57,0,92.981999999999999,1.754,3.5089999999999999,0,1.754
DARCI,99,2.02,95.96,0,1.01,0,1.01
DARCIE,62,1.613,95.161000000000001,0,1.613,0,1.613
DARCY,330,1.212,96.97,0.60599999999999998,0.30299999999999999,0.90900000000000003,0
DAREK,16,0,100,0,0,0,0
DAREN,142,0,88.731999999999999,4.2249999999999996,7.0419999999999998,0,0
DARIA,87,5.7469999999999999,88.506,5.7469999999999999,0,0,0
DARIAN,37,5.4050000000000002,72.972999999999999,21.622,0,0,0
DARIN,559,0.35799999999999998,95.706999999999994,1.431,1.7889999999999999,0.17899999999999999,0.53700000000000003
DARIO,101,58.415999999999997,35.643999999999998,0.99,4.95,0,0
DARIUS,74,0,64.864999999999995,32.432000000000002,2.7029999999999998,0,0
DARIUSZ,76,2.6320000000000001,97.367999999999995,0,0,0,0
DARKO,15,0,100,0,0,0,0
DARLA,432,1.389,96.759,1.389,0.46300000000000002,0,0
DARLEEN,55,1.8180000000000001,87.272999999999996,7.2729999999999997,3.6360000000000001,0,0
DARLENE,1674,2.867,86.738,8.7810000000000006,1.254,0.29899999999999999,0.06
DARNELL,73,0,17.808,82.191999999999993,0,0,0
DARON,43,2.3260000000000001,86.046999999999997,9.3019999999999996,2.3260000000000001,0,0
DARREL,188,0,90.956999999999994,6.915,2.1280000000000001,0,0
DARRELL,1178,1.1040000000000001,87.266999999999996,9.7620000000000005,1.1879999999999999,0.42399999999999999,0.255
DARREN,1238,1.131,89.983999999999995,4.6040000000000001,3.8769999999999998,0.24199999999999999,0.16200000000000001
DARRICK,52,1.923,71.153999999999996,23.077000000000002,1.923,1.923,0
DARRIN,311,0,93.248000000000005,4.18,2.5720000000000001,0,0
DARRON,38,2.6320000000000001,81.578999999999994,10.526,5.2629999999999999,0,0
DARRYL,752,0.66500000000000004,69.016000000000005,26.064,3.3239999999999998,0.53200000000000003,0.39900000000000002
DARWIN,159,10.063000000000001,73.584999999999994,5.66,10.063000000000001,0.629,0
DARYL,699,1.0009999999999999,86.552000000000007,9.1560000000000006,3.1469999999999998,0.14299999999999999,0
DAT,58,0,1.724,0,98.275999999999996,0,0
DAVE,448,2.4550000000000001,82.813000000000002,5.1340000000000003,8.9290000000000003,0.223,0.44600000000000001
DAVID,48307,3.2229999999999999,92.808000000000007,1.393,2.3929999999999998,0.106,7.6999999999999999E-2
DAVIN,34,2.9409999999999998,82.352999999999994,2.9409999999999998,11.765000000000001,0,0
DAVINA,38,5.2629999999999999,73.683999999999997,18.420999999999999,2.6320000000000001,0,0
DAVIS,77,2.597,70.13,11.688000000000001,15.584,0,0
DAWN,3977,0.85499999999999998,95.147000000000006,3.0169999999999999,0.77900000000000003,0.126,7.4999999999999997E-2
DAWNA,66,0,96.97,3.03,0,0,0
DAWNE,34,2.9409999999999998,76.471000000000004,17.646999999999998,0,0,2.9409999999999998
DAX,32,3.125,93.75,0,3.125,0,0
DAYLE,43,0,93.022999999999996,0,6.9770000000000003,0,0
DAYNA,125,0.8,97.6,0.8,0.8,0,0
DE,30,3.3330000000000002,23.332999999999998,13.333,60,0,0
DEAN,2174,0.64400000000000002,94.986000000000004,0.78200000000000003,3.4039999999999999,4.5999999999999999E-2,0.13800000000000001
DEANA,240,2.0830000000000002,93.75,3.3330000000000002,0.83299999999999996,0,0
DEANE,43,0,97.674000000000007,2.3260000000000001,0,0,0
DEANN,131,3.8170000000000002,94.656000000000006,1.5269999999999999,0,0,0
DEANNA,1380,2.246,91.956999999999994,3.6230000000000002,1.667,0.28999999999999998,0.217
DEANNE,258,0.38800000000000001,96.899000000000001,0.38800000000000001,1.9379999999999999,0.38800000000000001,0
DEBBI,41,2.4390000000000001,97.561000000000007,0,0,0,0
DEBBIE,1366,4.173,87.408000000000001,4.5389999999999997,3.294,0.36599999999999999,0.22
DEBBY,73,1.37,94.521000000000001,0,4.1100000000000003,0,0
DEBI,56,1.786,96.429000000000002,0,1.786,0,0
DEBORA,461,2.6030000000000002,91.322999999999993,4.9889999999999999,0.65100000000000002,0,0.434
DEBORAH,10652,1.4930000000000001,93.944999999999993,3.6520000000000001,0.67600000000000005,9.4E-2,0.14099999999999999
DEBRA,7369,1.601,94.26,3.65,0.38,9.5000000000000001E-2,1.4E-2
DEBRAH,35,0,97.143000000000001,2.8570000000000002,0,0,0
DECLAN,20,0,100,0,0,0,0
DEDRA,34,2.9409999999999998,73.528999999999996,23.529,0,0,0
DEE,227,3.524,89.867999999999995,2.2029999999999998,3.524,0.441,0.441
DEEANN,52,1.923,98.076999999999998,0,0,0,0
DEENA,182,0.54900000000000004,91.757999999999996,4.3959999999999999,3.2970000000000002,0,0
DEEPA,57,0,10.526,0,85.965000000000003,1.754,1.754
DEEPAK,142,0.70399999999999996,16.901,0,79.576999999999998,2.8170000000000002,0
DEIDRA,75,1.333,68,30.667000000000002,0,0,0
DEIDRE,168,1.786,77.381,17.856999999999999,1.19,0.59499999999999997,1.19
DEIRDRE,217,0.46100000000000002,93.087999999999994,6.452,0,0,0
DEL,62,1.613,90.322999999999993,6.452,1.613,0,0
DELAINE,20,0,100,0,0,0,0
DELANA,30,0,93.332999999999998,6.6669999999999998,0,0,0
DELBERT,194,1.546,92.268000000000001,5.1550000000000002,1.0309999999999999,0,0
DELFINA,41,78.049000000000007,14.634,0,7.3170000000000002,0,0
DELFINO,35,88.570999999999998,8.5709999999999997,0,2.8570000000000002,0,0
DELIA,296,55.405000000000001,31.081,3.0409999999999999,10.135,0,0.33800000000000002
DELILAH,34,20.588000000000001,44.118000000000002,26.471,5.8819999999999997,2.9409999999999998,0
DELL,37,0,91.891999999999996,5.4050000000000002,2.7029999999999998,0,0
DELLA,146,4.1100000000000003,78.766999999999996,15.068,1.37,0,0.68500000000000005
DELMA,36,30.556000000000001,61.110999999999997,0,8.3330000000000002,0,0
DELMAR,44,2.2730000000000001,90.909000000000006,2.2730000000000001,4.5449999999999999,0,0
DELORES,474,2.7429999999999999,68.775999999999996,27.004000000000001,0,0.84399999999999997,0.63300000000000001
DELORIS,87,0,56.322000000000003,43.677999999999997,0,0,0
DELPHINE,42,2.3809999999999998,59.524000000000001,35.713999999999999,2.3809999999999998,0,0
DELYNN,16,0,100,0,0,0,0
DEMETRIA,41,17.073,36.585000000000001,41.463000000000001,4.8780000000000001,0,0
DEMETRIO,42,80.951999999999998,4.7619999999999996,0,14.286,0,0
DEMETRIOS,49,0,100,0,0,0,0
DEMETRIUS,50,8,22,70,0,0,0
DENA,385,1.5580000000000001,93.766000000000005,3.3769999999999998,1.0389999999999999,0.26,0
DENEEN,41,2.4390000000000001,78.049000000000007,19.512,0,0,0
DENICE,124,7.258,87.903000000000006,3.226,0.80600000000000005,0,0.80600000000000005
DENIS,389,3.8559999999999999,91.003,2.0569999999999999,2.8279999999999998,0.25700000000000001,0
DENISE,5190,3.0059999999999998,90.212000000000003,5.4139999999999997,1.137,7.6999999999999999E-2,0.154
DENNIS,7681,1.51,93.49,1.927,2.8380000000000001,0.11700000000000001,0.11700000000000001
DENNY,123,4.0650000000000004,80.488,0,14.634,0,0.81299999999999994
DENTON,34,0,94.117999999999995,2.9409999999999998,2.9409999999999998,0,0
DENVER,48,4.1669999999999998,83.332999999999998,10.417,0,0,2.0830000000000002
DEON,49,0,55.101999999999997,44.898000000000003,0,0,0
DEREK,1911,0.78500000000000003,90.424000000000007,4.0819999999999999,4.3959999999999999,0.20899999999999999,0.105
DERIC,33,3.03,78.787999999999997,9.0909999999999993,9.0909999999999993,0,0
DERICK,71,1.4079999999999999,74.647999999999996,21.126999999999999,1.4079999999999999,1.4079999999999999,0
DERIK,41,2.4390000000000001,95.122,2.4390000000000001,0,0,0
DERON,33,0,90.909000000000006,9.0909999999999993,0,0,0
DERRICK,598,3.01,55.350999999999999,35.116999999999997,5.6859999999999999,0.502,0.33400000000000002
DESIREE,329,11.55,71.429000000000002,12.462,3.343,0.30399999999999999,0.91200000000000003
DESMOND,95,7.3680000000000003,49.473999999999997,35.789000000000001,6.3159999999999998,0,1.0529999999999999
DESPINA,36,2.778,97.221999999999994,0,0,0,0
DEVIN,323,1.238,89.164000000000001,5.8819999999999997,3.4060000000000001,0.31,0
DEVON,207,2.415,85.024000000000001,11.111000000000001,1.4490000000000001,0,0
DEWAYNE,113,0,73.450999999999993,24.779,0.88500000000000001,0,0.88500000000000001
DEWEY,117,0.85499999999999998,90.597999999999999,5.1280000000000001,2.5640000000000001,0.85499999999999998,0
DEWITT,32,0,84.375,15.625,0,0,0
DEXTER,130,3.077,36.923000000000002,41.537999999999997,17.692,0,0.76900000000000002
DIAN,86,1.163,81.394999999999996,4.6509999999999998,11.628,0,1.163
DIANA,3626,11.141999999999999,83.590999999999994,1.903,2.923,0.248,0.193
DIANE,7305,1.643,94.47,2.464,1.246,9.6000000000000002E-2,8.2000000000000003E-2
DIANN,138,0.72499999999999998,91.304000000000002,7.2460000000000004,0.72499999999999998,0,0
DIANNA,479,5.01,88.1,5.4279999999999999,1.044,0.20899999999999999,0.20899999999999999
DIANNE,1243,1.2869999999999999,92.116,5.0679999999999996,1.2869999999999999,0.08,0.161
DICK,75,2.6669999999999998,73.332999999999998,0,24,0,0
DIEGO,198,83.332999999999998,15.151999999999999,0,1.01,0,0.505
DIEM,35,0,2.8570000000000002,0,97.143000000000001,0,0
DIEP,47,0,2.1280000000000001,0,95.745000000000005,0,2.1280000000000001
DIETER,62,0,98.387,0,1.613,0,0
DIEU,20,0,0,0,100,0,0
DIGNA,30,73.332999999999998,10,0,16.667000000000002,0,0
DILIP,64,1.5629999999999999,31.25,0,65.625,1.5629999999999999,0
DILLON,47,0,91.489000000000004,4.2549999999999999,4.2549999999999999,0,0
DIMITRI,67,2.9849999999999999,89.552000000000007,5.97,1.4930000000000001,0,0
DIMITRIOS,59,1.6950000000000001,96.61,1.6950000000000001,0,0,0
DINA,493,9.9390000000000001,84.584000000000003,2.2309999999999999,2.84,0.40600000000000003,0
DINAH,73,2.74,79.451999999999998,6.8490000000000002,10.959,0,0
DINESH,93,1.075,19.355,0,77.418999999999997,1.075,1.075
DINH,46,2.1739999999999999,0,0,97.825999999999993,0,0
DINO,133,3.008,89.474000000000004,1.504,6.0149999999999997,0,0
DION,102,6.8630000000000004,68.626999999999995,21.568999999999999,2.9409999999999998,0,0
DIONISIO,37,45.945999999999998,8.1080000000000005,0,45.945999999999998,0,0
DIONNE,78,3.8460000000000001,53.845999999999997,39.744,2.5640000000000001,0,0
DIPAK,45,2.222,15.555999999999999,0,82.221999999999994,0,0
DIRK,202,0.495,98.02,0.99,0.495,0,0
DIXIE,253,1.1859999999999999,96.442999999999998,1.581,0.39500000000000002,0.39500000000000002,0
DMITRI,38,2.6320000000000001,94.736999999999995,2.6320000000000001,0,0,0
DMITRIY,85,0,98.823999999999998,0,1.1759999999999999,0,0
DMITRY,90,1.111,98.888999999999996,0,0,0,0
DO,22,0,0,0,100,0,0
DOAN,30,0,3.3330000000000002,0,96.667000000000002,0,0
DOLLY,77,2.597,62.338000000000001,6.4939999999999998,25.974,1.2989999999999999,1.2989999999999999
DOLORES,1071,21.475000000000001,70.308000000000007,4.6689999999999996,3.081,0.187,0.28000000000000003
DOMENIC,108,0.92600000000000005,97.221999999999994,0,1.8520000000000001,0,0
DOMENICK,30,0,100,0,0,0,0
DOMENICO,59,5.085,94.915000000000006,0,0,0,0
DOMINGO,151,74.171999999999997,7.2850000000000001,1.325,17.219000000000001,0,0
DOMINIC,574,4.8780000000000001,89.198999999999998,1.5680000000000001,4.3550000000000004,0,0
DOMINICK,250,2,94.8,1.2,1.6,0,0.4
DOMINIQUE,137,7.2990000000000004,72.992999999999995,16.058,2.92,0,0.73
DON,1253,0.79800000000000004,87.63,3.831,7.4219999999999997,0.23899999999999999,0.08
DONA,171,0.58499999999999996,94.736999999999995,1.17,2.339,0,1.17
DONAL,39,0,100,0,0,0,0
DONALD,12058,0.72199999999999998,95.057000000000002,3.2509999999999999,0.72199999999999998,0.16600000000000001,8.3000000000000004E-2
DONATO,40,12.5,70,0,17.5,0,0
DONG,188,0,2.66,0,97.34,0,0
DONITA,60,0,86.667000000000002,13.333,0,0,0
DONN,98,3.0609999999999999,93.878,0,2.0409999999999999,0,1.02
DONNA,8969,1.1259999999999999,95.082999999999998,2.609,0.93700000000000006,0.1,0.14499999999999999
DONNELL,48,0,47.917000000000002,52.082999999999998,0,0,0
DONNIE,244,0.82,83.197000000000003,13.115,2.0489999999999999,0.82,0
DONNY,52,0,78.846000000000004,7.6920000000000002,13.462,0,0
DONOVAN,135,2.9630000000000001,79.259,15.555999999999999,2.222,0,0
DORA,386,48.445999999999998,38.86,7.7720000000000002,4.6630000000000003,0.25900000000000001,0
DORCAS,38,5.2629999999999999,63.158000000000001,21.053000000000001,10.526,0,0
DOREEN,633,2.6859999999999999,89.415000000000006,5.2130000000000001,2.0539999999999998,0.316,0.316
DORENE,86,5.8140000000000001,88.372,3.488,1.163,0,1.163
DORI,74,1.351,93.242999999999995,1.351,2.7029999999999998,0,1.351
DORIAN,78,7.6920000000000002,71.795000000000002,19.231000000000002,0,0,1.282
DORINA,16,0,100,0,0,0,0
DORINDA,55,1.8180000000000001,85.454999999999998,5.4550000000000001,3.6360000000000001,1.8180000000000001,1.8180000000000001
DORIS,1332,6.306,76.275999999999996,13.438000000000001,3.3780000000000001,0.22500000000000001,0.375
DORIT,18,0,100,0,0,0,0
DORON,27,0,100,0,0,0,0
DOROTA,62,1.613,95.161000000000001,0,3.226,0,0
DOROTHEA,120,0.83299999999999996,80.832999999999998,15,2.5,0,0.83299999999999996
DOROTHY,2573,1.71,82.86,13.175000000000001,1.671,0.35,0.23300000000000001
DOUG,438,0.91300000000000003,95.89,0.22800000000000001,2.968,0,0
DOUGLAS,8505,0.78800000000000003,96.766999999999996,1.2110000000000001,1.0109999999999999,8.2000000000000003E-2,0.14099999999999999
DOUGLASS,53,0,96.225999999999999,1.887,1.887,0,0
DOV,24,0,100,0,0,0,0
DOYLE,146,0,95.89,2.74,1.37,0,0
DRAGAN,35,0,97.143000000000001,0,2.8570000000000002,0,0
DRAKE,30,0,93.332999999999998,3.3330000000000002,3.3330000000000002,0,0
DREW,436,1.835,97.706000000000003,0.45900000000000002,0,0,0
DRU,31,0,100,0,0,0,0
DUANE,1152,0.60799999999999998,92.188000000000002,5.556,1.389,0.17399999999999999,8.6999999999999994E-2
DUC,160,0.625,1.875,0,96.875,0,0.625
DUDLEY,58,1.724,82.759,12.069000000000001,3.448,0,0
DUKE,47,4.2549999999999999,61.701999999999998,0,31.914999999999999,0,2.1280000000000001
DULCE,79,77.215000000000003,13.923999999999999,1.266,7.5949999999999998,0,0
DUNCAN,145,0.69,93.102999999999994,6.2069999999999999,0,0,0
DUNG,213,0.46899999999999997,2.347,0,96.713999999999999,0,0.46899999999999997
DUONG,38,0,5.2629999999999999,0,94.736999999999995,0,0
DUSTIN,1179,0.84799999999999998,97.116,0.254,1.1870000000000001,0.42399999999999999,0.17
DUSTY,76,1.3160000000000001,97.367999999999995,0,1.3160000000000001,0,0
DUY,41,0,2.4390000000000001,0,97.561000000000007,0,0
DWAIN,49,0,83.673000000000002,16.327000000000002,0,0,0
DWAINE,36,2.778,86.111000000000004,11.111000000000001,0,0,0
DWAYNE,488,0.82,74.795000000000002,23.155999999999999,0.82,0.41,0
DWIGHT,624,1.1220000000000001,79.006,16.667000000000002,3.0449999999999999,0,0.16
DYAN,39,2.5640000000000001,89.744,5.1280000000000001,2.5640000000000001,0,0
DYLAN,202,0.99,94.058999999999997,1.4850000000000001,3.4649999999999999,0,0
DZUNG,25,0,0,0,100,0,0
EARL,977,0.71599999999999997,83.828000000000003,13.407999999999999,1.8420000000000001,0.10199999999999999,0.10199999999999999
EARLE,64,0,90.625,6.25,3.125,0,0
EARLENE,47,0,74.468000000000004,23.404,2.1280000000000001,0,0
EARLINE,33,0,48.484999999999999,48.484999999999999,3.03,0,0
EARNEST,89,0,56.18,40.448999999999998,2.2469999999999999,0,1.1240000000000001
EARNESTINE,31,0,16.129000000000001,83.870999999999995,0,0,0
EBONY,58,3.448,5.1719999999999997,87.930999999999997,1.724,1.724,0
ED,134,4.4779999999999998,84.328000000000003,0.746,8.9550000000000001,0.746,0.746
EDDIE,694,12.536,50.143999999999998,24.64,12.247999999999999,0.14399999999999999,0.28799999999999998
EDDY,108,34.259,45.37,12.962999999999999,7.407,0,0
EDEN,67,7.4630000000000001,53.731000000000002,13.433,20.896000000000001,1.4930000000000001,2.9849999999999999
EDGAR,851,50.058999999999997,38.777999999999999,3.8780000000000001,6.58,0.47,0.23499999999999999
EDGARDO,124,50.805999999999997,10.484,0,38.71,0,0
EDIE,34,2.9409999999999998,94.117999999999995,0,0,0,2.9409999999999998
EDILBERTO,37,40.540999999999997,10.811,0,48.649000000000001,0,0
EDISON,52,32.692,36.537999999999997,15.385,13.462,1.923,0
EDITH,624,16.667000000000002,69.551000000000002,9.4550000000000001,4.0060000000000002,0.16,0.16
EDMOND,205,2.927,73.659000000000006,7.8049999999999997,15.61,0,0
EDMUND,454,4.8460000000000001,83.7,4.1849999999999996,7.048,0,0.22
EDMUNDO,63,65.078999999999994,15.872999999999999,0,19.047999999999998,0,0
EDNA,460,11.957000000000001,61.087000000000003,12.609,13.478,0.435,0.435
EDUARD,70,4.2859999999999996,91.429000000000002,0,2.8570000000000002,1.429,0
EDUARDO,911,78.813999999999993,10.428000000000001,0.32900000000000001,10.318,0,0.11
EDWARD,10112,4.1440000000000001,89.221000000000004,3.4220000000000002,2.9369999999999998,0.14799999999999999,0.129
EDWIN,1479,19.675000000000001,67.41,4.665,7.9779999999999998,6.8000000000000005E-2,0.20300000000000001
EDWINA,88,3.4089999999999998,59.091000000000001,26.135999999999999,11.364000000000001,0,0
EDYTA,19,0,100,0,0,0,0
EFFIE,46,2.1739999999999999,69.564999999999998,17.390999999999998,10.87,0,0
EFRAIN,213,93.427000000000007,5.6340000000000003,0,0.93899999999999995,0,0
EFREN,149,75.168000000000006,6.04,0,18.792000000000002,0,0
EILEEN,2031,2.0680000000000001,94.484999999999999,0.93500000000000005,2.3140000000000001,9.8000000000000004E-2,9.8000000000000004E-2
EKATERINA,35,0,100,0,0,0,0
ELAINA,49,2.0409999999999999,91.837000000000003,4.0819999999999999,2.0409999999999999,0,0
ELAINE,2364,2.073,87.775000000000006,4.484,5.4989999999999997,8.5000000000000006E-2,8.5000000000000006E-2
ELANA,61,3.2789999999999999,88.525000000000006,6.5570000000000004,1.639,0,0
ELBA,64,87.5,10.938000000000001,0,1.5629999999999999,0,0
ELBERT,97,3.093,52.576999999999998,37.113,7.2160000000000002,0,0
ELDA,54,64.814999999999998,29.63,5.556,0,0,0
ELDEN,30,0,86.667000000000002,6.6669999999999998,6.6669999999999998,0,0
ELDON,116,0,99.138000000000005,0,0.86199999999999999,0,0
ELEANOR,707,3.536,82.602999999999994,7.3550000000000004,6.2229999999999999,0,0.28299999999999997
ELEANORE,30,10,80,0,6.6669999999999998,0,3.3330000000000002
ELEAZAR,51,90.195999999999998,5.8819999999999997,1.9610000000000001,1.9610000000000001,0,0
ELEFTHERIOS,20,0,100,0,0,0,0
ELENA,712,27.106999999999999,65.028000000000006,0.98299999999999998,6.4610000000000003,0.14000000000000001,0.28100000000000003
ELENI,59,0,94.915000000000006,5.085,0,0,0
ELEONORA,34,8.8239999999999998,88.234999999999999,0,2.9409999999999998,0,0
ELI,201,10.945,81.094999999999999,5.97,1.99,0,0
ELIA,89,74.156999999999996,24.719000000000001,1.1240000000000001,0,0,0
ELIANA,31,54.838999999999999,41.935000000000002,3.226,0,0,0
ELIAS,311,48.231999999999999,43.73,4.5019999999999998,3.2149999999999999,0.32200000000000001,0
ELIDA,56,87.5,12.5,0,0,0,0
ELIE,48,6.25,89.582999999999998,2.0830000000000002,2.0830000000000002,0,0
ELIJAH,98,3.0609999999999999,55.101999999999997,36.734999999999999,4.0819999999999999,0,1.02
ELIN,18,0,100,0,0,0,0
ELINOR,56,0,92.856999999999999,3.5710000000000002,3.5710000000000002,0,0
ELIO,32,40.625,59.375,0,0,0,0
ELIOT,46,13.042999999999999,82.608999999999995,0,4.3479999999999999,0,0
ELISA,404,25.495000000000001,65.841999999999999,1.98,6.4359999999999999,0.248,0
ELISABETH,448,2.6789999999999998,96.204999999999998,0.223,0.67,0.223,0
ELISE,320,0.93799999999999994,93.75,3.4380000000000002,1.25,0.313,0.313
ELISEO,103,87.379000000000005,1.9419999999999999,0,10.68,0,0
ELISHA,87,6.8970000000000002,83.908000000000001,9.1950000000000003,0,0,0
ELISSA,136,3.6760000000000002,95.587999999999994,0,0,0.73499999999999999,0
ELIZA,94,11.702,60.637999999999998,17.021000000000001,9.5739999999999998,1.0640000000000001,0
ELIZABETH,12737,5.9669999999999996,90.546999999999997,1.5229999999999999,1.7589999999999999,0.10199999999999999,0.10199999999999999
ELKE,49,0,100,0,0,0,0
ELLA,237,1.6879999999999999,67.510999999999996,25.738,3.7970000000000002,1.266,0
ELLEN,2744,0.72899999999999998,94.971000000000004,1.2390000000000001,2.915,0.109,3.5999999999999997E-2
ELLIE,56,8.9290000000000003,76.786000000000001,1.786,12.5,0,0
ELLIOT,191,5.2359999999999998,85.34,6.2830000000000004,3.141,0,0
ELLIOTT,201,0.995,82.587000000000003,12.438000000000001,3.4830000000000001,0.498,0
ELLIS,120,2.5,73.332999999999998,23.332999999999998,0.83299999999999996,0,0
ELLYN,49,0,93.878,0,6.1219999999999999,0,0
ELMA,62,33.871000000000002,33.871000000000002,12.903,19.355,0,0
ELMER,320,20.937000000000001,63.75,7.5,6.875,0.625,0.313
ELOISA,55,63.636000000000003,21.818000000000001,1.8180000000000001,12.727,0,0
ELOISE,86,13.952999999999999,63.953000000000003,18.605,2.3260000000000001,0,1.163
ELOY,84,88.094999999999999,7.1429999999999998,1.19,2.3809999999999998,1.19,0
ELPIDIO,35,48.570999999999998,22.856999999999999,0,28.571000000000002,0,0
ELSA,291,56.014000000000003,32.99,4.1239999999999997,6.5289999999999999,0.34399999999999997,0
ELSIE,221,10.86,66.968000000000004,14.026999999999999,6.7869999999999999,0.90500000000000003,0.45200000000000001
ELTON,77,0,71.429000000000002,24.675000000000001,2.597,1.2989999999999999,0
ELVA,133,71.429000000000002,27.068000000000001,0.752,0.752,0,0
ELVIA,138,89.13,7.2460000000000004,2.899,0.72499999999999998,0,0
ELVIN,83,30.12,49.398000000000003,13.253,7.2290000000000001,0,0
ELVIRA,239,50.209000000000003,30.962,3.766,14.644,0,0.41799999999999998
ELVIS,84,44.048000000000002,21.428999999999998,23.81,9.5239999999999991,0,1.19
ELWIN,16,0,100,0,0,0,0
ELWOOD,69,1.4490000000000001,84.058000000000007,14.493,0,0,0
ELYSE,107,1.869,93.457999999999998,1.869,1.869,0,0.93500000000000005
ELYSSA,19,0,100,0,0,0,0
ELZBIETA,62,3.226,95.161000000000001,1.613,0,0,0
EMAD,54,1.8520000000000001,77.778000000000006,1.8520000000000001,16.667000000000002,1.8520000000000001,0
EMANUEL,128,18.75,57.813000000000002,21.094000000000001,2.3439999999999999,0,0
EMERSON,52,9.6150000000000002,67.308000000000007,1.923,17.308,3.8460000000000001,0
EMERY,58,3.448,84.483000000000004,8.6210000000000004,1.724,1.724,0
EMIL,183,2.7320000000000002,93.442999999999998,1.093,2.1859999999999999,0.54600000000000004,0
EMILE,69,7.2460000000000004,73.912999999999997,18.841000000000001,0,0,0
EMILEE,33,0,96.97,0,3.03,0,0
EMILIA,128,46.875,46.094000000000001,0.78100000000000003,6.25,0,0
EMILIANO,48,72.917000000000002,12.5,0,14.583,0,0
EMILIE,98,1.02,92.856999999999999,1.02,5.1020000000000003,0,0
EMILIO,195,74.358999999999995,21.026,1.026,3.077,0,0.51300000000000001
EMILY,2809,1.673,92.025999999999996,1.7090000000000001,4.2009999999999996,0.14199999999999999,0.249
EMMA,532,24.436,54.511000000000003,14.098000000000001,6.2030000000000003,0.752,0
EMMANUEL,295,24.745999999999999,28.475000000000001,27.457999999999998,19.321999999999999,0,0
EMMETT,94,1.0640000000000001,78.722999999999999,18.085000000000001,1.0640000000000001,1.0640000000000001,0
EMORY,50,2,88,10,0,0,0
ENEDINA,27,100,0,0,0,0,0
ENID,49,12.244999999999999,73.468999999999994,14.286,0,0,0
ENRICO,59,15.254,69.492000000000004,3.39,11.864000000000001,0,0
ENRIQUE,658,89.361999999999995,6.383,0,4.2549999999999999,0,0
ENRIQUETA,35,77.143000000000001,14.286,0,8.5709999999999997,0,0
EPIFANIO,33,84.847999999999999,3.03,0,12.121,0,0
ERAN,20,0,100,0,0,0,0
ERASMO,41,90.244,9.7560000000000002,0,0,0,0
ERIC,10840,2.97,89.53,3.7269999999999999,3.496,0.129,0.14799999999999999
ERICA,1414,9.3350000000000009,80.057000000000002,8.6989999999999998,1.627,0.21199999999999999,7.0999999999999994E-2
ERICH,194,1.546,97.423000000000002,0.51500000000000001,0.51500000000000001,0,0
ERICK,320,30,61.875,4.0629999999999997,3.75,0.313,0
ERICKA,134,20.896000000000001,52.984999999999999,26.119,0,0,0
ERIK,1674,5.0179999999999998,92.533000000000001,1.3140000000000001,1.016,0.11899999999999999,0
ERIKA,948,18.46,73.522999999999996,6.2240000000000002,1.266,0.105,0.42199999999999999
ERIN,3413,0.93799999999999994,97.948999999999998,0.46899999999999997,0.439,0.11700000000000001,8.7999999999999995E-2
ERINN,37,0,91.891999999999996,5.4050000000000002,2.7029999999999998,0,0
ERLINDA,130,10,13.077,0,76.153999999999996,0,0.76900000000000002
ERMA,82,3.6589999999999998,62.195,30.488,3.6589999999999998,0,0
ERNEST,1390,9.2810000000000006,75.251999999999995,11.871,3.0939999999999999,0.28799999999999998,0.216
ERNESTINA,51,82.352999999999994,9.8040000000000003,5.8819999999999997,1.9610000000000001,0,0
ERNESTINE,112,11.606999999999999,44.643000000000001,41.070999999999998,1.786,0.89300000000000002,0
ERNESTO,574,77.7,7.6660000000000004,0.871,13.763,0,0
ERNIE,133,24.06,59.398000000000003,3.008,12.03,0.752,0.752
ERNST,36,0,66.667000000000002,33.332999999999998,0,0,0
ERROL,93,1.075,43.011000000000003,49.462000000000003,5.3760000000000003,1.075,0
ERVIN,97,7.2160000000000002,70.102999999999994,22.68,0,0,0
ERWIN,157,13.375999999999999,55.414000000000001,5.0960000000000001,25.478000000000002,0,0.63700000000000001
ERYN,32,0,96.875,3.125,0,0,0
ESMERALDA,134,82.835999999999999,9.7010000000000005,1.4930000000000001,5.97,0,0
ESPERANZA,209,84.210999999999999,8.1340000000000003,0.47799999999999998,7.1769999999999996,0,0
ESSIE,34,2.9409999999999998,14.706,79.412000000000006,2.9409999999999998,0,0
ESTEBAN,178,89.325999999999993,7.8650000000000002,0,2.8090000000000002,0,0
ESTELA,157,82.165999999999997,10.827999999999999,0.63700000000000001,5.7320000000000002,0,0.63700000000000001
ESTELLA,95,52.631999999999998,28.420999999999999,12.632,5.2629999999999999,0,1.0529999999999999
ESTELLE,82,4.8780000000000001,85.366,9.7560000000000002,0,0,0
ESTER,60,33.332999999999998,41.667000000000002,8.3330000000000002,16.667000000000002,0,0
ESTHER,878,25.513000000000002,52.960999999999999,10.364000000000001,10.364000000000001,0.56899999999999995,0.22800000000000001
ESTRELLA,52,32.692,13.462,0,53.845999999999997,0,0
ETHAN,257,1.556,94.162999999999997,0.38900000000000001,3.5019999999999998,0,0.38900000000000001
ETHEL,278,4.3170000000000002,60.790999999999997,28.777000000000001,5.0359999999999996,0.71899999999999997,0.36
ETTA,45,2.222,64.444000000000003,28.888999999999999,2.222,0,2.222
EUGENE,2189,2.7410000000000001,84.650999999999996,6.67,5.71,4.5999999999999999E-2,0.183
EUGENIA,226,18.584,70.796000000000006,6.1950000000000003,4.4249999999999998,0,0
EUGENIO,102,74.510000000000005,17.646999999999998,0,7.843,0,0
EULA,46,0,50,50,0,0,0
EULALIA,34,67.647000000000006,29.411999999999999,0,2.9409999999999998,0,0
EUN,134,0.746,2.2389999999999999,0,96.269000000000005,0,0.746
EUNICE,222,11.260999999999999,43.694000000000003,22.523,21.622,0.90100000000000002,0
EUSEBIO,59,83.051000000000002,6.78,3.39,6.78,0,0
EVA,898,20.824000000000002,67.594999999999999,5.234,5.9020000000000001,0.223,0.223
EVAN,651,1.69,94.930999999999997,1.2290000000000001,1.9970000000000001,0,0.154
EVANGELINA,100,83,14,0,3,0,0
EVANGELINE,139,12.95,41.726999999999997,7.9139999999999997,35.970999999999997,0.71899999999999997,0.71899999999999997
EVANGELOS,27,0,100,0,0,0,0
EVANS,30,3.3330000000000002,56.667000000000002,40,0,0,0
EVE,164,3.6589999999999998,92.072999999999993,0.61,3.6589999999999998,0,0
EVELIA,46,97.825999999999993,2.1739999999999999,0,0,0,0
EVELINA,34,32.353000000000002,61.765000000000001,0,5.8819999999999997,0,0
EVELYN,1379,13.706,66.497,11.313000000000001,7.8319999999999999,0.218,0.435
EVERARDO,58,96.552000000000007,3.448,0,0,0,0
EVERETT,296,0.67600000000000005,86.823999999999998,9.7970000000000006,2.3650000000000002,0,0.33800000000000002
EVETTE,32,18.75,43.75,37.5,0,0,0
EVONNE,49,0,79.591999999999999,18.367000000000001,2.0409999999999999,0,0
EWA,100,1,98,0,1,0,0
EYAL,21,0,100,0,0,0,0
EZEQUIEL,72,95.832999999999998,4.1669999999999998,0,0,0,0
EZRA,54,0,77.778000000000006,16.667000000000002,5.556,0,0
FABIAN,113,66.372,23.009,7.08,3.54,0,0
FABIO,56,32.143000000000001,66.070999999999998,1.786,0,0,0
FABIOLA,85,81.176000000000002,16.471,2.3530000000000002,0,0,0
FADI,45,0,88.888999999999996,0,11.111000000000001,0,0
FAE,15,0,100,0,0,0,0
FAISAL,47,2.1280000000000001,44.680999999999997,0,51.064,2.1280000000000001,0
FAITH,384,1.823,88.021000000000001,5.99,3.3849999999999998,0.52100000000000002,0.26
FAN,54,0,3.7040000000000002,0,96.296000000000006,0,0
FANG,56,0,0,0,100,0,0
FANNIE,60,1.667,25,66.667000000000002,6.6669999999999998,0,0
FANNY,70,41.429000000000002,21.428999999999998,0,37.143000000000001,0,0
FARAH,57,3.5089999999999999,57.895000000000003,10.526,28.07,0,0
FARHAD,64,0,76.563000000000002,0,23.437999999999999,0,0
FARIBORZ,17,0,100,0,0,0,0
FARID,56,1.786,73.213999999999999,1.786,21.428999999999998,1.786,0
FARIDA,33,3.03,39.393999999999998,3.03,51.515000000000001,3.03,0
FARRAH,45,2.222,68.888999999999996,15.555999999999999,13.333,0,0
FATIMA,142,21.126999999999999,48.591999999999999,7.0419999999999998,21.126999999999999,1.4079999999999999,0.70399999999999996
FAUSTINO,65,84.614999999999995,10.769,1.538,3.077,0,0
FAUSTO,62,83.870999999999995,16.129000000000001,0,0,0,0
FAWN,31,3.226,96.774000000000001,0,0,0,0
FAY,146,0,80.822000000000003,7.5339999999999998,10.959,0,0.68500000000000005
FAYE,329,0.91200000000000003,81.459000000000003,10.638,6.6870000000000003,0.30399999999999999,0
FE,56,23.213999999999999,12.5,0,64.286000000000001,0,0
FEDERICO,156,75,15.385,0.64100000000000001,8.3330000000000002,0,0.64100000000000001
FEI,46,0,2.1739999999999999,0,97.825999999999993,0,0
FELECIA,47,2.1280000000000001,31.914999999999999,65.956999999999994,0,0,0
FELICE,58,3.448,87.930999999999997,8.6210000000000004,0,0,0
FELICIA,448,7.5890000000000004,56.027000000000001,33.259,2.4550000000000001,0.44600000000000001,0.223
FELICIANO,48,62.5,20.832999999999998,0,16.667000000000002,0,0
FELICITAS,42,66.667000000000002,11.904999999999999,2.3809999999999998,19.047999999999998,0,0
FELIPE,413,90.557000000000002,3.6320000000000001,0.72599999999999998,4.5999999999999996,0.48399999999999999,0
FELIX,504,55.951999999999998,27.579000000000001,6.944,9.1270000000000007,0.39700000000000002,0
FEN,18,0,0,0,100,0,0
FENG,134,1.4930000000000001,0.746,0,97.760999999999996,0,0
FERDINAND,101,17.821999999999999,38.613999999999997,3.96,39.603999999999999,0,0
FERMIN,67,88.06,4.4779999999999998,0,7.4630000000000001,0,0
FERN,72,0,90.278000000000006,6.944,1.389,1.389,0
FERNANDA,47,25.532,70.212999999999994,4.2549999999999999,0,0,0
FERNANDO,983,78.637,14.852,0.61,5.7990000000000004,0.10199999999999999,0
FIDEL,177,90.394999999999996,4.5199999999999996,1.1299999999999999,3.39,0.56499999999999995,0
FIDENCIO,30,90,6.6669999999999998,0,3.3330000000000002,0,0
FILIBERTO,52,92.308000000000007,7.6920000000000002,0,0,0,0
FILOMENA,56,17.856999999999999,58.929000000000002,0,23.213999999999999,0,0
FIONA,107,0.93500000000000005,86.915999999999997,2.8039999999999998,9.3460000000000001,0,0
FLAVIA,33,33.332999999999998,54.545000000000002,6.0609999999999999,6.0609999999999999,0,0
FLAVIO,51,86.275000000000006,13.725,0,0,0,0
FLETCHER,30,0,80,20,0,0,0
FLOR,88,82.954999999999998,12.5,0,4.5449999999999999,0,0
FLORA,181,24.309000000000001,46.960999999999999,11.05,17.68,0,0
FLORENCE,505,1.98,75.248000000000005,13.861000000000001,8.5150000000000006,0.39600000000000002,0
FLORENCIO,53,71.697999999999993,9.4339999999999993,0,18.867999999999999,0,0
FLORENTINO,62,80.644999999999996,4.8390000000000004,0,14.516,0,0
FLORIAN,41,4.8780000000000001,92.683000000000007,0,2.4390000000000001,0,0
FLORIN,31,3.226,96.774000000000001,0,0,0,0
FLOYD,501,0.998,82.834000000000003,12.974,2.5950000000000002,0.2,0.39900000000000002
FONDA,35,0,88.570999999999998,11.429,0,0,0
FORD,16,0,100,0,0,0,0
FOREST,58,0,91.379000000000005,5.1719999999999997,3.448,0,0
FORREST,256,0.39100000000000001,95.313000000000002,3.125,1.1719999999999999,0,0
FRAN,90,0,96.667000000000002,1.111,1.111,0,1.111
FRANCES,2026,6.96,83.81,5.726,2.9620000000000002,0.247,0.29599999999999999
FRANCESCA,142,4.2249999999999996,92.254000000000005,2.8170000000000002,0.70399999999999996,0,0
FRANCESCO,121,2.4790000000000001,97.521000000000001,0,0,0,0
FRANCINE,409,2.9340000000000002,86.308000000000007,8.8019999999999996,1.222,0.24399999999999999,0.48899999999999999
FRANCIS,2114,2.2709999999999999,88.269000000000005,3.0750000000000002,6.1970000000000001,9.5000000000000001E-2,9.5000000000000001E-2
FRANCISCA,198,82.828000000000003,7.5759999999999996,4.04,5.556,0,0
FRANCISCO,1884,87.897999999999996,8.6519999999999992,0.159,3.2909999999999999,0,0
FRANCO,89,17.978000000000002,75.281000000000006,3.371,3.371,0,0
FRANCOIS,61,1.639,78.688999999999993,14.754,4.9180000000000001,0,0
FRANK,6611,7.0030000000000001,86.855000000000004,2.9039999999999999,2.859,0.28699999999999998,9.0999999999999998E-2
FRANKIE,179,10.615,67.597999999999999,15.641999999999999,5.5869999999999997,0.55900000000000005,0
FRANKLIN,723,8.99,74.826999999999998,9.1289999999999996,6.6390000000000002,0.13800000000000001,0.27700000000000002
FRANKLYN,35,17.143000000000001,68.570999999999998,11.429,2.8570000000000002,0,0
FRANZ,38,13.157999999999999,81.578999999999994,0,5.2629999999999999,0,0
FRED,1773,3.8919999999999999,87.873999999999995,4.7380000000000004,3.0459999999999998,0.16900000000000001,0.28199999999999997
FREDA,102,1.9610000000000001,81.373000000000005,14.706,1.9610000000000001,0,0
FREDDIE,214,12.617000000000001,44.393000000000001,36.448999999999998,5.6070000000000002,0,0.93500000000000005
FREDDY,123,62.601999999999997,26.829000000000001,6.5039999999999996,4.0650000000000004,0,0
FREDERIC,201,2.488,91.542000000000002,2.9849999999999999,2.9849999999999999,0,0
FREDERICK,2397,0.91800000000000004,89.486999999999995,6.6749999999999998,2.67,8.3000000000000004E-2,0.16700000000000001
FREDRIC,104,0,98.076999999999998,1.923,0,0,0
FREDRICK,281,1.0680000000000001,82.918000000000006,14.234999999999999,0.71199999999999997,1.0680000000000001,0
FREDY,59,84.745999999999995,8.4749999999999996,0,6.78,0,0
FRIEDA,49,2.0409999999999999,81.632999999999996,6.1219999999999999,10.204000000000001,0,0
FRIEDRICH,18,0,100,0,0,0,0
FRITZ,51,1.9610000000000001,76.471000000000004,17.646999999999998,3.9220000000000002,0,0
FU,33,3.03,0,0,96.97,0,0
GABINO,37,97.296999999999997,2.7029999999999998,0,0,0,0
GABRIEL,1051,49.286000000000001,45.956000000000003,2.1880000000000002,2.2839999999999998,0,0.28499999999999998
GABRIELA,294,62.585000000000001,36.395000000000003,0.34,0,0.34,0.34
GABRIELE,65,4.6150000000000002,95.385000000000005,0,0,0,0
GABRIELLA,71,12.676,85.915000000000006,0,0,0,1.4079999999999999
GABRIELLE,199,2.5129999999999999,89.95,5.5279999999999996,0.503,0.503,1.0049999999999999
GAETANO,63,0,98.412999999999997,0,1.587,0,0
GAIL,2620,0.57299999999999995,93.472999999999999,4.16,1.641,0,0.153
GALE,325,1.2310000000000001,89.537999999999997,6.4619999999999997,2.4620000000000002,0.308,0
GALEN,145,1.379,93.793000000000006,1.379,3.448,0,0
GALINA,131,0,98.472999999999999,0,1.5269999999999999,0,0
GANESH,65,1.538,20,0,78.462000000000003,0,0
GANG,76,0,1.3160000000000001,0,98.683999999999997,0,0
GAREN,18,0,100,0,0,0,0
GARETH,49,2.0409999999999999,87.754999999999995,2.0409999999999999,6.1219999999999999,0,2.0409999999999999
GARLAND,97,1.0309999999999999,83.504999999999995,15.464,0,0,0
GARNET,35,2.8570000000000002,80,17.143000000000001,0,0,0
GARRET,72,0,88.888999999999996,1.389,9.7219999999999995,0,0
GARRETT,476,1.2609999999999999,92.436999999999998,2.3109999999999999,3.782,0.21,0
GARRICK,39,0,79.486999999999995,7.6920000000000002,10.256,2.5640000000000001,0
GARRISON,20,0,100,0,0,0,0
GARRY,425,0.94099999999999995,92.471000000000004,4,2.5880000000000001,0,0
GARTH,152,0,90.789000000000001,7.2370000000000001,1.3160000000000001,0,0.65800000000000003
GARY,12141,0.79900000000000004,95.396000000000001,1.68,1.903,9.0999999999999998E-2,0.13200000000000001
GASPAR,31,77.418999999999997,16.129000000000001,0,6.452,0,0
GAURAV,49,0,18.367000000000001,0,79.591999999999999,2.0409999999999999,0
GAUTAM,38,5.2629999999999999,15.789,0,76.316000000000003,2.6320000000000001,0
GAVIN,204,1.9610000000000001,90.686000000000007,1.9610000000000001,4.9020000000000001,0.49,0
GAY,166,0,94.578000000000003,2.41,2.41,0,0.60199999999999998
GAYE,74,2.7029999999999998,94.594999999999999,2.7029999999999998,0,0,0
GAYLA,118,1.6950000000000001,94.067999999999998,3.39,0,0.84699999999999998,0
GAYLE,916,1.0920000000000001,94.76,2.62,1.31,0,0.218
GAYLEN,21,0,100,0,0,0,0
GAYLENE,41,0,100,0,0,0,0
GAYLORD,39,0,94.872,2.5640000000000001,0,0,2.5640000000000001
GE,19,0,0,0,100,0,0
GEETA,65,0,29.231000000000002,1.538,67.691999999999993,0,1.538
GEETHA,37,0,16.216000000000001,2.7029999999999998,81.081000000000003,0,0
GEMMA,57,8.7720000000000002,54.386000000000003,1.754,35.088000000000001,0,0
GENA,127,3.15,90.551000000000002,3.9369999999999998,2.3620000000000001,0,0
GENARO,86,90.697999999999993,3.488,0,5.8140000000000001,0,0
GENE,868,1.2669999999999999,89.861999999999995,4.3780000000000001,4.1470000000000002,0.115,0.23
GENEVA,140,2.8570000000000002,67.143000000000001,27.143000000000001,1.429,0.71399999999999997,0.71399999999999997
GENEVIEVE,301,8.3059999999999992,81.727999999999994,3.6539999999999999,5.3159999999999998,0.997,0
GENNADY,31,0,100,0,0,0,0
GENNARO,44,2.2730000000000001,97.727000000000004,0,0,0,0
GENOVEVA,51,72.549000000000007,15.686,0,11.765000000000001,0,0
GEOFF,90,1.111,97.778000000000006,0,1.111,0,0
GEOFFREY,1066,0.93799999999999994,95.778999999999996,0.84399999999999997,2.3450000000000002,0,9.4E-2
GEORG,19,0,100,0,0,0,0
GEORGE,9261,4.7080000000000002,86.944999999999993,4.891,3.0880000000000001,0.19400000000000001,0.17299999999999999
GEORGENE,37,2.7029999999999998,94.594999999999999,2.7029999999999998,0,0,0
GEORGETTE,95,2.105,82.105000000000004,13.683999999999999,2.105,0,0
GEORGI,18,0,100,0,0,0,0
GEORGIA,563,3.1970000000000001,86.322999999999993,9.2360000000000007,0.88800000000000001,0.35499999999999998,0
GEORGIANA,41,4.8780000000000001,87.805000000000007,4.8780000000000001,2.4390000000000001,0,0
GEORGIANNA,37,5.4050000000000002,89.188999999999993,0,0,2.7029999999999998,2.7029999999999998
GEORGINA,178,41.573,48.875999999999998,6.742,2.2469999999999999,0.56200000000000006,0
GERALD,4331,1.2470000000000001,93.373000000000005,3.6709999999999998,1.4079999999999999,0.16200000000000001,0.13900000000000001
GERALDINE,973,5.6529999999999996,78.108999999999995,12.847,3.1859999999999999,0.10299999999999999,0.10299999999999999
GERALYN,82,1.22,93.902000000000001,1.22,0,0,3.6589999999999998
GERARD,852,2.347,91.314999999999998,3.7559999999999998,2.23,0,0.35199999999999998
GERARDO,603,86.234999999999999,8.4580000000000002,0,5.3070000000000004,0,0
GERD,19,0,100,0,0,0,0
GERHARD,72,1.389,98.611000000000004,0,0,0,0
GERI,137,0.73,97.08,2.19,0,0,0
GERMAINE,52,7.6920000000000002,75,15.385,1.923,0,0
GERMAN,154,81.817999999999998,15.584,0.64900000000000002,1.948,0,0
GERONIMO,45,75.555999999999997,6.6669999999999998,0,15.555999999999999,2.222,0
GERRI,66,1.5149999999999999,95.454999999999998,3.03,0,0,0
GERRIE,15,0,100,0,0,0,0
GERRY,191,4.7119999999999997,85.864000000000004,5.2359999999999998,4.1879999999999997,0,0
GERTRUDE,168,2.3809999999999998,72.619,22.619,1.786,0,0.59499999999999997
GHASSAN,48,0,89.582999999999998,0,10.417,0,0
GHEORGHE,36,0,100,0,0,0,0
GIA,43,4.6509999999999998,69.766999999999996,11.628,13.952999999999999,0,0
GIANCARLO,31,22.581,77.418999999999997,0,0,0,0
GIANG,41,0,0,0,100,0,0
GIAO,17,0,0,0,100,0,0
GIDEON,42,2.3809999999999998,83.332999999999998,4.7619999999999996,9.5239999999999991,0,0
GIGI,55,7.2729999999999997,74.545000000000002,3.6360000000000001,14.545,0,0
GIL,113,23.893999999999998,53.981999999999999,0,22.123999999999999,0,0
GILBERT,777,32.947000000000003,56.756999999999998,4.633,5.1479999999999997,0.38600000000000001,0.129
GILBERTO,295,91.864000000000004,7.4580000000000002,0.33900000000000002,0.33900000000000002,0,0
GILDA,101,31.683,52.475000000000001,10.891,4.95,0,0
GILDARDO,34,91.176000000000002,8.8239999999999998,0,0,0,0
GILES,41,2.4390000000000001,95.122,0,2.4390000000000001,0,0
GILLES,26,0,100,0,0,0,0
GILLIAN,151,1.325,88.742000000000004,7.9470000000000001,1.9870000000000001,0,0
GINA,2124,3.8140000000000001,90.301000000000002,2.5419999999999998,3.202,9.4E-2,4.7E-2
GINETTE,31,0,64.516000000000005,32.258000000000003,3.226,0,0
GINGER,478,0.628,94.77,2.0920000000000001,1.6739999999999999,0.628,0.20899999999999999
GINNY,52,1.923,96.153999999999996,0,0,0,1.923
GINO,108,8.3330000000000002,87.037000000000006,0,4.63,0,0
GIOVANNA,61,14.754,80.328000000000003,1.639,1.639,1.639,0
GIOVANNI,183,22.404,69.399000000000001,2.7320000000000002,4.9180000000000001,0.54600000000000004,0
GIRISH,50,0,8,0,90,2,0
GISELA,80,35,63.75,0,1.25,0,0
GISELE,46,8.6959999999999997,71.739000000000004,17.390999999999998,2.1739999999999999,0,0
GISELLE,53,32.075000000000003,56.603999999999999,9.4339999999999993,1.887,0,0
GITA,40,0,37.5,0,62.5,0,0
GIULIO,21,0,100,0,0,0,0
GIUSEPPE,170,4.1180000000000003,94.117999999999995,0.58799999999999997,0.58799999999999997,0.58799999999999997,0
GIUSEPPINA,25,0,100,0,0,0,0
GLADYS,446,34.081000000000003,41.704000000000001,18.834,5.3810000000000002,0,0
GLEN,1283,0.70099999999999996,94.153999999999996,1.325,3.7410000000000001,0,7.8E-2
GLENDA,799,6.008,81.477000000000004,9.5120000000000005,2.5030000000000001,0.375,0.125
GLENN,2798,0.71499999999999997,91.994,3.0739999999999998,3.7530000000000001,0.17899999999999999,0.28599999999999998
GLENNA,126,0.79400000000000004,93.650999999999996,3.1749999999999998,1.587,0,0.79400000000000004
GLENNON,19,0,100,0,0,0,0
GLORIA,2752,26.925999999999998,55.341999999999999,12.5,4.76,0.218,0.254
GLORY,30,0,83.332999999999998,13.333,3.3330000000000002,0,0
GLYNN,38,0,86.841999999999999,10.526,2.6320000000000001,0,0
GONZALO,208,92.787999999999997,6.25,0,0.96199999999999997,0,0
GOPAL,48,0,12.5,0,87.5,0,0
GORAN,41,0,100,0,0,0,0
GORDANA,26,0,100,0,0,0,0
GORDON,1379,0.435,92.965999999999994,1.6679999999999999,4.423,0.36299999999999999,0.14499999999999999
GRACE,1136,6.6020000000000003,64.965000000000003,6.3380000000000001,21.919,0.17599999999999999,0
GRACIE,48,18.75,41.667000000000002,35.417000000000002,2.0830000000000002,2.0830000000000002,0
GRACIELA,256,85.546999999999997,14.063000000000001,0.39100000000000001,0,0,0
GRADY,125,2.4,87.2,10.4,0,0,0
GRAEME,55,0,100,0,0,0,0
GRAHAM,272,0,97.426000000000002,1.8380000000000001,0.36799999999999999,0.36799999999999999,0
GRAIG,22,0,100,0,0,0,0
GRANT,744,0.26900000000000002,96.102000000000004,0.80600000000000005,2.823,0,0
GRAYDON,19,0,100,0,0,0,0
GRAYSON,26,0,100,0,0,0,0
GRAZYNA,46,2.1739999999999999,95.652000000000001,2.1739999999999999,0,0,0
GREG,1551,1.3540000000000001,94.906999999999996,1.4830000000000001,2.0630000000000002,6.4000000000000001E-2,0.129
GREGG,819,0.36599999999999999,97.558000000000007,0.85499999999999998,1.2210000000000001,0,0
GREGGORY,40,0,87.5,10,2.5,0,0
GREGORIA,33,69.697000000000003,15.151999999999999,3.03,12.121,0,0
GREGORIO,159,76.73,8.8049999999999997,0.629,13.836,0,0
GREGORY,10488,1.0680000000000001,93.965000000000003,3.871,0.89600000000000002,8.5999999999999993E-2,0.114
GRETA,184,1.087,82.608999999999995,11.957000000000001,3.8039999999999998,0,0.54300000000000004
GRETCHEN,793,0.75700000000000001,96.974000000000004,1.5129999999999999,0.378,0.126,0.252
GRICELDA,37,91.891999999999996,8.1080000000000005,0,0,0,0
GRIGOR,28,0,100,0,0,0,0
GRIGORIY,19,0,100,0,0,0,0
GRISELDA,114,86.841999999999999,7.8949999999999996,1.754,3.5089999999999999,0,0
GROVER,61,3.2789999999999999,80.328000000000003,16.393000000000001,0,0,0
GRZEGORZ,69,0,100,0,0,0,0
GUADALUPE,674,94.807000000000002,4.7480000000000002,0,0.44500000000000001,0,0
GUAN,17,0,0,0,100,0,0
GUANG,41,0,4.8780000000000001,0,95.122,0,0
GUDRUN,17,0,100,0,0,0,0
GUIDO,61,18.033000000000001,81.966999999999999,0,0,0,0
GUILLERMINA,116,93.102999999999994,6.8970000000000002,0,0,0,0
GUILLERMO,542,90.959000000000003,6.2729999999999997,0,2.5830000000000002,0,0.185
GUNNAR,27,0,100,0,0,0,0
GUNTHER,19,0,100,0,0,0,0
GUO,73,1.37,0,0,98.63,0,0
GURPREET,50,0,26,0,68,6,0
GUS,110,13.635999999999999,80.909000000000006,3.6360000000000001,1.8180000000000001,0,0
GUSTAV,15,0,100,0,0,0,0
GUSTAVO,482,90.248999999999995,9.1289999999999996,0.20699999999999999,0.41499999999999998,0,0
GUY,884,1.018,93.438999999999993,2.8279999999999998,2.262,0,0.45200000000000001
GWEN,376,1.0640000000000001,92.287000000000006,3.1909999999999998,2.9260000000000002,0.26600000000000001,0.26600000000000001
GWENDOLYN,622,1.125,54.18,43.087000000000003,1.125,0,0.48199999999999998
GWYN,31,0,96.774000000000001,0,3.226,0,0
GWYNETH,15,0,100,0,0,0,0
HA,99,0,6.0609999999999999,0,91.918999999999997,0,2.02
HABIB,40,0,70,7.5,20,0,2.5
HAE,50,0,2,0,98,0,0
HAI,215,0.46500000000000002,1.395,0,98.14,0,0
HAILEY,41,0,87.805000000000007,0,12.195,0,0
HAIM,19,0,100,0,0,0,0
HAKOP,17,0,100,0,0,0,0
HAL,165,0.60599999999999998,95.757999999999996,1.212,2.4239999999999999,0,0
HALEY,138,0.72499999999999998,96.376999999999995,1.4490000000000001,1.4490000000000001,0,0
HALINA,60,0,100,0,0,0,0
HALLIE,68,0,97.058999999999997,2.9409999999999998,0,0,0
HAMID,131,0,74.808999999999997,1.5269999999999999,23.664000000000001,0,0
HAMILTON,31,9.6769999999999996,64.516000000000005,9.6769999999999996,16.129000000000001,0,0
HAN,90,0,6.6669999999999998,0,93.332999999999998,0,0
HANA,34,2.9409999999999998,73.528999999999996,2.9409999999999998,20.588000000000001,0,0
HANAN,33,0,90.909000000000006,0,9.0909999999999993,0,0
HANG,85,1.1759999999999999,3.5289999999999999,0,95.293999999999997,0,0
HANH,83,0,0,0,100,0,0
HANI,33,0,81.817999999999998,0,18.181999999999999,0,0
HANK,42,0,78.570999999999998,0,21.428999999999998,0,0
HANNA,100,2,67,8,23,0,0
HANNAH,394,1.2689999999999999,81.725999999999999,3.5529999999999999,12.944000000000001,0.254,0.254
HANNELORE,28,0,100,0,0,0,0
HANS,307,2.2799999999999998,92.834000000000003,0.65100000000000002,3.5830000000000002,0.32600000000000001,0.32600000000000001
HANY,43,0,88.372,0,11.628,0,0
HAO,148,0.67600000000000005,0,0,99.323999999999998,0,0
HARALD,35,8.5709999999999997,88.570999999999998,0,2.8570000000000002,0,0
HARI,49,0,26.530999999999999,0,69.388000000000005,2.0409999999999999,2.0409999999999999
HARINDER,36,5.556,19.443999999999999,2.778,69.444000000000003,2.778,0
HARISH,50,0,16,0,82,0,2
HARJINDER,50,0,20,0,80,0,0
HARLAN,125,0.8,94.4,2.4,0.8,1.6,0
HARLEY,123,1.6259999999999999,93.495999999999995,3.2519999999999998,1.6259999999999999,0,0
HARMONY,31,0,87.096999999999994,0,6.452,3.226,3.226
HAROLD,2340,2.222,88.846000000000004,6.9660000000000002,1.538,0.29899999999999999,0.128
HARPREET,63,0,23.81,0,74.602999999999994,1.587,0
HARRIET,289,0.69199999999999995,83.736999999999995,11.419,3.806,0,0.34599999999999997
HARRIETT,69,1.4490000000000001,82.608999999999995,15.942,0,0,0
HARRIS,94,3.1909999999999998,79.787000000000006,2.1280000000000001,12.766,1.0640000000000001,1.0640000000000001
HARRISON,86,2.3260000000000001,67.441999999999993,19.766999999999999,9.3019999999999996,1.163,0
HARRY,1839,1.849,88.308999999999997,4.84,4.5679999999999996,0.27200000000000002,0.16300000000000001
HARVEY,605,2.149,85.454999999999998,8.9260000000000002,3.14,0,0.33100000000000002
HASAN,45,2.222,71.111000000000004,2.222,22.222000000000001,2.222,0
HASMIK,21,0,100,0,0,0,0
HASSAN,111,3.6040000000000001,66.667000000000002,9.91,18.018000000000001,0,1.802
HATTIE,65,1.538,35.384999999999998,60,1.538,1.538,0
HAU,34,2.9409999999999998,0,0,94.117999999999995,0,2.9409999999999998
HAYDEE,49,81.632999999999996,12.244999999999999,0,6.1219999999999999,0,0
HAYDEN,30,3.3330000000000002,83.332999999999998,10,3.3330000000000002,0,0
HAYLEY,84,0,96.429000000000002,1.19,1.19,1.19,0
HAZEL,283,1.7669999999999999,67.491,20.847999999999999,7.774,0.35299999999999998,1.7669999999999999
HEATH,240,0,97.5,1.25,0.41699999999999998,0.41699999999999998,0.41699999999999998
HEATHER,5801,0.89600000000000002,97.397000000000006,0.89600000000000002,0.51700000000000002,0.13800000000000001,0.155
HECTOR,1110,92.703000000000003,5.4950000000000001,0.45,1.351,0,0
HEDY,31,6.452,77.418999999999997,3.226,12.903,0,0
HEE,54,1.8520000000000001,3.7040000000000002,0,92.593000000000004,0,1.8520000000000001
HEIDE,44,2.2730000000000001,95.454999999999998,0,0,0,2.2730000000000001
HEIDI,2183,0.87,97.16,0.36599999999999999,1.466,0.13700000000000001,0
HEIKE,35,0,97.143000000000001,2.8570000000000002,0,0,0
HEINZ,47,4.2549999999999999,91.489000000000004,2.1280000000000001,2.1280000000000001,0,0
HELEN,2750,3.3090000000000002,79.344999999999999,6.8,10.036,0.14499999999999999,0.36399999999999999
HELENA,221,6.335,75.113,5.8819999999999997,11.765000000000001,0.90500000000000003,0
HELENE,279,1.075,94.265000000000001,2.1509999999999998,2.5089999999999999,0,0
HELGA,85,3.5289999999999999,96.471000000000004,0,0,0,0
HELMUT,32,0,100,0,0,0,0
HEMA,32,0,15.625,0,81.25,3.125,0
HEMANT,41,0,24.39,2.4390000000000001,68.293000000000006,2.4390000000000001,2.4390000000000001
HENDRIK,20,0,100,0,0,0,0
HENG,40,2.5,2.5,0,95,0,0
HENRI,45,4.444,71.111000000000004,13.333,11.111000000000001,0,0
HENRIETTA,97,12.371,58.762999999999998,26.803999999999998,2.0619999999999998,0,0
HENRIK,37,0,94.594999999999999,2.7029999999999998,2.7029999999999998,0,0
HENRY,2758,10.116,66.424999999999997,9.1010000000000009,14.068,7.2999999999999995E-2,0.218
HENRYK,28,0,100,0,0,0,0
HERB,34,0,91.176000000000002,8.8239999999999998,0,0,0
HERBERT,929,3.2290000000000001,82.131,11.302,2.6909999999999998,0.53800000000000003,0.108
HERIBERTO,142,91.549000000000007,7.7460000000000004,0,0.70399999999999996,0,0
HERLINDA,49,85.713999999999999,12.244999999999999,2.0409999999999999,0,0,0
HERMAN,410,10,56.097999999999999,23.170999999999999,10.731999999999999,0,0
HERMELINDA,40,80,10,2.5,7.5,0,0
HERMINIA,55,63.636000000000003,9.0909999999999993,0,25.454999999999998,0,1.8180000000000001
HERMINIO,35,54.286000000000001,14.286,0,31.428999999999998,0,0
HERNAN,70,85.713999999999999,14.286,0,0,0,0
HERVE,30,3.3330000000000002,83.332999999999998,10,3.3330000000000002,0,0
HETAL,34,0,11.765000000000001,0,88.234999999999999,0,0
HIEN,115,0,1.7390000000000001,0,98.260999999999996,0,0
HIEP,62,1.613,1.613,0,96.774000000000001,0,0
HIEU,77,1.2989999999999999,2.597,0,96.103999999999999,0,0
HILARIO,64,85.938000000000002,1.5629999999999999,0,12.5,0,0
HILARY,280,0,98.213999999999999,0.35699999999999998,0.71399999999999997,0.35699999999999998,0.35699999999999998
HILDA,380,53.158000000000001,40,3.9470000000000001,2.3679999999999999,0,0.52600000000000002
HILLARY,198,1.01,96.97,0.505,1.01,0.505,0
HIMANSHU,30,0,13.333,0,86.667000000000002,0,0
HINA,38,0,15.789,0,81.578999999999994,2.6320000000000001,0
HING,18,0,0,0,100,0,0
HIPOLITO,48,89.582999999999998,4.1669999999999998,0,6.25,0,0
HIRAM,62,41.935000000000002,46.774000000000001,4.8390000000000004,6.452,0,0
HIROKO,30,0,13.333,0,86.667000000000002,0,0
HISHAM,30,3.3330000000000002,83.332999999999998,0,13.333,0,0
HITESH,33,0,18.181999999999999,0,81.817999999999998,0,0
HO,78,0,0,0,98.718000000000004,0,1.282
HOA,171,0.58499999999999996,0.58499999999999996,0,98.83,0,0
HOAI,19,0,0,0,100,0,0
HOAN,31,0,9.6769999999999996,0,90.322999999999993,0,0
HOANG,153,0.65400000000000003,1.3069999999999999,0,98.039000000000001,0,0
HOI,29,0,0,0,100,0,0
HOLLEY,33,0,100,0,0,0,0
HOLLI,76,0,98.683999999999997,1.3160000000000001,0,0,0
HOLLIE,127,0,96.063000000000002,3.9369999999999998,0,0,0
HOLLIS,75,2.6669999999999998,84,12,1.333,0,0
HOLLY,2368,0.59099999999999997,97.382000000000005,0.50700000000000001,1.3939999999999999,4.2000000000000003E-2,8.4000000000000005E-2
HOMER,126,7.1429999999999998,79.364999999999995,7.9370000000000003,5.556,0,0
HOMERO,31,93.548000000000002,3.226,3.226,0,0,0
HONG,398,0.503,1.508,0,97.739000000000004,0,0.251
HOPE,296,5.7430000000000003,83.445999999999998,9.7970000000000006,1.014,0,0
HORACE,155,1.29,54.194000000000003,41.935000000000002,1.9350000000000001,0,0.64500000000000002
HORACIO,87,87.355999999999995,10.345000000000001,1.149,1.149,0,0
HORST,23,0,100,0,0,0,0
HORTENCIA,66,93.938999999999993,6.0609999999999999,0,0,0,0
HOSSEIN,52,0,90.385000000000005,0,7.6920000000000002,1.923,0
HOUSTON,35,2.8570000000000002,77.143000000000001,20,0,0,0
HOWARD,2259,0.57499999999999996,89.153999999999996,5.7549999999999999,4.3380000000000001,8.8999999999999996E-2,8.8999999999999996E-2
HOYT,37,2.7029999999999998,91.891999999999996,2.7029999999999998,2.7029999999999998,0,0
HSIU,19,0,0,0,100,0,0
HUA,101,0,0,0,100,0,0
HUAN,75,0,1.333,1.333,97.332999999999998,0,0
HUBERT,191,1.571,74.869,14.66,8.3770000000000007,0.52400000000000002,0
HUE,54,0,3.7040000000000002,0,96.296000000000006,0,0
HUEY,37,0,29.73,18.919,51.350999999999999,0,0
HUGH,596,0.16800000000000001,92.953000000000003,4.6980000000000004,1.8460000000000001,0,0.33600000000000002
HUGO,376,81.382999999999996,17.021000000000001,0,1.5960000000000001,0,0
HUI,181,0.55200000000000005,0.55200000000000005,0,98.894999999999996,0,0
HUMBERTO,313,92.971000000000004,5.431,0.95799999999999996,0.63900000000000001,0,0
HUN,15,0,0,0,100,0,0
HUNG,419,0.47699999999999998,0.71599999999999997,0.23899999999999999,98.090999999999994,0,0.47699999999999998
HUNTER,120,1.667,98.332999999999998,0,0,0,0
HUONG,125,0.8,0.8,0,98.4,0,0
HUSSEIN,49,0,69.388000000000005,14.286,16.327000000000002,0,0
HUY,110,0,0.90900000000000003,0,99.090999999999994,0,0
HUYEN,34,0,0,0,100,0,0
HWA,30,0,0,0,100,0,0
HYE,53,0,11.321,0,88.679000000000002,0,0
HYO,34,0,2.9409999999999998,0,97.058999999999997,0,0
HYUN,119,0.84,2.5209999999999999,0,95.798000000000002,0.84,0
HYUNG,39,0,5.1280000000000001,0,94.872,0,0
IAIN,47,0,100,0,0,0,0
IAN,1156,0.77900000000000003,93.165999999999997,2.855,2.855,0,0.34599999999999997
IBRAHIM,83,1.2050000000000001,65.06,13.253,19.277000000000001,1.2050000000000001,0
IDA,273,13.186999999999999,64.102999999999994,15.018000000000001,6.593,0.73299999999999998,0.36599999999999999
IDALIA,32,78.125,18.75,0,3.125,0,0
IGNACIO,332,90.06,7.2290000000000001,0,2.7109999999999999,0,0
IGOR,291,2.0619999999999998,96.906999999999996,0,1.0309999999999999,0,0
IHOR,19,0,100,0,0,0,0
ILA,80,0,85,0,12.5,1.25,1.25
ILAN,36,0,100,0,0,0,0
ILANA,53,1.887,96.225999999999999,0,1.887,0,0
ILEANA,69,63.768000000000001,36.231999999999999,0,0,0,0
ILENE,157,1.274,95.540999999999997,1.274,1.274,0,0.63700000000000001
ILIANA,45,80,20,0,0,0,0
ILIAS,15,0,100,0,0,0,0
ILONA,74,4.0540000000000003,93.242999999999995,2.7029999999999998,0,0,0
ILYA,67,1.4930000000000001,98.507000000000005,0,0,0,0
IMAD,38,0,76.316000000000003,0,23.684000000000001,0,0
IMELDA,181,49.723999999999997,16.021999999999998,2.21,31.492000000000001,0.55200000000000005,0
IMOGENE,38,5.2629999999999999,71.052999999999997,21.053000000000001,2.6320000000000001,0,0
IMRAN,54,0,37.036999999999999,3.7040000000000002,59.259,0,0
IN,70,0,2.8570000000000002,0,97.143000000000001,0,0
INA,105,1.905,80,13.333,4.7619999999999996,0,0
INDERJIT,43,0,18.605,0,76.744,4.6509999999999998,0
INDIA,30,6.6669999999999998,53.332999999999998,40,0,0,0
INDIRA,53,9.4339999999999993,26.414999999999999,3.774,54.716999999999999,5.66,0
INES,83,57.831000000000003,33.734999999999999,3.6139999999999999,4.819,0,0
INEZ,100,19,46,30,4,0,1
INGA,47,0,89.361999999999995,4.2549999999999999,2.1280000000000001,2.1280000000000001,2.1280000000000001
INGE,49,0,93.878,2.0409999999999999,4.0819999999999999,0,0
INGEBORG,47,2.1280000000000001,97.872,0,0,0,0
INGRID,391,13.042999999999999,73.656999999999996,8.9510000000000005,3.581,0,0.76700000000000002
INNA,102,0,99.02,0,0.98,0,0
IOAN,60,0,100,0,0,0,0
IOANA,24,0,100,0,0,0,0
IOANNIS,33,3.03,96.97,0,0,0,0
IQBAL,35,0,28.571000000000002,0,68.570999999999998,2.8570000000000002,0
IRA,341,0.88,88.27,9.6769999999999996,0.88,0.29299999999999998,0
IRENA,73,1.37,97.26,0,1.37,0,0
IRENE,1365,16.850000000000001,71.135999999999996,3.81,7.9850000000000003,7.2999999999999995E-2,0.14699999999999999
IRINA,312,2.2440000000000002,95.832999999999998,0,1.923,0,0
IRIS,369,27.370999999999999,53.387999999999998,10.569000000000001,7.5880000000000001,0.54200000000000004,0.54200000000000004
IRMA,601,73.709999999999994,20.3,3.827,2.1629999999999998,0,0
IRVIN,111,4.5049999999999999,71.171000000000006,22.523,1.802,0,0
IRVING,112,16.963999999999999,66.070999999999998,12.5,2.6789999999999998,1.786,0
IRWIN,103,0,84.465999999999994,3.883,11.65,0,0
IRYNA,38,0,100,0,0,0,0
ISAAC,438,25.114000000000001,52.283000000000001,16.21,5.7080000000000002,0.45700000000000002,0.22800000000000001
ISABEL,431,60.557000000000002,33.875,0.69599999999999995,4.6399999999999997,0.23200000000000001,0
ISABELLA,66,10.606,74.242000000000004,3.03,10.606,1.5149999999999999,0
ISABELLE,91,3.2970000000000002,87.912000000000006,4.3959999999999999,4.3959999999999999,0,0
ISAIAH,55,9.0909999999999993,40,49.091000000000001,1.8180000000000001,0,0
ISAIAS,67,92.537000000000006,4.4779999999999998,1.4930000000000001,1.4930000000000001,0,0
ISELA,37,91.891999999999996,5.4050000000000002,0,2.7029999999999998,0,0
ISIDRO,156,89.744,5.7690000000000001,0,4.4870000000000001,0,0
ISMAEL,299,88.293999999999997,8.0269999999999992,0,3.6789999999999998,0,0
ISMAIL,39,0,58.973999999999997,17.949000000000002,23.077000000000002,0,0
ISRAEL,283,72.438000000000002,22.968,2.827,1.413,0.35299999999999998,0
ISSA,30,0,83.332999999999998,0,13.333,3.3330000000000002,0
ISSAC,31,35.484000000000002,38.71,22.581,0,3.226,0
IVA,53,1.887,94.34,3.774,0,0,0
IVAN,714,28.151,60.363999999999997,4.9020000000000001,6.5830000000000002,0,0
IVANA,34,2.9409999999999998,79.412000000000006,5.8819999999999997,11.765000000000001,0,0
IVETTE,66,57.576000000000001,37.878999999999998,3.03,1.5149999999999999,0,0
IVONNE,60,55,40,1.667,1.667,0,1.667
IVORY,30,0,13.333,83.332999999999998,3.3330000000000002,0,0
IVY,154,6.4939999999999998,50.649000000000001,14.935,26.623000000000001,0,1.2989999999999999
IWONA,44,2.2730000000000001,97.727000000000004,0,0,0,0
JACALYN,75,0,93.332999999999998,6.6669999999999998,0,0,0
JACE,35,0,97.143000000000001,0,2.8570000000000002,0,0
JACEK,71,1.4079999999999999,97.183000000000007,0,0,1.4079999999999999,0
JACINTA,32,31.25,18.75,34.375,15.625,0,0
JACINTO,38,63.158000000000001,15.789,0,21.053000000000001,0,0
JACK,3253,1.0449999999999999,93.298000000000002,0.98399999999999999,4.2110000000000003,0.215,0.246
JACKI,44,2.2730000000000001,97.727000000000004,0,0,0,0
JACKIE,830,1.9279999999999999,87.710999999999999,4.819,4.5780000000000003,0.48199999999999998,0.48199999999999998
JACKLYN,93,3.226,87.096999999999994,4.3010000000000002,4.3010000000000002,0,1.075
JACKSON,156,3.2050000000000001,66.025999999999996,11.538,19.231000000000002,0,0
JACKY,38,0,52.631999999999998,2.6320000000000001,44.737000000000002,0,0
JACLYN,352,1.1359999999999999,95.739000000000004,0.85199999999999998,1.7050000000000001,0.56799999999999995,0
JACOB,1962,3.0070000000000001,91.844999999999999,1.631,3.2109999999999999,0.153,0.153
JACQUE,59,3.39,91.525000000000006,5.085,0,0,0
JACQUELIN,44,9.0909999999999993,79.545000000000002,9.0909999999999993,0,2.2730000000000001,0
JACQUELINE,3709,5.6349999999999998,80.317999999999998,11.863,1.833,0.13500000000000001,0.216
JACQUELYN,695,2.0139999999999998,86.331000000000003,10.791,0.71899999999999997,0.14399999999999999,0
JACQUELYNN,37,2.7029999999999998,94.594999999999999,0,2.7029999999999998,0,0
JACQUES,149,4.0270000000000001,72.483000000000004,21.477,2.0129999999999999,0,0
JACY,15,0,100,0,0,0,0
JADA,30,0,76.667000000000002,23.332999999999998,0,0,0
JADE,93,2.1509999999999998,78.495000000000005,4.3010000000000002,15.054,0,0
JADWIGA,38,0,100,0,0,0,0
JAE,165,0,11.515000000000001,0.60599999999999998,87.879000000000005,0,0
JAGDISH,41,0,26.829000000000001,0,73.171000000000006,0,0
JAI,44,0,34.091000000000001,2.2730000000000001,63.636000000000003,0,0
JAIME,1561,49.326999999999998,44.970999999999997,0.44800000000000001,4.9329999999999998,0.128,0.192
JAIMEE,32,3.125,84.375,3.125,9.375,0,0
JAIMIE,77,3.8959999999999999,90.909000000000006,3.8959999999999999,1.2989999999999999,0,0
JAIRO,64,96.875,3.125,0,0,0,0
JAKE,179,2.7930000000000001,88.826999999999998,2.7930000000000001,5.5869999999999997,0,0
JAMAL,97,3.093,49.484999999999999,27.835000000000001,18.556999999999999,0,1.0309999999999999
JAMEE,27,0,100,0,0,0,0
JAMES,45722,1,94.016000000000005,3.2789999999999999,1.472,0.11600000000000001,0.11799999999999999
JAMEY,80,1.25,97.5,0,1.25,0,0
JAMI,217,0.46100000000000002,97.695999999999998,1.3819999999999999,0.46100000000000002,0,0
JAMIE,2982,2.012,94.466999999999999,1.5760000000000001,1.643,0.16800000000000001,0.13400000000000001
JAMIL,36,2.778,55.555999999999997,19.443999999999999,22.222000000000001,0,0
JAMILA,42,0,35.713999999999999,52.381,11.904999999999999,0,0
JAMISON,62,1.613,96.774000000000001,0,1.613,0,0
JAN,1337,0.374,97.007999999999996,0.59799999999999998,1.7949999999999999,7.4999999999999997E-2,0.15
JANA,666,1.6519999999999999,96.096000000000004,1.351,0.15,0.60099999999999998,0.15
JANAE,46,2.1739999999999999,93.477999999999994,2.1739999999999999,2.1739999999999999,0,0
JANE,3863,0.88,93.968000000000004,0.98399999999999999,3.7789999999999999,0.18099999999999999,0.20699999999999999
JANEEN,91,2.198,89.010999999999996,7.6920000000000002,1.099,0,0
JANEL,140,2.1429999999999998,91.429000000000002,5,1.429,0,0
JANELL,150,2,90,7.3330000000000002,0.66700000000000004,0,0
JANELLE,461,2.3860000000000001,91.974000000000004,3.6880000000000002,1.7350000000000001,0.217,0
JANENE,57,0,94.736999999999995,1.754,1.754,1.754,0
JANET,6368,2.0409999999999999,93.153000000000006,2.5750000000000002,1.9630000000000001,0.126,0.14099999999999999
JANETTE,323,9.5980000000000008,83.281999999999996,3.0960000000000001,4.0250000000000004,0,0
JANEY,32,0,93.75,3.125,3.125,0,0
JANI,16,0,100,0,0,0,0
JANICE,4085,1.077,90.844999999999999,6.0220000000000002,1.714,0.17100000000000001,0.17100000000000001
JANIE,289,8.9969999999999999,74.394000000000005,10.727,4.8440000000000003,1.038,0
JANINA,65,6.1539999999999999,89.230999999999995,0,4.6150000000000002,0,0
JANINE,548,0.91200000000000003,94.343000000000004,3.2850000000000001,1.2769999999999999,0,0.182
JANIS,631,0.63400000000000001,93.661000000000001,2.8530000000000002,2.694,0,0.158
JANN,43,0,90.697999999999993,4.6509999999999998,4.6509999999999998,0,0
JANNA,196,0.51,95.408000000000001,1.02,1.02,0.51,1.5309999999999999
JANNETTE,36,27.777999999999999,61.110999999999997,8.3330000000000002,2.778,0,0
JANUSZ,53,0,100,0,0,0,0
JAQUELINE,49,24.49,67.346999999999994,6.1219999999999999,2.0409999999999999,0,0
JARED,1200,1.167,96.25,1.083,0.66700000000000004,0.25,0.58299999999999996
JARETT,16,0,100,0,0,0,0
JAROD,52,0,100,0,0,0,0
JAROSLAW,56,0,100,0,0,0,0
JARRED,49,0,93.878,6.1219999999999999,0,0,0
JARRETT,97,2.0619999999999998,85.566999999999993,12.371,0,0,0
JARROD,194,1.0309999999999999,94.844999999999999,2.0619999999999998,1.546,0.51500000000000001,0
JARVIS,43,0,46.512,51.162999999999997,2.3260000000000001,0,0
JASBIR,36,2.778,13.888999999999999,0,77.778000000000006,5.556,0
JASEN,35,2.8570000000000002,94.286000000000001,0,2.8570000000000002,0,0
JASMIN,70,15.714,55.713999999999999,5.7140000000000004,22.856999999999999,0,0
JASMINE,148,10.811,44.594999999999999,22.297000000000001,21.622,0,0.67600000000000005
JASON,11815,1.667,93.542000000000002,1.5740000000000001,2.8610000000000002,0.161,0.19500000000000001
JASPER,58,1.724,68.965999999999994,22.414000000000001,6.8970000000000002,0,0
JASWINDER,61,0,13.115,1.639,78.688999999999993,6.5570000000000004,0
JATINDER,40,0,27.5,0,70,2.5,0
JAVIER,1001,94.504999999999995,4.8949999999999996,0,0.5,0.1,0
JAY,2625,1.41,91.962000000000003,0.83799999999999997,5.2190000000000003,0.26700000000000002,0.30499999999999999
JAYANT,32,0,28.125,0,65.625,3.125,3.125
JAYE,39,0,92.308000000000007,5.1280000000000001,2.5640000000000001,0,0
JAYESH,44,0,9.0909999999999993,0,84.090999999999994,4.5449999999999999,2.2730000000000001
JAYME,128,2.3439999999999999,96.093999999999994,1.5629999999999999,0,0,0
JAYNE,423,1.1819999999999999,95.507999999999996,0.47299999999999998,2.1280000000000001,0,0.70899999999999996
JAYSON,178,2.8090000000000002,85.393000000000001,1.6850000000000001,9.5510000000000002,0.56200000000000006,0
JEAN,3687,1.492,87.361000000000004,7.5670000000000002,3.2280000000000002,0.16300000000000001,0.19
JEANA,62,3.226,93.548000000000002,0,3.226,0,0
JEANETTE,1151,5.9080000000000004,83.406000000000006,8.6880000000000006,1.651,0.26100000000000001,8.6999999999999994E-2
JEANIE,142,2.113,92.254000000000005,1.4079999999999999,3.5209999999999999,0,0.70399999999999996
JEANINE,371,0.27,93.531000000000006,5.391,0.53900000000000003,0,0.27
JEANMARIE,61,0,95.081999999999994,3.2789999999999999,1.639,0,0
JEANNA,88,2.2730000000000001,94.317999999999998,2.2730000000000001,1.1359999999999999,0,0
JEANNE,1938,0.56799999999999995,96.388000000000005,0.98,1.909,0.155,0
JEANNETTE,427,9.3680000000000003,84.075000000000003,4.45,1.8740000000000001,0.23400000000000001,0
JEANNIE,393,4.58,82.951999999999998,1.272,10.941000000000001,0,0.254
JEANNINE,302,0,97.350999999999999,1.9870000000000001,0.66200000000000003,0,0
JEB,24,0,100,0,0,0,0
JED,124,0,100,0,0,0,0
JEDIDIAH,34,0,94.117999999999995,2.9409999999999998,2.9409999999999998,0,0
JEE,16,0,0,0,100,0,0
JEFF,1924,0.88400000000000001,95.218000000000004,0.57199999999999995,3.0670000000000002,0.156,0.104
JEFFEREY,38,0,89.474000000000004,5.2629999999999999,5.2629999999999999,0,0
JEFFERSON,164,1.829,82.316999999999993,5.4880000000000004,9.7560000000000002,0,0.61
JEFFERY,1981,0.60599999999999998,94.346000000000004,3.5840000000000001,1.212,0.20200000000000001,0.05
JEFFREY,18401,0.69,96.739000000000004,1.022,1.3149999999999999,0.109,0.125
JEFFRY,239,0.83699999999999997,94.978999999999999,0,2.5099999999999998,1.2549999999999999,0.41799999999999998
JELENA,28,0,100,0,0,0,0
JENA,77,1.2989999999999999,89.61,5.1950000000000003,3.8959999999999999,0,0
JENELL,31,3.226,74.194000000000003,22.581,0,0,0
JENELLE,52,5.7690000000000001,84.614999999999995,9.6150000000000002,0,0,0
JENIFER,274,1.095,97.08,1.46,0,0.36499999999999999,0
JENINE,40,0,97.5,2.5,0,0,0
JENNA,360,1.944,95.832999999999998,0.83299999999999996,1.389,0,0
JENNI,47,8.5109999999999992,87.233999999999995,0,4.2549999999999999,0,0
JENNIE,433,6.6970000000000001,79.908000000000001,2.54,9.9309999999999992,0.46200000000000002,0.46200000000000002
JENNIFER,19356,1.9430000000000001,94.436000000000007,1.1990000000000001,2.2160000000000002,7.1999999999999995E-2,0.13400000000000001
JENNINE,16,0,100,0,0,0,0
JENNY,1020,7.2549999999999999,69.215999999999994,0.68600000000000005,22.548999999999999,0,0.29399999999999998
JENS,59,0,100,0,0,0,0
JEONG,53,0,0,0,100,0,0
JERAD,31,0,96.774000000000001,3.226,0,0,0
JERALD,287,0.69699999999999995,95.819000000000003,2.7869999999999999,0.34799999999999998,0,0.34799999999999998
JERE,59,0,98.305000000000007,0,1.6950000000000001,0,0
JEREMIAH,496,1.8149999999999999,92.338999999999999,4.032,1.411,0,0.40300000000000002
JEREMY,3584,1.4510000000000001,96.596000000000004,1.1160000000000001,0.64200000000000002,8.4000000000000005E-2,0.112
JERI,321,1.869,94.703999999999994,1.5580000000000001,1.5580000000000001,0.312,0
JERILYN,65,0,100,0,0,0,0
JERMAINE,69,4.3479999999999999,5.7969999999999997,88.406000000000006,1.4490000000000001,0,0
JEROD,43,4.6509999999999998,95.349000000000004,0,0,0,0
JEROLD,85,1.1759999999999999,97.647000000000006,0,1.1759999999999999,0,0
JEROME,1220,1.5569999999999999,82.295000000000002,12.541,3.2789999999999999,8.2000000000000003E-2,0.246
JEROMY,26,0,100,0,0,0,0
JERRE,18,0,100,0,0,0,0
JERRI,137,0.73,89.781000000000006,7.2990000000000004,2.19,0,0
JERRIE,32,3.125,93.75,0,3.125,0,0
JERROD,61,0,93.442999999999998,6.5570000000000004,0,0,0
JERROLD,113,0,98.23,0.88500000000000001,0.88500000000000001,0,0
JERRY,4262,2.44,89.465000000000003,4.5049999999999999,3.3319999999999999,0.16400000000000001,9.4E-2
JERZY,76,0,100,0,0,0,0
JESS,184,10.326000000000001,85.325999999999993,0.54300000000000004,3.8039999999999998,0,0
JESSE,1975,12.202999999999999,79.088999999999999,6.1769999999999996,2.2280000000000002,0.152,0.152
JESSICA,5451,7.375,88.900999999999996,1.413,1.9810000000000001,0.11,0.22
JESSIE,445,9.6630000000000003,61.798000000000002,17.079000000000001,11.010999999999999,0.22500000000000001,0.22500000000000001
JESSY,38,13.157999999999999,31.579000000000001,0,55.262999999999998,0,0
JESUS,1870,93.155000000000001,3.9039999999999999,0,2.7810000000000001,0.16,0
JEWEL,100,1,67,27,3,1,1
JEWELL,67,0,80.596999999999994,19.402999999999999,0,0,0
JI,71,0,2.8170000000000002,0,97.183000000000007,0,0
JIA,78,0,2.5640000000000001,0,97.436000000000007,0,0
JIAN,267,0,0.375,0,99.625,0,0
JIANGUO,15,0,0,0,100,0,0
JIANHUA,16,0,0,0,100,0,0
JIANWEI,15,0,0,0,100,0,0
JIE,154,0,2.597,0,97.403000000000006,0,0
JIGNESH,39,0,15.385,0,84.614999999999995,0,0
JILL,4229,0.52,98.156000000000006,0.54400000000000004,0.59099999999999997,9.5000000000000001E-2,9.5000000000000001E-2
JILLIAN,324,1.2350000000000001,95.679000000000002,1.5429999999999999,1.5429999999999999,0,0
JIM,814,4.0540000000000003,82.31,1.843,11.548,0.246,0
JIMMIE,406,2.2170000000000001,78.817999999999998,17.488,1.232,0,0.246
JIMMY,1352,8.2100000000000009,67.456000000000003,6.8789999999999996,16.79,0.51800000000000002,0.14799999999999999
JIN,275,0.72699999999999998,4,0,95.272999999999996,0,0
JING,198,1.01,3.03,0,95.96,0,0
JITENDRA,40,0,12.5,0,87.5,0,0
JO,486,1.44,93.826999999999998,2.6749999999999998,1.44,0.41199999999999998,0.20599999999999999
JOAN,4057,0.88700000000000001,94.405000000000001,3.2040000000000002,1.232,9.9000000000000005E-2,0.17299999999999999
JOANI,15,0,100,0,0,0,0
JOANIE,56,0,96.429000000000002,0,3.5710000000000002,0,0
JOANN,1852,2.9159999999999999,89.849000000000004,4.6980000000000004,1.998,0.216,0.32400000000000001
JOANNA,981,5.4029999999999996,86.85,1.835,5.7080000000000002,0.10199999999999999,0.10199999999999999
JOANNE,2914,1.9219999999999999,92.861999999999995,1.784,3.3290000000000002,0,0.10299999999999999
JOAO,112,20.536000000000001,70.536000000000001,7.1429999999999998,1.786,0,0
JOAQUIM,33,9.0909999999999993,87.879000000000005,0,3.03,0,0
JOAQUIN,218,85.320999999999998,9.1739999999999995,0.45900000000000002,4.1280000000000001,0.91700000000000004,0
JOCELYN,349,3.4380000000000002,62.750999999999998,10.888,22.35,0,0.57299999999999995
JODEE,31,0,96.774000000000001,0,3.226,0,0
JODELL,17,0,100,0,0,0,0
JODI,1314,0.76100000000000001,97.108000000000004,0.30399999999999999,1.522,0.152,0.152
JODIE,358,0.27900000000000003,96.927000000000007,0.83799999999999997,1.9550000000000001,0,0
JODY,1055,0.85299999999999998,97.441000000000003,0.66400000000000003,0.66400000000000003,0.28399999999999997,9.5000000000000001E-2
JOE,1804,18.57,69.013000000000005,6.8739999999999997,5.1550000000000002,0.222,0.16600000000000001
JOEL,2947,11.435,84.459000000000003,1.9339999999999999,2.0019999999999998,0.10199999999999999,6.8000000000000005E-2
JOELLE,120,1.667,91.667000000000002,6.6669999999999998,0,0,0
JOELLEN,115,0,99.13,0.87,0,0,0
JOERG,23,0,100,0,0,0,0
JOETTA,31,9.6769999999999996,80.644999999999996,6.452,3.226,0,0
JOETTE,22,0,100,0,0,0,0
JOEY,295,8.1359999999999992,77.626999999999995,2.3730000000000002,11.864000000000001,0,0
JOHAN,61,8.1969999999999992,85.245999999999995,0,6.5570000000000004,0,0
JOHANN,46,6.5220000000000002,78.260999999999996,6.5220000000000002,8.6959999999999997,0,0
JOHANNA,364,9.0660000000000007,83.790999999999997,2.4729999999999999,4.1210000000000004,0.27500000000000002,0.27500000000000002
JOHANNES,93,1.075,91.397999999999996,0,7.5270000000000001,0,0
JOHN,51696,1.7290000000000001,94.384,1.7290000000000001,1.9319999999999999,0.124,0.10100000000000001
JOHNA,18,0,100,0,0,0,0
JOHNATHAN,182,3.2970000000000002,81.867999999999995,9.3409999999999993,5.4950000000000001,0,0
JOHNATHON,46,2.1739999999999999,91.304000000000002,0,6.5220000000000002,0,0
JOHNIE,38,0,68.421000000000006,26.315999999999999,5.2629999999999999,0,0
JOHNNA,72,0,95.832999999999998,4.1669999999999998,0,0,0
JOHNNIE,304,3.2890000000000001,59.210999999999999,36.183999999999997,0.32900000000000001,0.65800000000000003,0.32900000000000001
JOHNNY,1088,13.051,60.386000000000003,13.603,12.224,0.55100000000000005,0.184
JOHNPAUL,15,0,100,0,0,0,0
JOHNSON,78,1.282,19.231000000000002,12.821,66.667000000000002,0,0
JOI,32,3.125,71.875,25,0,0,0
JOLANTA,66,0,98.484999999999999,0,1.5149999999999999,0,0
JOLEEN,55,0,98.182000000000002,1.8180000000000001,0,0,0
JOLENE,283,2.12,93.992999999999995,1.413,2.12,0.35299999999999998,0
JOLIE,69,1.4490000000000001,89.855000000000004,4.3479999999999999,4.3479999999999999,0,0
JOLINE,15,0,100,0,0,0,0
JOLYN,24,0,100,0,0,0,0
JOLYNN,59,1.6950000000000001,98.305000000000007,0,0,0,0
JON,2888,1.004,96.156999999999996,0.72699999999999998,1.9039999999999999,0.13900000000000001,6.9000000000000006E-2
JONAH,57,1.754,94.736999999999995,0,3.5089999999999999,0,0
JONAS,98,4.0819999999999999,78.570999999999998,9.1839999999999993,8.1630000000000003,0,0
JONATHAN,6381,2.492,91.834999999999994,1.9119999999999999,3.51,7.8E-2,0.17199999999999999
JONATHON,255,2.3530000000000002,95.686000000000007,0.78400000000000003,1.1759999999999999,0,0
JONELLE,32,3.125,96.875,0,0,0,0
JONG,110,0,0.90900000000000003,0.90900000000000003,98.182000000000002,0,0
JONI,381,1.05,94.225999999999999,2.1,2.625,0,0
JONNA,63,1.587,93.650999999999996,1.587,3.1749999999999998,0,0
JOO,37,0,0,0,100,0,0
JOON,47,0,2.1280000000000001,0,95.745000000000005,0,2.1280000000000001
JORDAN,708,1.2709999999999999,96.751000000000005,0.70599999999999996,0.98899999999999999,0.14099999999999999,0.14099999999999999
JORGE,1955,90.025999999999996,8.6959999999999997,0.153,1.125,0,0
JORY,23,0,100,0,0,0,0
JOSE,8642,89.828999999999994,7.2439999999999998,0.28899999999999998,2.5339999999999998,8.1000000000000003E-2,2.3E-2
JOSEF,100,0,96,1,3,0,0
JOSEFA,40,70,15,0,15,0,0
JOSEFINA,285,74.385999999999996,8.7720000000000002,0.35099999999999998,16.14,0,0.35099999999999998
JOSELITO,50,30,8,0,62,0,0
JOSEPH,22172,2.9359999999999999,92.138999999999996,2.5529999999999999,2.12,0.14399999999999999,0.108
JOSEPHINE,875,11.429,69.486000000000004,8.6859999999999999,9.8290000000000006,0.45700000000000002,0.114
JOSETTE,46,4.3479999999999999,56.521999999999998,34.783000000000001,4.3479999999999999,0,0
JOSH,400,1.5,96.75,1,0.5,0.25,0
JOSHUA,5283,2.0630000000000002,95.721999999999994,0.90900000000000003,1.0980000000000001,0.13300000000000001,7.5999999999999998E-2
JOSIAH,72,2.778,83.332999999999998,9.7219999999999995,2.778,1.389,0
JOSIE,117,23.077000000000002,57.265000000000001,12.821,5.9829999999999997,0,0.85499999999999998
JOSLYN,30,0,86.667000000000002,10,3.3330000000000002,0,0
JOSUE,102,88.234999999999999,3.9220000000000002,4.9020000000000001,2.9409999999999998,0,0
JOVITA,50,60,16,4,20,0,0
JOY,1362,1.3220000000000001,86.563999999999993,6.2409999999999997,5.7270000000000003,0,0.14699999999999999
JOYCE,3388,0.97399999999999998,85.596000000000004,9.5340000000000007,3.6890000000000001,0.17699999999999999,0.03
JOYCELYN,36,5.556,52.777999999999999,30.556000000000001,5.556,5.556,0
JOZEF,81,2.4689999999999999,97.531000000000006,0,0,0,0
JUAN,4019,93.406000000000006,4.5279999999999996,0.52300000000000002,1.518,2.5000000000000001E-2,0
JUANA,382,86.387,10.733000000000001,1.571,1.3089999999999999,0,0
JUANITA,646,21.827000000000002,54.954000000000001,19.658999999999999,2.4769999999999999,0.31,0.77400000000000002
JUANITO,31,19.355,3.226,0,77.418999999999997,0,0
JUDAH,22,0,100,0,0,0,0
JUDD,65,1.538,98.462000000000003,0,0,0,0
JUDE,90,7.7779999999999996,73.332999999999998,12.222,6.6669999999999998,0,0
JUDI,135,0,98.519000000000005,0.74099999999999999,0.74099999999999999,0,0
JUDIE,41,2.4390000000000001,82.927000000000007,9.7560000000000002,4.8780000000000001,0,0
JUDITH,5763,2.6030000000000002,94.76,1.544,0.746,0.17399999999999999,0.17399999999999999
JUDSON,78,1.282,97.436000000000007,1.282,0,0,0
JUDY,3320,1.867,90.572000000000003,2.6509999999999998,4.6989999999999998,0.09,0.12
JUERGEN,32,0,100,0,0,0,0
JULEE,46,2.1739999999999999,97.825999999999993,0,0,0,0
JULENE,32,0,90.625,9.375,0,0,0
JULES,56,0,89.286000000000001,5.3570000000000002,5.3570000000000002,0,0
JULI,114,0.877,95.614000000000004,1.754,0.877,0.877,0
JULIA,2317,8.5020000000000007,84.980999999999995,3.28,2.8050000000000002,0.25900000000000001,0.17299999999999999
JULIAN,481,32.847999999999999,53.222000000000001,8.1080000000000005,5.4050000000000002,0,0.41599999999999998
JULIANA,209,14.353999999999999,70.334999999999994,3.8279999999999998,11.483000000000001,0,0
JULIANE,42,4.7619999999999996,95.238,0,0,0,0
JULIANN,81,3.7040000000000002,93.826999999999998,1.2350000000000001,1.2350000000000001,0,0
JULIANNA,87,1.149,96.552000000000007,1.149,1.149,0,0
JULIANNE,325,0.308,96,0.61499999999999999,2.7690000000000001,0.308,0
JULIE,8753,1.462,95.087000000000003,0.4,2.8220000000000001,0.114,0.114
JULIEANN,38,2.6320000000000001,92.105000000000004,5.2629999999999999,0,0,0
JULIEN,33,0,84.847999999999999,9.0909999999999993,6.0609999999999999,0,0
JULIET,201,4.9749999999999996,69.652000000000001,11.94,12.935,0.498,0
JULIETA,70,54.286000000000001,10,1.429,32.856999999999999,0,1.429
JULIETTE,95,6.3159999999999998,76.841999999999999,13.683999999999999,3.1579999999999999,0,0
JULIO,742,90.027000000000001,7.2779999999999996,0.53900000000000003,2.0219999999999998,0.13500000000000001,0
JULISSA,32,81.25,18.75,0,0,0,0
JULIUS,219,6.8490000000000002,53.881,27.396999999999998,10.959,0.45700000000000002,0.45700000000000002
JUN,262,1.145,1.5269999999999999,0,96.564999999999998,0,0.76300000000000001
JUNE,897,1.3380000000000001,84.058000000000007,6.2430000000000003,8.1379999999999999,0.111,0.111
JUNG,181,0,1.657,0,98.343000000000004,0,0
JUNIOR,49,22.449000000000002,38.776000000000003,34.694000000000003,4.0819999999999999,0,0
JUSTIN,4083,1.3959999999999999,94.685000000000002,1.3959999999999999,2.2040000000000002,0.26900000000000002,4.9000000000000002E-2
JUSTINA,57,21.053000000000001,57.895000000000003,10.526,8.7720000000000002,1.754,0
JUSTINE,208,0.96199999999999997,86.058000000000007,6.7309999999999999,5.7690000000000001,0.48099999999999998,0
JUSTO,44,95.454999999999998,2.2730000000000001,2.2730000000000001,0,0,0
JUTTA,32,3.125,93.75,0,3.125,0,0
JUVENAL,39,97.436000000000007,0,0,2.5640000000000001,0,0
JUVENTINO,34,94.117999999999995,5.8819999999999997,0,0,0,0
JYOTI,76,1.3160000000000001,13.157999999999999,0,85.525999999999996,0,0
KA,44,0,0,0,100,0,0
KACEY,45,0,95.555999999999997,2.222,2.222,0,0
KACIE,44,0,97.727000000000004,0,2.2730000000000001,0,0
KACY,35,0,88.570999999999998,5.7140000000000004,5.7140000000000004,0,0
KAI,138,0,34.058,2.1739999999999999,62.319000000000003,0,1.4490000000000001
KAITLIN,58,0,96.552000000000007,0,3.448,0,0
KAITLYN,40,0,95,0,5,0,0
KALA,33,3.03,78.787999999999997,6.0609999999999999,12.121,0,0
KALE,16,0,100,0,0,0,0
KALEN,16,0,100,0,0,0,0
KALPANA,52,0,23.077000000000002,1.923,73.076999999999998,1.923,0
KAM,76,0,23.684000000000001,2.6320000000000001,73.683999999999997,0,0
KAMAL,126,0,46.031999999999996,4.7619999999999996,47.619,1.587,0
KAMALJIT,35,0,20,0,77.143000000000001,2.8570000000000002,0
KAMBIZ,35,0,85.713999999999999,0,14.286,0,0
KAMI,67,1.4930000000000001,97.015000000000001,1.4930000000000001,0,0,0
KAMLESH,51,0,13.725,0,84.313999999999993,1.9610000000000001,0
KAMRAN,60,1.667,71.667000000000002,0,23.332999999999998,1.667,1.667
KANDACE,45,0,88.888999999999996,11.111000000000001,0,0,0
KANDI,44,0,90.909000000000006,6.8179999999999996,2.2730000000000001,0,0
KANDICE,39,0,92.308000000000007,5.1280000000000001,2.5640000000000001,0,0
KANDIS,33,6.0609999999999999,78.787999999999997,15.151999999999999,0,0,0
KANDY,34,2.9409999999999998,97.058999999999997,0,0,0,0
KANG,48,0,2.0830000000000002,0,97.917000000000002,0,0
KAO,24,0,0,0,100,0,0
KARA,838,0.71599999999999997,96.539000000000001,1.3129999999999999,1.1930000000000001,0.11899999999999999,0.11899999999999999
KARALEE,17,0,100,0,0,0,0
KARAN,53,0,73.584999999999994,3.774,22.641999999999999,0,0
KAREN,14904,1.167,94.706000000000003,2.456,1.516,7.3999999999999996E-2,8.1000000000000003E-2
KAREY,33,6.0609999999999999,90.909000000000006,0,3.03,0,0
KARI,836,0.59799999999999998,98.085999999999999,0.59799999999999998,0.59799999999999998,0.12,0
KARIE,71,0,95.775000000000006,2.8170000000000002,1.4079999999999999,0,0
KARIM,74,2.7029999999999998,62.161999999999999,12.162000000000001,21.622,0,1.351
KARIN,702,1.8520000000000001,96.581000000000003,0.42699999999999999,0.997,0.14199999999999999,0
KARINA,206,54.853999999999999,41.262,1.9419999999999999,1.456,0,0.48499999999999999
KARINE,35,2.8570000000000002,94.286000000000001,2.8570000000000002,0,0,0
KARISSA,50,4,84,8,4,0,0
KARL,1421,0.70399999999999996,93.736999999999995,2.8149999999999999,2.6040000000000001,7.0000000000000007E-2,7.0000000000000007E-2
KARLA,860,14.535,80.233000000000004,4.3019999999999996,0.58099999999999996,0,0.34899999999999998
KARLEEN,33,0,87.879000000000005,9.0909999999999993,3.03,0,0
KARLENE,49,0,89.796000000000006,8.1630000000000003,2.0409999999999999,0,0
KARLI,22,0,100,0,0,0,0
KARMA,31,0,87.096999999999994,3.226,9.6769999999999996,0,0
KARMEN,33,3.03,90.909000000000006,6.0609999999999999,0,0,0
KAROL,125,2.4,90.4,4,1.6,0.8,0.8
KAROLYN,56,0,96.429000000000002,3.5710000000000002,0,0,0
KARON,70,1.429,88.570999999999998,8.5709999999999997,1.429,0,0
KARRI,59,1.6950000000000001,98.305000000000007,0,0,0,0
KARRIE,113,0,98.23,0,0.88500000000000001,0,0.88500000000000001
KARRY,16,0,100,0,0,0,0
KARTHIK,30,0,20,0,80,0,0
KARY,37,2.7029999999999998,83.784000000000006,13.513999999999999,0,0,0
KARYN,301,0.33200000000000002,95.349000000000004,1.661,2.6579999999999999,0,0
KASEY,164,0.61,94.512,1.22,3.0489999999999999,0.61,0
KASSANDRA,31,3.226,87.096999999999994,9.6769999999999996,0,0,0
KATARINA,18,0,100,0,0,0,0
KATARZYNA,106,0,100,0,0,0,0
KATE,422,0.71099999999999997,93.364999999999995,2.8439999999999999,3.081,0,0
KATELYN,63,0,90.475999999999999,0,9.5239999999999991,0,0
KATERINA,35,2.8570000000000002,94.286000000000001,0,0,0,2.8570000000000002
KATHARINE,370,0.27,97.027000000000001,0.81100000000000005,1.351,0,0.54100000000000004
KATHE,25,0,100,0,0,0,0
KATHERIN,20,0,100,0,0,0,0
KATHERINE,4802,1.833,94.251999999999995,1.5620000000000001,2.1869999999999998,8.3000000000000004E-2,8.3000000000000004E-2
KATHERYN,94,2.1280000000000001,94.680999999999997,1.0640000000000001,1.0640000000000001,1.0640000000000001,0
KATHI,162,0,98.147999999999996,0.61699999999999999,0.61699999999999999,0.61699999999999999,0
KATHIE,206,2.427,91.262,0.97099999999999997,5.34,0,0
KATHLEEN,10868,0.77300000000000002,97.653999999999996,0.51500000000000001,0.83699999999999997,9.1999999999999998E-2,0.129
KATHLYN,46,2.1739999999999999,91.304000000000002,4.3479999999999999,2.1739999999999999,0,0
KATHRIN,16,0,100,0,0,0,0
KATHRINE,67,2.9849999999999999,91.045000000000002,5.97,0,0,0
KATHRYN,4720,0.97499999999999998,97.224999999999994,1.0169999999999999,0.63600000000000001,4.2000000000000003E-2,0.106
KATHRYNE,35,0,97.143000000000001,2.8570000000000002,0,0,0
KATHY,3523,1.7310000000000001,93.016999999999996,2.1859999999999999,2.81,0.14199999999999999,0.114
KATI,34,0,97.058999999999997,0,2.9409999999999998,0,0
KATIE,1110,0.54100000000000004,94.504999999999995,2.2519999999999998,2.5230000000000001,0,0.18
KATINA,73,0,68.492999999999995,31.507000000000001,0,0,0
KATRIN,30,0,100,0,0,0,0
KATRINA,636,2.044,81.918000000000006,13.522,1.5720000000000001,0.157,0.78600000000000003
KATY,143,3.4969999999999999,89.51,0.69899999999999995,6.2939999999999996,0,0
KAUSHIK,35,2.8570000000000002,17.143000000000001,0,77.143000000000001,2.8570000000000002,0
KAVITA,54,0,22.222000000000001,0,77.778000000000006,0,0
KAVITHA,34,0,17.646999999999998,0,79.412000000000006,2.9409999999999998,0
KAY,994,1.006,91.850999999999999,3.1190000000000002,3.823,0.10100000000000001,0.10100000000000001
KAYCE,21,0,100,0,0,0,0
KAYE,149,0.67100000000000004,93.96,4.0270000000000001,1.3420000000000001,0,0
KAYLA,252,1.587,92.856999999999999,1.984,3.5710000000000002,0,0
KAYLEE,24,0,100,0,0,0,0
KAYLEEN,17,0,100,0,0,0,0
KAYLYN,18,0,100,0,0,0,0
KAZIMIERZ,34,0,100,0,0,0,0
KE,37,0,0,0,100,0,0
KEE,15,0,0,0,100,0,0
KEEGAN,27,0,100,0,0,0,0
KEELY,76,0,96.052999999999997,2.6320000000000001,0,1.3160000000000001,0
KEENAN,31,0,64.516000000000005,29.032,6.452,0,0
KEIKO,41,0,29.268000000000001,4.8780000000000001,60.975999999999999,0,4.8780000000000001
KEISHA,80,2.5,25,72.5,0,0,0
KEITH,5495,0.63700000000000001,92.956999999999994,4.5309999999999997,1.601,9.0999999999999998E-2,0.182
KELI,44,0,90.909000000000006,4.5449999999999999,2.2730000000000001,0,2.2730000000000001
KELLE,39,0,100,0,0,0,0
KELLEE,46,0,86.956999999999994,10.87,2.1739999999999999,0,0
KELLEEN,15,0,100,0,0,0,0
KELLEY,670,0.14899999999999999,97.91,1.0449999999999999,0.59699999999999998,0.29899999999999999,0
KELLI,880,0.45500000000000002,95.795000000000002,2.7269999999999999,0.56799999999999995,0.22700000000000001,0.22700000000000001
KELLIE,518,0.77200000000000002,95.945999999999998,1.544,0.96499999999999997,0.38600000000000001,0.38600000000000001
KELLY,7218,0.70699999999999996,96.813999999999993,0.70699999999999996,1.538,0.13900000000000001,9.7000000000000003E-2
KELSEY,149,0.67100000000000004,96.644000000000005,1.3420000000000001,0.67100000000000004,0,0.67100000000000004
KELVIN,232,5.1719999999999997,28.448,40.517000000000003,25.431000000000001,0.43099999999999999,0
KEN,590,0.84699999999999998,71.694999999999993,1.3560000000000001,26.102,0,0
KENDAL,31,3.226,87.096999999999994,9.6769999999999996,0,0,0
KENDALL,251,0.79700000000000004,91.234999999999999,6.375,1.5940000000000001,0,0
KENDRA,470,0.42599999999999999,91.063999999999993,7.234,0.63800000000000001,0.21299999999999999,0.42599999999999999
KENDRICK,35,0,54.286000000000001,37.143000000000001,8.5709999999999997,0,0
KENIA,30,73.332999999999998,16.667000000000002,10,0,0,0
KENNA,33,0,93.938999999999993,6.0609999999999999,0,0,0
KENNETH,12501,1.0640000000000001,92.305000000000007,4.2240000000000002,2.1680000000000001,8.7999999999999995E-2,0.152
KENNY,348,2.8740000000000001,54.884999999999998,4.0229999999999997,37.356000000000002,0.28699999999999998,0.57499999999999996
KENT,1160,0.34499999999999997,93.19,1.81,4.569,0,8.5999999999999993E-2
KENTON,93,0,92.472999999999999,5.3760000000000003,1.075,1.075,0
KENYA,48,2.0830000000000002,22.917000000000002,70.832999999999998,0,0,4.1669999999999998
KENYON,32,3.125,78.125,6.25,12.5,0,0
KEREN,38,13.157999999999999,76.316000000000003,2.6320000000000001,7.8949999999999996,0,0
KERI,400,1,97.5,0.5,0.75,0,0.25
KERIN,22,0,100,0,0,0,0
KERMIT,70,0,87.143000000000001,12.856999999999999,0,0,0
KERRI,508,0.98399999999999999,97.834999999999994,0.59099999999999997,0.59099999999999997,0,0
KERRIE,123,0,99.186999999999998,0.81299999999999994,0,0,0
KERRY,1396,0.78800000000000003,95.486999999999995,2.4359999999999999,1.0740000000000001,0.14299999999999999,7.1999999999999995E-2
KERSTIN,53,0,96.225999999999999,0,0,3.774,0
KETAN,36,0,19.443999999999999,0,77.778000000000006,0,2.778
KEVAN,34,0,100,0,0,0,0
KEVEN,55,1.8180000000000001,90.909000000000006,3.6360000000000001,3.6360000000000001,0,0
KEVIN,14705,0.81599999999999995,92.962000000000003,2.8359999999999999,3.2370000000000001,6.0999999999999999E-2,8.7999999999999995E-2
KHALED,60,3.3330000000000002,65,3.3330000000000002,25,3.3330000000000002,0
KHALID,92,1.087,44.564999999999998,4.3479999999999999,47.826000000000001,2.1739999999999999,0
KHALIL,43,0,81.394999999999996,9.3019999999999996,9.3019999999999996,0,0
KHANG,17,0,0,0,100,0,0
KHANH,140,0,1.429,0,97.143000000000001,0.71399999999999997,0.71399999999999997
KHOA,51,0,3.9220000000000002,1.9610000000000001,94.117999999999995,0,0
KHOI,42,2.3809999999999998,2.3809999999999998,0,95.238,0,0
KI,76,0,5.2629999999999999,1.3160000000000001,93.421000000000006,0,0
KIA,35,0,40,45.713999999999999,14.286,0,0
KIEN,34,0,2.9409999999999998,0,97.058999999999997,0,0
KIERAN,62,3.226,96.774000000000001,0,0,0,0
KIERSTEN,36,2.778,91.667000000000002,5.556,0,0,0
KIET,46,0,4.3479999999999999,0,93.477999999999994,0,2.1739999999999999
KIEU,18,0,0,0,100,0,0
KILEY,30,0,96.667000000000002,3.3330000000000002,0,0,0
KIM,3221,0.77600000000000002,84.507999999999996,4.4089999999999998,9.7799999999999994,0.155,0.373
KIMBALL,24,0,100,0,0,0,0
KIMBER,52,0,96.153999999999996,3.8460000000000001,0,0,0
KIMBERLEE,242,1.24,95.867999999999995,0.41299999999999998,2.0659999999999998,0.41299999999999998,0
KIMBERLEY,459,1.5249999999999999,91.503,5.4470000000000001,1.089,0,0.436
KIMBERLI,32,0,90.625,6.25,3.125,0,0
KIMBERLIE,53,1.887,96.225999999999999,1.887,0,0,0
KIMBERLY,9637,1.0900000000000001,93.981999999999999,3.7559999999999998,0.89200000000000002,0.104,0.17599999999999999
KIN,74,0,0,0,100,0,0
KING,64,3.125,12.5,9.375,71.875,1.5629999999999999,1.5629999999999999
KINGA,17,0,100,0,0,0,0
KIP,119,0,99.16,0,0.84,0,0
KIRA,89,1.1240000000000001,93.257999999999996,5.6180000000000003,0,0,0
KIRAN,115,0.87,16.521999999999998,0,80.87,1.7390000000000001,0
KIRBY,142,1.4079999999999999,88.731999999999999,5.6340000000000003,3.5209999999999999,0.70399999999999996,0
KIRK,1132,0.35299999999999998,95.582999999999998,2.3849999999999998,1.325,0.26500000000000001,8.7999999999999995E-2
KIRSTEN,511,0.58699999999999997,98.63,0.19600000000000001,0.39100000000000001,0.19600000000000001,0
KIRSTIN,82,1.22,96.340999999999994,0,2.4390000000000001,0,0
KIRT,41,0,95.122,2.4390000000000001,2.4390000000000001,0,0
KISHORE,42,0,16.667000000000002,0,83.332999999999998,0,0
KIT,75,0,46.667000000000002,0,52,0,1.333
KITTY,87,1.149,75.861999999999995,2.2989999999999999,19.54,1.149,0
KLAUS,93,1.075,98.924999999999997,0,0,0,0
KOJI,15,0,0,0,100,0,0
KONG,31,0,0,0,96.774000000000001,0,3.226
KONRAD,39,5.1280000000000001,89.744,2.5640000000000001,2.5640000000000001,0,0
KONSTANTIN,53,0,94.34,0,5.66,0,0
KONSTANTINOS,49,2.0409999999999999,97.959000000000003,0,0,0,0
KOREY,45,0,86.667000000000002,13.333,0,0,0
KORI,76,0,98.683999999999997,1.3160000000000001,0,0,0
KORY,122,0,96.721000000000004,1.639,1.639,0,0
KOSTAS,18,0,100,0,0,0,0
KOU,19,0,0,0,100,0,0
KRAIG,85,1.1759999999999999,95.293999999999997,2.3530000000000002,1.1759999999999999,0,0
KRIS,467,1.2849999999999999,92.933999999999997,0.42799999999999999,5.1390000000000002,0,0.214
KRISHNA,134,1.4930000000000001,25.373000000000001,1.4930000000000001,67.91,2.2389999999999999,1.4930000000000001
KRISTA,794,0.88200000000000001,98.111000000000004,0.504,0.504,0,0
KRISTAL,65,6.1539999999999999,83.076999999999998,6.1539999999999999,3.077,1.538,0
KRISTAN,81,3.7040000000000002,93.826999999999998,0,2.4689999999999999,0,0
KRISTEN,2484,0.80500000000000005,98.228999999999999,0.56399999999999995,0.28199999999999997,0.04,8.1000000000000003E-2
KRISTI,1040,1.1539999999999999,95.287999999999997,1.0580000000000001,1.923,0.38500000000000001,0.192
KRISTIAN,104,5.7690000000000001,93.269000000000005,0.96199999999999997,0,0,0
KRISTIE,479,1.044,94.363,1.2529999999999999,2.923,0.20899999999999999,0.20899999999999999
KRISTIN,2586,0.57999999999999996,98.26,0.503,0.65700000000000003,0,0
KRISTINA,1186,2.1080000000000001,94.688000000000002,1.349,1.6020000000000001,8.4000000000000005E-2,0.16900000000000001
KRISTINE,1566,1.149,95.275000000000006,0.44700000000000001,2.81,6.4000000000000001E-2,0.255
KRISTOFER,71,2.8170000000000002,94.366,0,2.8170000000000002,0,0
KRISTOFFER,43,0,86.046999999999997,2.3260000000000001,11.628,0,0
KRISTOPHER,445,1.3480000000000001,96.403999999999996,1.1240000000000001,0.89900000000000002,0.22500000000000001,0
KRISTY,740,0.67600000000000005,95.676000000000002,1.486,2.0270000000000001,0,0.13500000000000001
KRISTYN,57,0,100,0,0,0,0
KRYSTA,22,0,100,0,0,0,0
KRYSTAL,215,5.1159999999999997,80.930000000000007,12.558,0.46500000000000002,0.46500000000000002,0.46500000000000002
KRYSTLE,48,8.3330000000000002,70.832999999999998,16.667000000000002,2.0830000000000002,0,2.0830000000000002
KRYSTYNA,71,1.4079999999999999,95.775000000000006,0,1.4079999999999999,1.4079999999999999,0
KRZYSZTOF,140,0,99.286000000000001,0,0.71399999999999997,0,0
KULWANT,34,2.9409999999999998,8.8239999999999998,0,88.234999999999999,0,0
KULWINDER,37,0,10.811,0,81.081000000000003,8.1080000000000005,0
KUMAR,50,0,26,0,68,6,0
KUN,49,0,0,0,100,0,0
KUO,22,0,0,0,100,0,0
KURT,1674,0.23899999999999999,97.909000000000006,0.95599999999999996,0.77700000000000002,0,0.11899999999999999
KURTIS,185,0,97.296999999999997,0,2.7029999999999998,0,0
KWANG,69,0,5.7969999999999997,0,94.203000000000003,0,0
KWOK,56,0,0,0,100,0,0
KWONG,18,0,0,0,100,0,0
KY,41,0,19.512,0,78.049000000000007,0,2.4390000000000001
KYAW,21,0,0,0,100,0,0
KYLA,44,0,100,0,0,0,0
KYLE,2487,0.36199999999999999,96.381,1.407,1.5680000000000001,0.121,0.161
KYLIE,58,0,94.828000000000003,3.448,1.724,0,0
KYMBERLY,31,0,90.322999999999993,6.452,3.226,0,0
KYONG,53,1.887,9.4339999999999993,1.887,86.792000000000002,0,0
KYRA,62,0,83.870999999999995,12.903,3.226,0,0
KYU,34,0,0,0,100,0,0
KYUNG,183,0.54600000000000004,3.2789999999999999,0,95.628,0.54600000000000004,0
LACEY,170,0,98.234999999999999,1.7649999999999999,0,0,0
LACY,105,0.95199999999999996,90.475999999999999,7.6189999999999998,0,0.95199999999999996,0
LADONNA,141,0,74.468000000000004,24.113,0.70899999999999996,0,0.70899999999999996
LAEL,23,0,100,0,0,0,0
LAI,80,0,1.25,1.25,97.5,0,0
LAILA,56,5.3570000000000002,73.213999999999999,3.5710000000000002,17.856999999999999,0,0
LAIRD,15,0,100,0,0,0,0
LAKISHA,34,0,8.8239999999999998,91.176000000000002,0,0,0
LAKSHMI,71,2.8170000000000002,12.676,0,81.69,1.4079999999999999,1.4079999999999999
LAM,90,0,0,0,100,0,0
LAMAR,75,0,72,26.667000000000002,0,0,1.333
LAMONT,71,0,49.295999999999999,49.295999999999999,1.4079999999999999,0,0
LAN,171,1.17,8.7720000000000002,0.58499999999999996,89.474000000000004,0,0
LANA,445,0.89900000000000002,93.707999999999998,2.472,2.6970000000000001,0,0.22500000000000001
LANCE,1254,1.196,93.221999999999994,2.073,2.9510000000000001,0.39900000000000002,0.159
LANDON,88,0,96.590999999999994,3.4089999999999998,0,0,0
LANE,162,0.61699999999999999,93.826999999999998,3.0859999999999999,1.2350000000000001,0,1.2350000000000001
LANETTE,56,3.5710000000000002,89.286000000000001,7.1429999999999998,0,0,0
LANI,89,0,83.146000000000001,1.1240000000000001,15.73,0,0
LANNY,89,2.2469999999999999,89.888000000000005,2.2469999999999999,5.6180000000000003,0,0
LARA,323,2.1669999999999998,95.974999999999994,0.61899999999999999,0.92900000000000005,0.31,0
LARAINE,49,2.0409999999999999,85.713999999999999,8.1630000000000003,4.0819999999999999,0,0
LARISA,121,1.653,97.521000000000001,0,0.82599999999999996,0,0
LARISSA,135,3.7040000000000002,87.406999999999996,4.444,4.444,0,0
LARRY,6650,1.835,90.436000000000007,5.9550000000000001,1.383,0.21099999999999999,0.18
LARS,108,0.92600000000000005,99.073999999999998,0,0,0,0
LARUE,21,0,100,0,0,0,0
LARYSA,19,0,100,0,0,0,0
LASZLO,53,0,98.113,0,1.887,0,0
LATANYA,32,0,3.125,96.875,0,0,0
LATASHA,82,3.6589999999999998,8.5370000000000008,86.584999999999994,0,0,1.22
LATISHA,40,2.5,32.5,65,0,0,0
LATONYA,66,0,3.03,93.938999999999993,0,3.03,0
LATOYA,93,4.3010000000000002,4.3010000000000002,91.397999999999996,0,0,0
LATRICE,32,3.125,6.25,90.625,0,0,0
LAUNA,18,0,100,0,0,0,0
LAURA,9518,5.5890000000000004,92.509,0.75600000000000001,0.872,0.13700000000000001,0.13700000000000001
LAURALEE,22,0,100,0,0,0,0
LAUREEN,101,0.99,93.069000000000003,2.97,1.98,0,0.99
LAUREL,579,0.51800000000000002,96.2,1.554,1.036,0.34499999999999997,0.34499999999999997
LAUREN,2286,0.96199999999999997,96.238,1.4,0.96199999999999997,0.17499999999999999,0.26200000000000001
LAURENCE,491,0.81499999999999995,93.278999999999996,3.4620000000000002,2.2400000000000002,0.20399999999999999,0
LAURENE,43,0,97.674000000000007,0,2.3260000000000001,0,0
LAURENT,49,0,87.754999999999995,8.1630000000000003,4.0819999999999999,0,0
LAURETTA,42,2.3809999999999998,95.238,2.3809999999999998,0,0,0
LAURI,207,0.96599999999999997,98.551000000000002,0.48299999999999998,0,0,0
LAURIE,2800,1.214,97.286000000000001,0.53600000000000003,0.71399999999999997,0.107,0.14299999999999999
LAURIN,20,0,100,0,0,0,0
LAURO,45,75.555999999999997,8.8889999999999993,0,15.555999999999999,0,0
LAVERN,52,0,75,25,0,0,0
LAVERNE,150,2,62,34.667000000000002,1.333,0,0
LAVON,36,0,80.555999999999997,16.667000000000002,2.778,0,0
LAVONNE,88,2.2730000000000001,87.5,10.227,0,0,0
LAWANDA,37,0,24.324000000000002,75.676000000000002,0,0,0
LAWRENCE,4581,2.2050000000000001,90.853999999999999,4.1909999999999998,2.4889999999999999,0.109,0.153
LAYNE,78,0,94.872,0,5.1280000000000001,0,0
LAZARO,75,89.332999999999998,4,0,5.3330000000000002,1.333,0
LE,83,0,13.253,1.2050000000000001,85.542000000000002,0,0
LEA,264,2.2730000000000001,88.257999999999996,1.5149999999999999,7.9550000000000001,0,0
LEAH,1042,1.3440000000000001,92.994,2.5910000000000002,2.6869999999999998,9.6000000000000002E-2,0.28799999999999998
LEANDRO,43,67.441999999999993,18.605,0,13.952999999999999,0,0
LEANN,271,2.952,92.62,1.107,2.214,0.73799999999999999,0.36899999999999999
LEANNA,100,2,89,3,6,0,0
LEANNE,393,1.7809999999999999,95.929000000000002,0.254,1.5269999999999999,0.254,0.254
LEE,2497,0.96099999999999997,90.308000000000007,4.4450000000000003,4.165,0.08,0.04
LEEANN,151,0.66200000000000003,94.701999999999998,1.325,3.3109999999999999,0,0
LEENA,50,2,36,0,62,0,0
LEESA,51,1.9610000000000001,96.078000000000003,1.9610000000000001,0,0,0
LEI,116,0.86199999999999999,2.5859999999999999,0,96.552000000000007,0,0
LEIF,90,1.111,97.778000000000006,0,0,0,1.111
LEIGH,618,0.48499999999999999,96.602000000000004,1.456,1.294,0.16200000000000001,0
LEIGHTON,39,0,64.102999999999994,25.640999999999998,10.256,0,0
LEILA,163,6.1349999999999998,74.846999999999994,6.1349999999999998,12.882999999999999,0,0
LEILANI,72,4.1669999999999998,59.722000000000001,2.778,31.943999999999999,0,1.389
LEISA,67,0,94.03,5.97,0,0,0
LELA,63,3.1749999999999998,73.016000000000005,23.81,0,0,0
LELAND,249,0.40200000000000002,91.165000000000006,2.41,6.024,0,0
LELIA,32,12.5,53.125,31.25,3.125,0,0
LEN,49,0,73.468999999999994,8.1630000000000003,18.367000000000001,0,0
LENA,287,4.181,74.215999999999994,11.497999999999999,9.4079999999999995,0.69699999999999995,0
LENARD,33,0,81.817999999999998,9.0909999999999993,9.0909999999999993,0,0
LENNY,42,9.5239999999999991,69.048000000000002,7.1429999999999998,14.286,0,0
LENORA,111,2.7029999999999998,71.171000000000006,21.622,3.6040000000000001,0.90100000000000002,0
LENORE,166,3.012,91.566000000000003,4.2169999999999996,1.2050000000000001,0,0
LEO,810,6.6669999999999998,80.988,4.3209999999999997,7.7779999999999996,0.123,0.123
LEOBARDO,45,100,0,0,0,0,0
LEON,693,3.1749999999999998,72.872,19.047999999999998,4.1849999999999996,0.57699999999999996,0.14399999999999999
LEONA,180,1.667,86.667000000000002,8.8889999999999993,2.778,0,0
LEONARD,1857,3.2309999999999999,87.290999999999997,7.0010000000000003,2.1,0.108,0.26900000000000002
LEONARDO,257,65.37,21.401,0.38900000000000001,12.84,0,0
LEONEL,144,89.582999999999998,7.6390000000000002,1.389,1.389,0,0
LEONID,148,1.351,97.972999999999999,0,0.67600000000000005,0,0
LEONOR,77,74.025999999999996,14.286,1.2989999999999999,10.39,0,0
LEONORA,59,10.169,44.067999999999998,8.4749999999999996,37.287999999999997,0,0
LEOPOLDO,136,80.882000000000005,8.8239999999999998,0,9.5589999999999993,0,0.73499999999999999
LEORA,34,0,88.234999999999999,0,5.8819999999999997,0,5.8819999999999997
LEROY,621,4.0259999999999998,69.081999999999994,24.96,0.96599999999999997,0.48299999999999998,0.48299999999999998
LES,65,0,93.846000000000004,0,4.6150000000000002,1.538,0
LESA,150,0,94,5.3330000000000002,0,0.66700000000000004,0
LESLEE,68,0,100,0,0,0,0
LESLEY,438,2.0550000000000002,91.323999999999998,3.4249999999999998,2.2829999999999999,0.45700000000000002,0.45700000000000002
LESLI,62,6.452,91.935000000000002,0,1.613,0,0
LESLIE,3964,1.7909999999999999,92.634,3.633,1.615,0.151,0.17699999999999999
LESLY,44,22.727,50,22.727,2.2730000000000001,2.2730000000000001,0
LESTER,526,3.0419999999999998,81.179000000000002,11.597,3.6120000000000001,0.19,0.38
LESZEK,36,0,97.221999999999994,0,2.778,0,0
LETA,53,0,96.225999999999999,1.887,1.887,0,0
LETHA,44,0,86.364000000000004,13.635999999999999,0,0,0
LETICIA,598,75.251000000000005,16.89,1.3380000000000001,6.1870000000000003,0,0.33400000000000002
LETITIA,75,6.6669999999999998,68,21.332999999999998,4,0,0
LEVI,171,2.9239999999999999,88.304000000000002,5.8479999999999999,2.9239999999999999,0,0
LEVON,48,0,85.417000000000002,10.417,2.0830000000000002,0,2.0830000000000002
LEWIS,695,0.86299999999999999,90.215999999999994,6.7629999999999999,1.7270000000000001,0.432,0
LEX,17,0,100,0,0,0,0
LEZLIE,35,0,97.143000000000001,0,2.8570000000000002,0,0
LI,300,0.66700000000000004,1.333,0,98,0,0
LIA,71,8.4510000000000005,76.055999999999997,4.2249999999999996,8.4510000000000005,1.4079999999999999,1.4079999999999999
LIAM,66,1.5149999999999999,96.97,0,1.5149999999999999,0,0
LIAN,38,2.6320000000000001,7.8949999999999996,2.6320000000000001,86.841999999999999,0,0
LIANA,74,16.216000000000001,75.676000000000002,4.0540000000000003,4.0540000000000003,0,0
LIANE,74,1.351,81.081000000000003,1.351,16.216000000000001,0,0
LIANG,70,0,1.429,0,98.570999999999998,0,0
LIANNE,43,0,88.372,0,11.628,0,0
LIBBY,55,3.6360000000000001,96.364000000000004,0,0,0,0
LIDA,53,11.321,77.358000000000004,0,11.321,0,0
LIDIA,201,57.710999999999999,38.805999999999997,0.995,2.488,0,0
LIEM,40,2.5,2.5,0,95,0,0
LIEN,80,0,0,0,100,0,0
LIESL,31,0,100,0,0,0,0
LIGIA,52,75,25,0,0,0,0
LIHUA,19,0,0,0,100,0,0
LIISA,17,0,100,0,0,0,0
LILA,138,3.6230000000000002,89.13,1.4490000000000001,5.0720000000000001,0.72499999999999998,0
LILI,52,7.6920000000000002,40.384999999999998,0,50,0,1.923
LILIA,202,56.436,26.238,1.4850000000000001,15.347,0,0.495
LILIAN,120,39.167000000000002,37.5,3.3330000000000002,19.167000000000002,0,0.83299999999999996
LILIANA,176,71.590999999999994,26.704999999999998,0,1.1359999999999999,0.56799999999999995,0
LILIBETH,32,15.625,28.125,0,56.25,0,0
LILIYA,38,0,94.736999999999995,2.6320000000000001,2.6320000000000001,0,0
LILLIAN,676,12.13,68.638999999999996,9.9109999999999996,9.0239999999999991,0.14799999999999999,0.14799999999999999
LILLIE,122,0.82,41.802999999999997,55.738,1.639,0,0
LILLY,55,16.364000000000001,45.454999999999998,3.6360000000000001,34.545000000000002,0,0
LILY,258,7.7519999999999998,30.233000000000001,1.163,60.465000000000003,0,0.38800000000000001
LIMING,22,0,0,0,100,0,0
LIN,126,0,11.904999999999999,0,87.302000000000007,0,0.79400000000000004
LINA,198,20.202000000000002,50,1.5149999999999999,28.283000000000001,0,0
LINCOLN,108,4.63,68.519000000000005,16.667000000000002,10.185,0,0
LINDA,16217,2.097,92.674000000000007,3.1139999999999999,1.899,0.08,0.13600000000000001
LINDSAY,1050,0.47599999999999998,98,0.85699999999999998,0.47599999999999998,0,0.19
LINDSEY,916,0.76400000000000001,96.07,1.0920000000000001,1.7470000000000001,0.109,0.218
LINDY,85,0,91.765000000000001,0,8.2349999999999994,0,0
LINETTE,38,5.2629999999999999,86.841999999999999,7.8949999999999996,0,0,0
LING,95,1.0529999999999999,2.105,0,96.841999999999999,0,0
LINH,163,0,4.2939999999999996,0,95.706000000000003,0,0
LINNEA,61,3.2789999999999999,95.081999999999994,0,0,0,1.639
LINO,50,66,30,0,4,0,0
LINSEY,34,2.9409999999999998,88.234999999999999,2.9409999999999998,5.8819999999999997,0,0
LINWOOD,52,1.923,50,48.076999999999998,0,0,0
LIONEL,158,11.391999999999999,55.063000000000002,26.582000000000001,5.6959999999999997,0.63300000000000001,0.63300000000000001
LIOR,20,0,100,0,0,0,0
LISA,14621,2.1269999999999998,93.638999999999996,2.3460000000000001,1.6619999999999999,0.109,0.11600000000000001
LISANDRO,15,100,0,0,0,0,0
LISBETH,45,22.222000000000001,73.332999999999998,4.444,0,0,0
LISE,55,1.8180000000000001,92.727000000000004,5.4550000000000001,0,0,0
LISETTE,61,47.540999999999997,47.540999999999997,0,4.9180000000000001,0,0
LISSA,46,6.5220000000000002,91.304000000000002,0,2.1739999999999999,0,0
LISSETTE,41,78.049000000000007,21.951000000000001,0,0,0,0
LITA,40,7.5,50,5,35,0,2.5
LIV,16,0,100,0,0,0,0
LIVIA,34,23.529,70.587999999999994,2.9409999999999998,2.9409999999999998,0,0
LIVIU,19,0,100,0,0,0,0
LIXIN,24,0,0,0,100,0,0
LIZ,43,39.534999999999997,53.488,0,6.9770000000000003,0,0
LIZA,170,11.765000000000001,66.471000000000004,2.9409999999999998,18.234999999999999,0,0.58799999999999997
LIZABETH,82,7.3170000000000002,91.462999999999994,0,1.22,0,0
LIZBETH,53,43.396000000000001,56.603999999999999,0,0,0,0
LIZETTE,46,63.042999999999999,28.260999999999999,4.3479999999999999,4.3479999999999999,0,0
LJILJANA,20,0,100,0,0,0,0
LLOYD,773,0.64700000000000002,85.64,10.220000000000001,3.3639999999999999,0,0.129
LOAN,81,0,4.9379999999999997,0,95.061999999999998,0,0
LOC,91,1.099,1.099,0,97.802000000000007,0,0
LOGAN,138,0,94.203000000000003,2.899,1.4490000000000001,0,1.4490000000000001
LOI,47,2.1280000000000001,2.1280000000000001,0,93.617000000000004,2.1280000000000001,0
LOIS,1325,0.52800000000000002,92.754999999999995,5.2830000000000004,1.208,7.4999999999999997E-2,0.151
LOLA,166,5.4219999999999997,72.289000000000001,19.88,1.2050000000000001,0.60199999999999998,0.60199999999999998
LOLITA,99,10.101000000000001,24.242000000000001,24.242000000000001,41.414000000000001,0,0
LON,147,0.68,91.837000000000003,2.0409999999999999,5.4420000000000002,0,0
LONA,47,2.1280000000000001,93.617000000000004,0,2.1280000000000001,0,2.1280000000000001
LONG,185,1.081,0.54100000000000004,0,97.837999999999994,0,0.54100000000000004
LONI,38,0,97.367999999999995,2.6320000000000001,0,0,0
LONNA,34,0,97.058999999999997,2.9409999999999998,0,0,0
LONNIE,516,0.77500000000000002,87.403000000000006,10.465,0.77500000000000002,0.38800000000000001,0.19400000000000001
LONNY,60,0,100,0,0,0,0
LORA,421,1.425,94.537000000000006,2.85,0.47499999999999998,0.47499999999999998,0.23799999999999999
LORAINE,105,3.81,80.951999999999998,12.381,2.8570000000000002,0,0
LOREE,47,0,100,0,0,0,0
LOREEN,46,4.3479999999999999,86.956999999999994,4.3479999999999999,4.3479999999999999,0,0
LORELEI,63,1.587,87.302000000000007,3.1749999999999998,7.9370000000000003,0,0
LOREN,493,1.8260000000000001,94.725999999999999,1.623,1.42,0.20300000000000001,0.20300000000000001
LORENA,388,71.134,26.289000000000001,0.51500000000000001,1.546,0.51500000000000001,0
LORENE,113,0.88500000000000001,92.034999999999997,6.1950000000000003,0.88500000000000001,0,0
LORENZA,33,60.606000000000002,9.0909999999999993,24.242000000000001,6.0609999999999999,0,0
LORENZO,277,53.43,21.3,18.773,6.1369999999999996,0.36099999999999999,0
LORETO,40,37.5,30,0,32.5,0,0
LORETTA,957,3.3439999999999999,86.415999999999997,8.15,1.5669999999999999,0.104,0.41799999999999998
LORI,5694,0.80800000000000005,96.962000000000003,0.79,1.194,0.14000000000000001,0.105
LORIANN,51,1.9610000000000001,98.039000000000001,0,0,0,0
LORIE,269,2.6019999999999999,91.822000000000003,3.7170000000000001,1.4870000000000001,0,0.372
LORILEE,28,0,100,0,0,0,0
LORIN,82,1.22,93.902000000000001,0,3.6589999999999998,1.22,0
LORINDA,48,4.1669999999999998,89.582999999999998,4.1669999999999998,2.0830000000000002,0,0
LORNA,330,1.212,74.242000000000004,11.212,12.423999999999999,0.60599999999999998,0.30299999999999999
LORNE,44,0,88.635999999999996,9.0909999999999993,2.2730000000000001,0,0
LORRAINE,1451,4.8239999999999998,87.180999999999997,5.5129999999999999,2.2050000000000001,0.13800000000000001,0.13800000000000001
LORRI,120,1.667,95.832999999999998,2.5,0,0,0
LORRIE,211,1.8959999999999999,95.734999999999999,0.94799999999999995,1.4219999999999999,0,0
LORY,37,5.4050000000000002,89.188999999999993,0,2.7029999999999998,0,2.7029999999999998
LOTTIE,30,0,66.667000000000002,30,0,3.3330000000000002,0
LOU,205,1.4630000000000001,90.731999999999999,3.415,3.9020000000000001,0.48799999999999999,0
LOUANN,74,1.351,97.296999999999997,0,1.351,0,0
LOUANNE,26,0,100,0,0,0,0
LOUELLA,35,2.8570000000000002,57.143000000000001,17.143000000000001,22.856999999999999,0,0
LOUIE,115,30.434999999999999,52.173999999999999,4.3479999999999999,10.435,2.609,0
LOUIS,2570,7.9379999999999997,84.007999999999996,5.2530000000000001,2.4900000000000002,0.27200000000000002,3.9E-2
LOUISA,89,0,75.281000000000006,4.4939999999999998,20.225000000000001,0,0
LOUISE,1026,1.9490000000000001,89.084000000000003,6.4329999999999998,2.0470000000000002,0,0.48699999999999999
LOURDES,384,61.978999999999999,20.573,1.5629999999999999,15.625,0,0.26
LOWELL,240,0,97.082999999999998,2.0830000000000002,0.83299999999999996,0,0
LOYD,51,0,96.078000000000003,1.9610000000000001,1.9610000000000001,0,0
LU,54,0,51.851999999999997,0,48.148000000000003,0,0
LUAN,38,2.6320000000000001,39.473999999999997,0,57.895000000000003,0,0
LUANA,36,8.3330000000000002,83.332999999999998,0,8.3330000000000002,0,0
LUANN,206,0.97099999999999997,98.058000000000007,0,0.97099999999999997,0,0
LUANNE,136,0.73499999999999999,97.058999999999997,0,2.206,0,0
LUC,38,0,60.526000000000003,10.526,28.946999999999999,0,0
LUCA,30,6.6669999999999998,93.332999999999998,0,0,0,0
LUCAS,444,7.6580000000000004,90.314999999999998,0.22500000000000001,1.577,0.22500000000000001,0
LUCIA,339,43.658000000000001,46.607999999999997,2.36,7.375,0,0
LUCIAN,34,0,94.117999999999995,0,5.8819999999999997,0,0
LUCIANA,42,21.428999999999998,66.667000000000002,4.7619999999999996,7.1429999999999998,0,0
LUCIANO,94,54.255000000000003,39.362000000000002,0,5.319,1.0640000000000001,0
LUCIE,43,2.3260000000000001,83.721000000000004,6.9770000000000003,6.9770000000000003,0,0
LUCIEN,42,2.3809999999999998,85.713999999999999,7.1429999999999998,4.7619999999999996,0,0
LUCILA,63,82.54,6.3490000000000002,0,11.111000000000001,0,0
LUCILLE,461,6.9409999999999998,81.561999999999998,9.3279999999999994,1.952,0.217,0
LUCINDA,306,3.2679999999999998,89.542000000000002,4.5750000000000002,2.2879999999999998,0,0.32700000000000001
LUCIO,80,83.75,13.75,0,2.5,0,0
LUCRETIA,41,2.4390000000000001,78.049000000000007,19.512,0,0,0
LUCY,595,15.294,68.908000000000001,5.3780000000000001,9.7479999999999993,0.67200000000000004,0
LUCYNA,20,0,100,0,0,0,0
LUDMILA,33,3.03,96.97,0,0,0,0
LUIGI,94,3.1909999999999998,96.808999999999997,0,0,0,0
LUIS,2698,87.397999999999996,11.007999999999999,0.111,1.446,3.6999999999999998E-2,0
LUISA,150,58.667000000000002,30.667000000000002,2.6669999999999998,8,0,0
LUIZ,33,48.484999999999999,48.484999999999999,0,0,3.03,0
LUKAS,29,0,100,0,0,0,0
LUKASZ,33,0,100,0,0,0,0
LUKE,672,0.89300000000000002,94.048000000000002,0.59499999999999997,4.1669999999999998,0.14899999999999999,0.14899999999999999
LULA,73,2.74,45.204999999999998,52.055,0,0,0
LUPE,119,78.992000000000004,21.007999999999999,0,0,0,0
LUTHER,146,0.68500000000000005,69.863,29.452000000000002,0,0,0
LUZ,519,82.465999999999994,9.827,0.193,7.3220000000000001,0.193,0
LY,53,0,1.887,0,98.113,0,0
LYDIA,687,20.087,65.356999999999999,6.9870000000000001,7.4240000000000004,0.14599999999999999,0
LYLE,378,0.79400000000000004,96.561000000000007,0.79400000000000004,1.587,0,0.26500000000000001
LYMAN,44,0,95.454999999999998,4.5449999999999999,0,0,0
LYN,129,0,94.573999999999998,0,4.6509999999999998,0,0.77500000000000002
LYNDA,1023,1.6619999999999999,93.06,3.226,1.5640000000000001,0.19600000000000001,0.29299999999999998
LYNDON,53,1.887,69.811000000000007,13.208,15.093999999999999,0,0
LYNDSAY,45,2.222,97.778000000000006,0,0,0,0
LYNDSEY,45,2.222,93.332999999999998,2.222,0,2.222,0
LYNETTE,551,2.1779999999999999,87.114000000000004,7.26,3.448,0,0
LYNN,3651,0.93100000000000005,94.412000000000006,1.6160000000000001,2.8210000000000002,0.16400000000000001,5.5E-2
LYNNE,1173,0.68200000000000005,96.76,1.3640000000000001,1.1080000000000001,0,8.5000000000000006E-2
LYNNETTE,177,2.8250000000000002,88.700999999999993,4.5199999999999996,2.8250000000000002,0,1.1299999999999999
LYUBOV,58,1.724,98.275999999999996,0,0,0,0
LYUDMILA,92,2.1739999999999999,97.825999999999993,0,0,0,0
MA,36,25,8.3330000000000002,0,66.667000000000002,0,0
MABEL,134,22.388000000000002,38.805999999999997,19.402999999999999,19.402999999999999,0,0
MABLE,38,0,23.684000000000001,60.526000000000003,15.789,0,0
MAC,34,2.9409999999999998,73.528999999999996,14.706,8.8239999999999998,0,0
MACIEJ,39,0,100,0,0,0,0
MACK,98,2.0409999999999999,71.429000000000002,23.469000000000001,2.0409999999999999,0,1.02
MACKENZIE,58,1.724,94.828000000000003,1.724,0,1.724,0
MADELEINE,100,2,86,3,8,0,1
MADELINE,306,5.8819999999999997,85.620999999999995,5.556,2.2879999999999998,0,0.65400000000000003
MADELYN,107,6.5419999999999998,84.111999999999995,2.8039999999999998,5.6070000000000002,0,0.93500000000000005
MADHAVI,44,0,11.364000000000001,0,86.364000000000004,2.2730000000000001,0
MADHU,60,0,16.667000000000002,0,81.667000000000002,1.667,0
MADONNA,80,2.5,88.75,2.5,5,0,1.25
MAE,119,0.84,44.537999999999997,36.975000000000001,17.646999999999998,0,0
MAGALY,33,84.847999999999999,15.151999999999999,0,0,0,0
MAGDA,69,40.58,56.521999999999998,0,2.899,0,0
MAGDALENA,234,46.154000000000003,46.154000000000003,0.42699999999999999,6.8380000000000001,0,0.42699999999999999
MAGDY,37,0,78.378,0,21.622,0,0
MAGGIE,221,5.8819999999999997,64.253,8.1449999999999996,21.719000000000001,0,0
MAHA,36,0,88.888999999999996,0,11.111000000000001,0,0
MAHENDRA,60,0,20,0,78.332999999999998,1.667,0
MAHER,40,2.5,85,0,10,2.5,0
MAHESH,105,0,17.143000000000001,2.8570000000000002,79.048000000000002,0.95199999999999996,0
MAHMOOD,52,0,61.537999999999997,0,36.537999999999997,1.923,0
MAHMOUD,80,1.25,80,3.75,15,0,0
MAI,183,0.54600000000000004,9.2899999999999991,0,88.525000000000006,0,1.639
MAIA,34,2.9409999999999998,85.293999999999997,5.8819999999999997,5.8819999999999997,0,0
MAJID,58,0,70.69,0,27.585999999999999,1.724,0
MAJOR,36,2.778,50,36.110999999999997,11.111000000000001,0,0
MAKSIM,32,0,100,0,0,0,0
MALCOLM,294,0,86.054000000000002,12.244999999999999,1.7010000000000001,0,0
MALGORZATA,107,0,100,0,0,0,0
MALIA,42,2.3809999999999998,95.238,0,0,0,2.3809999999999998
MALIK,35,2.8570000000000002,40,34.286000000000001,22.856999999999999,0,0
MALINDA,143,0,86.712999999999994,12.587,0.69899999999999995,0,0
MALISSA,53,3.774,92.453000000000003,3.774,0,0,0
MALLORY,86,2.3260000000000001,90.697999999999993,5.8140000000000001,1.163,0,0
MAMIE,56,0,35.713999999999999,57.143000000000001,7.1429999999999998,0,0
MAMTA,31,0,22.581,0,77.418999999999997,0,0
MAN,84,0,3.5710000000000002,0,96.429000000000002,0,0
MANDEEP,39,0,46.154000000000003,0,53.845999999999997,0,0
MANDI,84,2.3809999999999998,97.619,0,0,0,0
MANDY,341,2.6389999999999998,89.442999999999998,0.58699999999999997,7.0380000000000003,0.29299999999999998,0
MANFRED,53,1.887,92.453000000000003,3.774,0,0,1.887
MANH,30,3.3330000000000002,3.3330000000000002,0,93.332999999999998,0,0
MANISH,126,0,15.872999999999999,0.79400000000000004,80.951999999999998,0.79400000000000004,1.587
MANISHA,66,0,15.151999999999999,0,83.332999999999998,1.5149999999999999,0
MANJIT,65,3.077,23.077000000000002,0,73.846000000000004,0,0
MANJU,35,0,11.429,2.8570000000000002,82.856999999999999,2.8570000000000002,0
MANJULA,30,0,16.667000000000002,0,83.332999999999998,0,0
MANOJ,110,0.90900000000000003,11.818,0,86.364000000000004,0,0.90900000000000003
MANPREET,30,3.3330000000000002,16.667000000000002,0,80,0,0
MANSOUR,36,2.778,75,2.778,16.667000000000002,0,2.778
MANU,34,0,17.646999999999998,2.9409999999999998,79.412000000000006,0,0
MANUEL,1993,76.567999999999998,17.863,0.90300000000000002,4.3150000000000004,0.251,0.1
MANUELA,114,56.14,38.595999999999997,1.754,3.5089999999999999,0,0
MAO,31,0,3.226,3.226,93.548000000000002,0,0
MARA,198,10.606,85.353999999999999,1.01,2.5249999999999999,0.505,0
MARC,2700,1.704,94.147999999999996,2.8889999999999998,0.92600000000000005,7.3999999999999996E-2,0.25900000000000001
MARCEL,144,6.25,77.082999999999998,12.5,4.1669999999999998,0,0
MARCELA,117,65.811999999999998,29.914999999999999,0,4.274,0,0
MARCELINO,96,76.042000000000002,9.375,0,13.542,1.042,0
MARCELLA,313,7.6680000000000001,84.344999999999999,6.39,1.597,0,0
MARCELLE,52,3.8460000000000001,80.769000000000005,15.385,0,0,0
MARCELLO,32,12.5,81.25,6.25,0,0,0
MARCELO,123,67.48,27.641999999999999,0,4.8780000000000001,0,0
MARCI,266,2.2559999999999998,95.113,1.1279999999999999,1.1279999999999999,0,0.376
MARCIA,1658,3.1970000000000001,89.807000000000002,6.0919999999999996,0.60299999999999998,0.06,0.24099999999999999
MARCIE,242,2.8929999999999998,94.215000000000003,0.82599999999999996,2.0659999999999998,0,0
MARCIN,70,1.429,98.570999999999998,0,0,0,0
MARCO,674,63.055999999999997,33.828000000000003,1.78,1.335,0,0
MARCOS,319,85.266000000000005,11.599,0.94,1.881,0,0.313
MARCUS,883,3.851,74.745000000000005,18.686,2.3780000000000001,0.22700000000000001,0.113
MARCY,309,2.589,96.117000000000004,0.97099999999999997,0.32400000000000001,0,0
MARDI,18,0,100,0,0,0,0
MAREK,109,0,99.082999999999998,0,0.91700000000000004,0,0
MAREN,54,1.8520000000000001,92.593000000000004,3.7040000000000002,1.8520000000000001,0,0
MARGARET,7220,1.8839999999999999,93.406999999999996,3.1019999999999999,1.357,0.13900000000000001,0.111
MARGARITA,598,72.91,22.241,1.171,3.512,0.16700000000000001,0
MARGARITO,74,97.296999999999997,1.351,0,1.351,0,0
MARGENE,15,0,100,0,0,0,0
MARGERY,77,0,94.805000000000007,1.2989999999999999,2.597,1.2989999999999999,0
MARGIE,319,5.3289999999999997,80.878,11.599,2.194,0,0
MARGIT,36,0,97.221999999999994,0,2.778,0,0
MARGO,283,2.827,91.519000000000005,5.6539999999999999,0,0,0
MARGOT,134,1.4930000000000001,95.522000000000006,2.9849999999999999,0,0,0
MARGUERITE,340,2.6469999999999998,87.647000000000006,7.0590000000000002,1.4710000000000001,0.88200000000000001,0.29399999999999998
MARI,227,3.9649999999999999,86.343999999999994,2.2029999999999998,7.4889999999999999,0,0
MARIA,11196,59.128,34.521000000000001,0.90200000000000002,5.3230000000000004,1.7999999999999999E-2,0.107
MARIAH,65,1.538,92.308000000000007,4.6150000000000002,0,0,1.538
MARIAM,70,7.1429999999999998,75.713999999999999,5.7140000000000004,10,0,1.429
MARIAN,697,1.4350000000000001,89.24,5.3079999999999998,3.73,0.14299999999999999,0.14299999999999999
MARIANA,128,45.313000000000002,50.780999999999999,0.78100000000000003,3.125,0,0
MARIANN,95,0,96.841999999999999,3.1579999999999999,0,0,0
MARIANNA,110,5.4550000000000001,89.090999999999994,0.90900000000000003,3.6360000000000001,0,0.90900000000000003
MARIANNE,989,0.70799999999999996,96.662999999999997,0.30299999999999999,2.1230000000000002,0.10100000000000001,0.10100000000000001
MARIANO,106,69.811000000000007,17.925000000000001,0,12.263999999999999,0,0
MARIBEL,258,81.394999999999996,12.403,0,6.202,0,0
MARIBETH,121,0.82599999999999996,91.736000000000004,0,6.6120000000000001,0.82599999999999996,0
MARICELA,168,89.881,10.119,0,0,0,0
MARIE,2703,3.9590000000000001,80.465999999999994,11.728,3.4780000000000002,0.222,0.14799999999999999
MARIELA,48,75,22.917000000000002,0,2.0830000000000002,0,0
MARIETTA,115,6.0869999999999997,66.087000000000003,6.9569999999999999,19.13,0,1.7390000000000001
MARIJO,24,0,100,0,0,0,0
MARIKA,44,2.2730000000000001,77.272999999999996,11.364000000000001,9.0909999999999993,0,0
MARILEE,103,0.97099999999999997,98.058000000000007,0,0,0.97099999999999997,0
MARILOU,107,4.673,47.664000000000001,0.93500000000000005,45.793999999999997,0.93500000000000005,0
MARILYN,2875,2.5739999999999998,89.426000000000002,5.2869999999999999,2.5390000000000001,7.0000000000000007E-2,0.104
MARILYNN,97,1.0309999999999999,94.844999999999999,3.093,1.0309999999999999,0,0
MARIN,44,22.727,72.727000000000004,0,4.5449999999999999,0,0
MARINA,559,25.402999999999999,68.156999999999996,0.35799999999999998,5.7249999999999996,0.17899999999999999,0.17899999999999999
MARINO,31,29.032,54.838999999999999,3.226,12.903,0,0
MARIO,1717,62.143000000000001,31.334,2.5630000000000002,3.8439999999999999,5.8000000000000003E-2,5.8000000000000003E-2
MARION,769,1.6910000000000001,86.475999999999999,10.923,0.65,0.26,0
MARISA,337,12.76,82.195999999999998,2.3740000000000001,2.6709999999999998,0,0
MARISELA,102,93.137,5.8819999999999997,0.98,0,0,0
MARISOL,183,81.421000000000006,17.486000000000001,1.093,0,0,0
MARISSA,268,11.194000000000001,76.119,2.6120000000000001,9.7010000000000005,0,0.373
MARITA,74,8.1080000000000005,82.432000000000002,1.351,8.1080000000000005,0,0
MARITZA,166,81.325000000000003,17.47,0.60199999999999998,0.60199999999999998,0,0
MARIUS,48,0,95.832999999999998,4.1669999999999998,0,0,0
MARIUSZ,64,0,100,0,0,0,0
MARIYA,51,0,100,0,0,0,0
MARJORIE,1110,2.0720000000000001,90.631,4.8650000000000002,2.2519999999999998,0.09,0.09
MARJORY,53,0,96.225999999999999,3.774,0,0,0
MARK,23920,1.2709999999999999,96.337999999999994,1.175,1.054,6.3E-2,0.1
MARKO,41,7.3170000000000002,92.683000000000007,0,0,0,0
MARKUS,92,1.087,95.652000000000001,2.1739999999999999,0,0,1.087
MARLA,499,2.4049999999999998,92.183999999999997,3.8079999999999998,1.202,0,0.40100000000000002
MARLEEN,33,0,90.909000000000006,3.03,6.0609999999999999,0,0
MARLENA,59,10.169,77.965999999999994,11.864000000000001,0,0,0
MARLENE,1178,9.2530000000000001,83.277000000000001,4.6689999999999996,2.2919999999999998,0.17,0.34
MARLIN,121,5.7850000000000001,88.43,5.7850000000000001,0,0,0
MARLO,75,4,84,8,2.6669999999999998,0,1.333
MARLON,184,24.457000000000001,21.739000000000001,41.847999999999999,11.413,0.54300000000000004,0
MARLYN,50,16,62,12,10,0,0
MARLYS,48,0,97.917000000000002,0,2.0830000000000002,0,0
MARNA,39,0,97.436000000000007,2.5640000000000001,0,0,0
MARNI,62,1.613,96.774000000000001,0,1.613,0,0
MARNIE,85,0,98.823999999999998,1.1759999999999999,0,0,0
MARSHA,1160,1.2929999999999999,90.516999999999996,7.1550000000000002,0.77600000000000002,0,0.25900000000000001
MARSHALL,526,1.141,90.683999999999997,6.0839999999999996,1.7110000000000001,0.19,0.19
MARTA,375,42.933,55.732999999999997,0.8,0,0.53300000000000003,0
MARTHA,3490,27.192,68.367000000000004,3.4380000000000002,0.77400000000000002,0.115,0.115
MARTI,72,4.1669999999999998,91.667000000000002,2.778,1.389,0,0
MARTIN,3840,19.530999999999999,77.656000000000006,1.0680000000000001,1.615,0.104,2.5999999999999999E-2
MARTINA,217,30.414999999999999,63.594000000000001,4.1470000000000002,1.843,0,0
MARTINE,50,8,74,16,2,0,0
MARTY,295,2.0339999999999998,93.558999999999997,3.39,0.67800000000000005,0,0.33900000000000002
MARTYN,25,0,100,0,0,0,0
MARVA,81,0,44.444000000000003,54.320999999999998,0,0,1.2350000000000001
MARVIN,1188,7.1550000000000002,75.337000000000003,14.141,3.1989999999999998,0.16800000000000001,0
MARY,23598,2.5089999999999999,92.350999999999999,3.327,1.526,0.17399999999999999,0.114
MARYA,21,0,100,0,0,0,0
MARYAM,100,0,80,6,13,0,1
MARYANN,636,1.73,95.912000000000006,0.78600000000000003,1.258,0.157,0.157
MARYANNE,176,0.56799999999999995,96.022999999999996,0,3.4089999999999998,0,0
MARYBETH,190,1.0529999999999999,98.421000000000006,0.52600000000000002,0,0,0
MARYELLEN,148,1.351,97.972999999999999,0.67600000000000005,0,0,0
MARYJANE,34,8.8239999999999998,85.293999999999997,0,5.8819999999999997,0,0
MARYLEE,23,0,100,0,0,0,0
MARYLOU,84,10.714,86.905000000000001,0,2.3809999999999998,0,0
MARYLYNN,28,0,100,0,0,0,0
MARZENA,27,0,100,0,0,0,0
MASON,106,1.887,94.34,2.83,0.94299999999999995,0,0
MASOOD,34,2.9409999999999998,44.118000000000002,0,52.941000000000003,0,0
MASOUD,49,0,75.510000000000005,0,20.408000000000001,0,4.0819999999999999
MASSIMO,44,4.5449999999999999,95.454999999999998,0,0,0,0
MATHEW,529,1.512,85.632999999999996,0.56699999999999995,11.909000000000001,0.189,0.189
MATHIEU,21,0,100,0,0,0,0
MATILDA,35,17.143000000000001,68.570999999999998,14.286,0,0,0
MATILDE,64,81.25,12.5,1.5629999999999999,4.6879999999999997,0,0
MATT,514,0.38900000000000001,97.665000000000006,0.19500000000000001,1.556,0,0.19500000000000001
MATTHEW,15316,1.0189999999999999,97.349000000000004,0.67900000000000005,0.78300000000000003,7.8E-2,9.0999999999999998E-2
MATTHIAS,64,3.125,90.625,0,6.25,0,0
MATTIE,103,0,34.951000000000001,64.078000000000003,0.97099999999999997,0,0
MAURA,224,9.375,88.838999999999999,0,1.339,0,0.44600000000000001
MAUREEN,2558,0.82099999999999995,96.599000000000004,1.3680000000000001,1.095,3.9E-2,7.8E-2
MAURICE,550,3.4550000000000001,63.636000000000003,31.091000000000001,1.8180000000000001,0,0
MAURICIO,238,89.495999999999995,7.9829999999999997,0.84,1.681,0,0
MAURO,95,67.367999999999995,30.526,0,1.0529999999999999,1.0529999999999999,0
MAURY,32,3.125,84.375,12.5,0,0,0
MAVIS,52,0,76.923000000000002,17.308,3.8460000000000001,1.923,0
MAX,486,8.6419999999999995,86.213999999999999,1.44,3.2919999999999998,0.41199999999999998,0
MAXIM,36,0,100,0,0,0,0
MAXIMILIANO,37,89.188999999999993,10.811,0,0,0,0
MAXIMINO,31,87.096999999999994,6.452,0,6.452,0,0
MAXIMO,48,70.832999999999998,12.5,0,16.667000000000002,0,0
MAXINE,333,2.7029999999999998,70.570999999999998,24.324000000000002,1.802,0.60099999999999998,0
MAXWELL,89,0,87.64,4.4939999999999998,7.8650000000000002,0,0
MAY,215,1.395,27.442,2.7909999999999999,68.372,0,0
MAYA,124,1.613,70.161000000000001,9.6769999999999996,16.934999999999999,0.80600000000000005,0.80600000000000005
MAYANK,30,0,20,0,80,0,0
MAYNARD,51,1.9610000000000001,94.117999999999995,1.9610000000000001,1.9610000000000001,0,0
MAYRA,235,87.66,11.489000000000001,0.42599999999999999,0,0.42599999999999999,0
MAZEN,30,3.3330000000000002,90,0,6.6669999999999998,0,0
MEAGAN,143,0,100,0,0,0,0
MEAGHAN,59,0,100,0,0,0,0
MEENA,55,0,21.818000000000001,0,76.364000000000004,0,1.8180000000000001
MEERA,33,0,21.212,0,78.787999999999997,0,0
MEG,55,0,98.182000000000002,0,1.8180000000000001,0,0
MEGAN,2296,0.74,98.301000000000002,0.47899999999999998,0.436,0,4.3999999999999997E-2
MEGGAN,29,0,100,0,0,0,0
MEGHAN,565,1.2390000000000001,98.406999999999996,0,0.35399999999999998,0,0
MEGHANN,31,0,100,0,0,0,0
MEHDI,75,2.6669999999999998,76,0,21.332999999999998,0,0
MEHMET,39,0,87.179000000000002,0,10.256,0,2.5640000000000001
MEHRAN,33,3.03,87.879000000000005,0,9.0909999999999993,0,0
MEHRDAD,46,0,89.13,0,10.87,0,0
MEHUL,35,0,28.571000000000002,0,71.429000000000002,0,0
MEI,188,1.0640000000000001,3.7229999999999999,0,94.680999999999997,0,0.53200000000000003
MEL,61,3.2789999999999999,91.802999999999997,0,3.2789999999999999,0,1.639
MELANIE,2168,2.306,92.343000000000004,2.8140000000000001,2.2599999999999998,0.185,9.1999999999999998E-2
MELBA,116,18.103000000000002,52.585999999999999,13.792999999999999,14.654999999999999,0,0.86199999999999999
MELCHOR,30,63.332999999999998,3.3330000000000002,0,33.332999999999998,0,0
MELINA,49,18.367000000000001,69.388000000000005,2.0409999999999999,8.1630000000000003,2.0409999999999999,0
MELINDA,1572,3.5619999999999998,92.111999999999995,1.718,2.036,0.318,0.254
MELISA,137,8.0289999999999999,89.051000000000002,0.73,2.19,0,0
MELISSA,7205,3.6640000000000001,93.531999999999996,1.4570000000000001,1.083,0.16700000000000001,9.7000000000000003E-2
MELLISA,25,0,100,0,0,0,0
MELODIE,86,0,90.697999999999993,5.8140000000000001,3.488,0,0
MELODY,634,2.9969999999999999,89.748000000000005,2.9969999999999999,3.7850000000000001,0.47299999999999998,0
MELONIE,37,0,83.784000000000006,10.811,0,5.4050000000000002,0
MELVA,63,15.872999999999999,49.206000000000003,33.332999999999998,1.587,0,0
MELVIN,997,5.3159999999999998,66.599999999999994,22.768000000000001,4.3129999999999997,0.60199999999999998,0.40100000000000002
MELVYN,46,4.3479999999999999,76.087000000000003,4.3479999999999999,13.042999999999999,0,2.1739999999999999
MENG,35,0,0,0,100,0,0
MERCEDES,281,63.701000000000001,24.911000000000001,4.2699999999999996,7.117,0,0
MERCY,55,29.091000000000001,18.181999999999999,16.364000000000001,34.545000000000002,1.8180000000000001,0
MEREDITH,767,0.39100000000000001,97.262,1.5649999999999999,0.65200000000000002,0.13,0
MERI,41,0,95.122,0,2.4390000000000001,0,2.4390000000000001
MERIDETH,23,0,100,0,0,0,0
MERIDITH,32,3.125,96.875,0,0,0,0
MERLE,188,1.0640000000000001,90.956999999999994,3.7229999999999999,4.2549999999999999,0,0
MERLIN,80,6.25,86.25,5,2.5,0,0
MERRI,41,0,97.561000000000007,0,0,0,2.4390000000000001
MERRIE,48,0,100,0,0,0,0
MERRILEE,32,3.125,93.75,0,0,3.125,0
MERRILL,112,0,99.106999999999999,0.89300000000000002,0,0,0
MERRITT,46,2.1739999999999999,97.825999999999993,0,0,0,0
MERRY,89,1.1240000000000001,93.257999999999996,1.1240000000000001,4.4939999999999998,0,0
MERVIN,53,1.887,73.584999999999994,15.093999999999999,7.5469999999999997,1.887,0
MERYL,67,0,98.507000000000005,0,1.4930000000000001,0,0
MI,116,0,4.3099999999999996,0.86199999999999999,94.828000000000003,0,0
MIA,153,6.5359999999999996,63.399000000000001,22.222000000000001,6.5359999999999996,0,1.3069999999999999
MIAO,16,0,0,0,100,0,0
MICA,23,0,100,0,0,0,0
MICAELA,55,67.272999999999996,30.908999999999999,0,1.8180000000000001,0,0
MICAH,282,0.70899999999999996,93.971999999999994,3.1909999999999998,2.1280000000000001,0,0
MICAHEL,35,0,100,0,0,0,0
MICHAEL,59532,1.6930000000000001,94.363,2.1419999999999999,1.5920000000000001,9.1999999999999998E-2,0.11799999999999999
MICHAELA,125,1.6,93.6,2.4,2.4,0,0
MICHAELENE,17,0,100,0,0,0,0
MICHAL,110,0.90900000000000003,98.182000000000002,0,0.90900000000000003,0,0
MICHALE,17,0,100,0,0,0,0
MICHEAL,170,1.7649999999999999,87.647000000000006,10,0.58799999999999997,0,0
MICHEL,184,9.7829999999999995,83.152000000000001,5.9779999999999998,1.087,0,0
MICHELE,3456,1.62,94.704999999999998,2.6040000000000001,0.86799999999999999,0.11600000000000001,8.6999999999999994E-2
MICHELINE,35,2.8570000000000002,88.570999999999998,8.5709999999999997,0,0,0
MICHELL,32,3.125,90.625,3.125,3.125,0,0
MICHELLE,9906,3.0489999999999999,90.682000000000002,3.4020000000000001,2.5840000000000001,0.151,0.13100000000000001
MICKEY,195,2.5640000000000001,87.179000000000002,5.1280000000000001,4.6150000000000002,0.51300000000000001,0
MICKIE,21,0,100,0,0,0,0
MIECZYSLAW,21,0,100,0,0,0,0
MIGDALIA,43,76.744,23.256,0,0,0,0
MIGUEL,1768,92.025000000000006,6.165,0.56599999999999995,1.131,0.113,0
MIHAELA,35,5.7140000000000004,94.286000000000001,0,0,0,0
MIHAI,36,0,97.221999999999994,0,2.778,0,0
MIHAIL,18,0,100,0,0,0,0
MIKAEL,21,0,100,0,0,0,0
MIKE,1084,5.9960000000000004,81.55,0.73799999999999999,11.715999999999999,0,0
MIKEL,80,1.25,91.25,3.75,3.75,0,0
MIKHAIL,176,0,96.590999999999994,0,2.8410000000000002,0.56799999999999995,0
MIKKI,25,0,100,0,0,0,0
MILA,56,3.5710000000000002,55.356999999999999,1.786,39.286000000000001,0,0
MILAGROS,138,50,13.768000000000001,0.72499999999999998,34.783000000000001,0.72499999999999998,0
MILAN,102,0,84.313999999999993,0,12.744999999999999,2.9409999999999998,0
MILDRED,597,7.7050000000000001,69.179000000000002,17.922999999999998,4.6900000000000004,0.16800000000000001,0.33500000000000002
MILENA,46,10.87,86.956999999999994,0,2.1739999999999999,0,0
MILES,227,0.441,88.986999999999995,4.4050000000000002,5.7270000000000003,0,0.441
MILIND,38,0,23.684000000000001,2.6320000000000001,73.683999999999997,0,0
MILLARD,52,1.923,90.385000000000005,5.7690000000000001,1.923,0,0
MILLICENT,60,3.3330000000000002,65,25,5,0,1.667
MILLIE,63,1.587,74.602999999999994,12.698,11.111000000000001,0,0
MILO,53,5.66,84.906000000000006,3.774,1.887,3.774,0
MILOS,15,0,100,0,0,0,0
MILTON,511,14.677,62.622,17.417000000000002,5.2839999999999998,0,0
MIMI,113,1.77,58.406999999999996,1.77,38.052999999999997,0,0
MIN,226,0,1.327,0,98.673000000000002,0,0
MINA,124,3.226,64.516000000000005,5.6449999999999996,25.806000000000001,0,0.80600000000000005
MINDI,63,0,100,0,0,0,0
MINDY,501,1.796,91.218000000000004,0.2,6.5869999999999997,0.2,0
MINERVA,122,59.015999999999998,19.672000000000001,4.9180000000000001,16.393000000000001,0,0
MING,238,0.84,1.681,0,97.058999999999997,0,0.42
MINH,323,0.61899999999999999,1.238,0,97.832999999999998,0,0.31
MINNIE,90,1.111,45.555999999999997,48.889000000000003,4.444,0,0
MIRA,52,1.923,76.923000000000002,3.8460000000000001,17.308,0,0
MIRANDA,223,4.484,84.305000000000007,5.83,5.3810000000000002,0,0
MIRCEA,29,0,100,0,0,0,0
MIREILLE,32,3.125,65.625,28.125,3.125,0,0
MIRELA,29,0,100,0,0,0,0
MIREYA,56,82.143000000000001,14.286,1.786,1.786,0,0
MIRIAM,696,29.741,63.649000000000001,3.5920000000000001,2.73,0.14399999999999999,0.14399999999999999
MIRNA,96,82.292000000000002,16.667000000000002,0,1.042,0,0
MIROSLAW,39,0,100,0,0,0,0
MISAEL,42,88.094999999999999,7.1429999999999998,0,4.7619999999999996,0,0
MISTI,70,0,94.286000000000001,1.429,1.429,2.8570000000000002,0
MISTY,501,0.998,96.406999999999996,1.796,0.2,0.39900000000000002,0.2
MITCH,80,1.25,95,0,2.5,0,1.25
MITCHEL,80,2.5,91.25,3.75,2.5,0,0
MITCHELL,1291,1.5489999999999999,93.337999999999994,2.9430000000000001,1.704,0.23200000000000001,0.23200000000000001
MITRA,41,4.8780000000000001,68.293000000000006,4.8780000000000001,19.512,2.4390000000000001,0
MITZI,158,5.0629999999999997,86.709000000000003,3.165,4.43,0,0.63300000000000001
MODESTO,50,84,0,0,16,0,0
MOHAMAD,97,1.0309999999999999,80.412000000000006,1.0309999999999999,16.495000000000001,0,1.0309999999999999
MOHAMED,265,1.887,58.113,11.321,26.038,2.2639999999999998,0.377
MOHAMMAD,614,0.48899999999999999,46.905999999999999,0.81399999999999995,49.511000000000003,1.3029999999999999,0.97699999999999998
MOHAMMED,421,0.95,36.817,4.5129999999999999,54.631999999999998,2.85,0.23799999999999999
MOHAN,110,1.8180000000000001,18.181999999999999,0,78.182000000000002,1.8180000000000001,0
MOHSEN,59,0,86.441000000000003,0,13.558999999999999,0,0
MOIRA,115,2.609,94.783000000000001,0.87,1.7390000000000001,0,0
MOISES,194,86.597999999999999,8.2469999999999999,0,4.6390000000000002,0.51500000000000001,0
MOLLIE,130,1.538,95.385000000000005,3.077,0,0,0
MOLLY,1008,0.99199999999999999,96.031999999999996,0.59499999999999997,2.0830000000000002,0,0.29799999999999999
MONA,392,4.3369999999999997,75.510000000000005,6.3780000000000001,13.52,0,0.255
MONICA,2490,19.398,69.759,7.3090000000000002,3.173,0.161,0.20100000000000001
MONIKA,285,1.754,87.367999999999995,1.4039999999999999,8.7720000000000002,0.35099999999999998,0.35099999999999998
MONIQUE,458,8.2970000000000006,62.881999999999998,24.016999999999999,3.7120000000000002,0,1.0920000000000001
MONROE,30,0,63.332999999999998,36.667000000000002,0,0,0
MONTE,225,1.778,94.667000000000002,3.1110000000000002,0.44400000000000001,0,0
MONTGOMERY,34,0,97.058999999999997,0,2.9409999999999998,0,0
MONTY,155,3.226,93.548000000000002,0,1.9350000000000001,1.29,0
MOON,37,2.7029999999999998,8.1080000000000005,0,89.188999999999993,0,0
MORDECHAI,23,0,100,0,0,0,0
MORGAN,416,0.72099999999999997,93.51,1.6830000000000001,3.8460000000000001,0.24,0
MORRIS,272,1.103,81.984999999999999,14.337999999999999,2.206,0.36799999999999999,0
MORTON,67,1.4930000000000001,92.537000000000006,2.9849999999999999,2.9849999999999999,0,0
MOSES,104,12.5,40.384999999999998,35.576999999999998,11.538,0,0
MOSHE,80,0,97.5,0,2.5,0,0
MOSTAFA,31,3.226,70.968000000000004,0,25.806000000000001,0,0
MU,22,0,0,0,100,0,0
MUHAMMAD,217,0,36.866,3.6869999999999998,57.603999999999999,0.46100000000000002,1.3819999999999999
MUKESH,70,1.429,22.856999999999999,0,72.856999999999999,2.8570000000000002,0
MURALI,50,0,12,0,86,2,0
MURAT,35,0,97.143000000000001,2.8570000000000002,0,0,0
MURIEL,158,3.165,75.316000000000003,18.986999999999998,1.899,0,0.63300000000000001
MURRAY,170,0,97.647000000000006,2.3530000000000002,0,0,0
MUSTAFA,68,0,75,7.3529999999999998,17.646999999999998,0,0
MY,79,0,5.0629999999999997,1.266,93.671000000000006,0,0
MYKHAYLO,17,0,100,0,0,0,0
MYLES,85,1.1759999999999999,89.412000000000006,5.8819999999999997,3.5289999999999999,0,0
MYONG,49,2.0409999999999999,16.327000000000002,0,79.591999999999999,0,2.0409999999999999
MYRA,322,6.5220000000000002,76.707999999999998,9.6270000000000007,6.8319999999999999,0.311,0
MYRIAM,54,42.593000000000004,42.593000000000004,9.2590000000000003,5.556,0,0
MYRNA,327,18.042999999999999,59.939,4.2809999999999997,16.82,0,0.91700000000000004
MYRON,266,0.376,83.834999999999994,12.406000000000001,2.6320000000000001,0.376,0.376
MYRTLE,77,0,55.844000000000001,40.26,2.597,1.2989999999999999,0
MYUNG,81,0,0,0,100,0,0
NABIL,96,3.125,85.417000000000002,1.042,10.417,0,0
NADA,49,2.0409999999999999,95.918000000000006,0,2.0409999999999999,0,0
NADEEM,36,0,36.110999999999997,2.778,58.332999999999998,0,2.778
NADER,96,0,88.542000000000002,0,11.458,0,0
NADEZHDA,38,0,100,0,0,0,0
NADIA,206,11.164999999999999,66.989999999999995,8.2520000000000007,12.135999999999999,0.48499999999999999,0.97099999999999997
NADINE,411,1.7030000000000001,81.751999999999995,11.192,4.6230000000000002,0.24299999999999999,0.48699999999999999
NAI,24,0,0,0,100,0,0
NALINI,32,0,43.75,6.25,50,0,0
NAM,122,0,0.82,0,99.18,0,0
NAN,122,0.82,68.033000000000001,0.82,29.507999999999999,0.82,0
NANCEE,23,0,100,0,0,0,0
NANCI,104,7.6920000000000002,91.346000000000004,0.96199999999999997,0,0,0
NANCIE,36,2.778,88.888999999999996,2.778,2.778,2.778,0
NANCY,11532,3.59,93.158000000000001,0.85,2.1850000000000001,0.113,0.104
NANETTE,279,2.5089999999999999,88.171999999999997,2.867,6.452,0,0
NANG,16,0,0,0,100,0,0
NANNETTE,80,3.75,90,5,0,1.25,0
NAOMI,488,7.3769999999999998,75.819999999999993,7.992,8.1969999999999992,0.41,0.20499999999999999
NAPOLEON,33,27.273,18.181999999999999,36.363999999999997,18.181999999999999,0,0
NARCISO,31,58.064999999999998,19.355,0,22.581,0,0
NARENDRA,54,0,12.962999999999999,0,87.037000000000006,0,0
NARESH,54,0,16.667000000000002,1.8520000000000001,79.63,1.8520000000000001,0
NARINDER,52,0,11.538,0,86.537999999999997,1.923,0
NASSER,41,0,75.61,0,21.951000000000001,0,2.4390000000000001
NATALIA,225,22.222000000000001,72.888999999999996,2.222,2.222,0.44400000000000001,0
NATALIE,1580,4.1769999999999996,89.747,4.367,1.2030000000000001,0.316,0.19
NATALIYA,70,1.429,98.570999999999998,0,0,0,0
NATALYA,91,1.099,96.703000000000003,0,2.198,0,0
NATASHA,372,4.032,68.816999999999993,23.387,3.226,0.26900000000000002,0.26900000000000002
NATE,32,0,100,0,0,0,0
NATHALIE,85,8.2349999999999994,72.941000000000003,11.765000000000001,5.8819999999999997,0,1.1759999999999999
NATHAN,2864,0.873,94.308999999999997,2.2349999999999999,2.13,0.24399999999999999,0.20899999999999999
NATHANAEL,72,2.778,88.888999999999996,4.1669999999999998,4.1669999999999998,0,0
NATHANIEL,723,1.383,73.721000000000004,22.545000000000002,1.9359999999999999,0.27700000000000002,0.13800000000000001
NATIVIDAD,66,57.576000000000001,10.606,0,31.818000000000001,0,0
NAVEEN,59,5.085,25.423999999999999,0,69.492000000000004,0,0
NAVIN,32,0,15.625,3.125,78.125,3.125,0
NEAL,675,0.29599999999999999,95.703999999999994,0.88900000000000001,2.8149999999999999,0.29599999999999999,0
NED,120,4.1669999999999998,87.5,5.8330000000000002,2.5,0,0
NEDRA,42,0,83.332999999999998,16.667000000000002,0,0,0
NEELAM,37,0,27.027000000000001,0,70.27,2.7029999999999998,0
NEENA,34,2.9409999999999998,47.058999999999997,0,50,0,0
NEERAJ,45,0,17.777999999999999,0,82.221999999999994,0,0
NEETA,31,3.226,22.581,0,70.968000000000004,3.226,0
NEHA,45,0,24.443999999999999,2.222,73.332999999999998,0,0
NEIL,1476,1.1519999999999999,94.783000000000001,1.016,2.778,0.13600000000000001,0.13600000000000001
NELDA,83,12.048,79.518000000000001,6.024,2.41,0,0
NELIA,34,17.646999999999998,32.353000000000002,0,50,0,0
NELL,42,0,92.856999999999999,7.1429999999999998,0,0,0
NELLA,16,0,100,0,0,0,0
NELLIE,168,19.643000000000001,58.332999999999998,14.286,7.1429999999999998,0.59499999999999997,0
NELLY,110,55.454999999999998,31.818000000000001,1.8180000000000001,10.909000000000001,0,0
NELSON,694,37.607999999999997,46.398000000000003,3.746,11.526999999999999,0.57599999999999996,0.14399999999999999
NENITA,51,3.9220000000000002,11.765000000000001,0,84.313999999999993,0,0
NESTOR,146,64.384,10.959,0.68500000000000005,23.972999999999999,0,0
NETTIE,46,0,54.347999999999999,45.652000000000001,0,0,0
NEVA,51,1.9610000000000001,96.078000000000003,0,0,1.9610000000000001,0
NEVILLE,43,2.3260000000000001,65.116,30.233000000000001,2.3260000000000001,0,0
NEVIN,37,0,83.784000000000006,0,13.513999999999999,2.7029999999999998,0
NEWTON,39,5.1280000000000001,71.795000000000002,7.6920000000000002,15.385,0,0
NGA,89,0,0,0,100,0,0
NGAN,32,0,3.125,0,96.875,0,0
NGHIA,64,0,3.125,0,96.875,0,0
NGOC,93,0,2.1509999999999998,0,97.849000000000004,0,0
NGUYEN,49,2.0409999999999999,2.0409999999999999,0,93.878,0,2.0409999999999999
NGUYET,31,0,0,0,100,0,0
NHAN,62,0,0,0,98.387,0,1.613
NHU,23,0,0,0,100,0,0
NIALL,30,0,100,0,0,0,0
NICHOL,34,0,88.234999999999999,8.8239999999999998,2.9409999999999998,0,0
NICHOLAS,4673,2.5249999999999999,95.034999999999997,1.3049999999999999,1.006,2.1000000000000001E-2,0.107
NICHOLAUS,15,0,100,0,0,0,0
NICHOLE,410,1.7070000000000001,87.805000000000007,9.5120000000000005,0.48799999999999999,0,0.48799999999999999
NICK,545,6.9720000000000004,85.688000000000002,0.36699999999999999,6.6059999999999999,0.183,0.183
NICKI,60,1.667,95,1.667,1.667,0,0
NICKIE,30,0,96.667000000000002,3.3330000000000002,0,0,0
NICKOLAS,106,2.83,94.34,0.94299999999999995,0,0.94299999999999995,0.94299999999999995
NICKY,38,5.2629999999999999,78.947000000000003,2.6320000000000001,13.157999999999999,0,0
NICOLA,181,1.105,87.844999999999999,9.3919999999999995,1.105,0.55200000000000005,0
NICOLAE,36,5.556,91.667000000000002,0,2.778,0,0
NICOLAS,374,44.118000000000002,51.872,1.337,2.6739999999999999,0,0
NICOLE,4188,2.4359999999999999,91.141000000000005,4.99,1.194,9.6000000000000002E-2,0.14299999999999999
NICOLETTA,22,0,100,0,0,0,0
NICOLETTE,92,4.3479999999999999,92.391000000000005,2.1739999999999999,1.087,0,0
NICOLLE,40,0,92.5,5,2.5,0,0
NIELS,34,0,100,0,0,0,0
NIGEL,100,0,79,15,6,0,0
NIKHIL,45,0,28.888999999999999,0,71.111000000000004,0,0
NIKI,59,0,86.441000000000003,1.6950000000000001,11.864000000000001,0,0
NIKKI,301,4.319,82.724000000000004,6.3120000000000003,5.98,0.66400000000000003,0
NIKOLA,22,0,100,0,0,0,0
NIKOLAI,32,0,96.875,0,0,0,3.125
NIKOLAOS,51,0,98.039000000000001,0,0,1.9610000000000001,0
NIKOLAS,43,2.3260000000000001,90.697999999999993,4.6509999999999998,2.3260000000000001,0,0
NIKOLAUS,17,0,100,0,0,0,0
NIKOLAY,90,0,100,0,0,0,0
NIKOLE,34,0,97.058999999999997,2.9409999999999998,0,0,0
NILA,36,2.778,69.444000000000003,0,27.777999999999999,0,0
NILDA,67,74.626999999999995,8.9550000000000001,0,16.417999999999999,0,0
NILES,35,2.8570000000000002,97.143000000000001,0,0,0,0
NILESH,56,0,19.643000000000001,0,78.570999999999998,1.786,0
NILS,57,1.754,98.245999999999995,0,0,0,0
NINA,716,3.492,83.52,4.7489999999999997,7.6820000000000004,0.27900000000000003,0.27900000000000003
NING,61,0,3.2789999999999999,0,96.721000000000004,0,0
NIRMAL,39,2.5640000000000001,28.204999999999998,0,66.667000000000002,0,2.5640000000000001
NIRMALA,38,0,15.789,5.2629999999999999,78.947000000000003,0,0
NISHA,53,0,26.414999999999999,3.774,67.924999999999997,1.887,0
NITA,106,0.94299999999999995,67.924999999999997,0,30.189,0.94299999999999995,0
NITIN,77,1.2989999999999999,18.181999999999999,0,76.623000000000005,2.597,1.2989999999999999
NOAH,264,1.5149999999999999,92.045000000000002,2.2730000000000001,3.4089999999999998,0.379,0.379
NOE,136,90.441000000000003,6.6180000000000003,0,2.9409999999999998,0,0
NOEL,566,19.434999999999999,62.366999999999997,4.24,13.603999999999999,0.17699999999999999,0.17699999999999999
NOELIA,34,73.528999999999996,26.471,0,0,0,0
NOELLE,186,1.075,93.548000000000002,2.6880000000000002,2.1509999999999998,0.53800000000000003,0
NOEMI,106,65.093999999999994,15.093999999999999,2.83,16.981000000000002,0,0
NOLA,79,1.266,91.138999999999996,7.5949999999999998,0,0,0
NOLAN,137,1.46,83.941999999999993,5.109,9.4890000000000008,0,0
NONA,77,1.2989999999999999,83.117000000000004,10.39,3.8959999999999999,0,1.2989999999999999
NORA,573,20.07,68.585999999999999,3.839,7.1550000000000002,0,0.34899999999999998
NORBERT,143,2.7970000000000002,90.909000000000006,2.7970000000000002,2.7970000000000002,0.69899999999999995,0
NORBERTO,78,79.486999999999995,8.9740000000000002,0,11.538,0,0
NOREEN,301,1.329,90.697999999999993,1.661,5.98,0.33200000000000002,0
NORINE,35,0,91.429000000000002,0,8.5709999999999997,0,0
NORM,23,0,100,0,0,0,0
NORMA,1487,34.027999999999999,55.884,6.0519999999999996,3.4969999999999999,0.26900000000000002,0.26900000000000002
NORMAN,1695,1.4159999999999999,88.790999999999997,5.133,4.3659999999999997,0.17699999999999999,0.11799999999999999
NORMAND,46,0,95.652000000000001,0,2.1739999999999999,0,2.1739999999999999
NORRIS,55,0,61.817999999999998,32.726999999999997,5.4550000000000001,0,0
NUBIA,34,94.117999999999995,5.8819999999999997,0,0,0,0
NUNZIO,16,0,100,0,0,0,0
NYDIA,32,65.625,28.125,0,6.25,0,0
OANH,43,0,4.6509999999999998,2.3260000000000001,93.022999999999996,0,0
OBDULIA,15,100,0,0,0,0,0
OCTAVIA,31,9.6769999999999996,19.355,70.968000000000004,0,0,0
OCTAVIANO,16,100,0,0,0,0,0
OCTAVIO,151,88.078999999999994,10.596,0.66200000000000003,0.66200000000000003,0,0
ODELL,33,0,36.363999999999997,63.636000000000003,0,0,0
ODESSA,38,2.6320000000000001,34.210999999999999,60.526000000000003,2.6320000000000001,0,0
ODETTE,31,16.129000000000001,58.064999999999998,19.355,6.452,0,0
OFELIA,177,72.316000000000003,10.169,0,17.513999999999999,0,0
OFER,16,0,100,0,0,0,0
OK,43,0,2.3260000000000001,0,97.674000000000007,0,0
OKSANA,96,1.042,96.875,0,2.0830000000000002,0,0
OLA,40,0,45,45,7.5,0,2.5
OLE,23,0,100,0,0,0,0
OLEG,140,0,98.570999999999998,0,1.429,0,0
OLENA,22,0,100,0,0,0,0
OLGA,831,43.320999999999998,53.43,1.8049999999999999,1.444,0,0
OLIN,33,0,93.938999999999993,6.0609999999999999,0,0,0
OLIVE,39,2.5640000000000001,64.102999999999994,28.204999999999998,5.1280000000000001,0,0
OLIVER,312,7.6920000000000002,66.346000000000004,14.744,10.897,0,0.32100000000000001
OLIVIA,449,37.194000000000003,47.661000000000001,6.6820000000000004,7.7949999999999999,0.44500000000000001,0.223
OLIVIER,37,5.4050000000000002,81.081000000000003,10.811,2.7029999999999998,0,0
OLLIE,53,0,39.622999999999998,54.716999999999999,5.66,0,0
OMAR,453,64.459000000000003,21.853999999999999,7.5060000000000002,5.74,0,0.442
OMER,44,6.8179999999999996,75,4.5449999999999999,13.635999999999999,0,0
OMID,33,9.0909999999999993,69.697000000000003,0,18.181999999999999,3.03,0
OPAL,58,1.724,81.034000000000006,17.241,0,0,0
ORA,49,0,51.02,48.98,0,0,0
ORALIA,49,93.878,6.1219999999999999,0,0,0,0
OREN,58,0,94.828000000000003,5.1719999999999997,0,0,0
ORLANDO,304,68.091999999999999,12.829000000000001,9.5389999999999997,8.5530000000000008,0.65800000000000003,0.32900000000000001
ORRIN,16,0,100,0,0,0,0
ORVILLE,119,1.681,83.192999999999998,10.084,3.3610000000000002,1.681,0
OSCAR,1132,75.087999999999994,15.813000000000001,4.1520000000000001,4.4169999999999998,0.442,8.7999999999999995E-2
OSVALDO,95,81.052999999999997,16.841999999999999,0,2.105,0,0
OSWALDO,44,93.182000000000002,6.8179999999999996,0,0,0,0
OTIS,131,0.76300000000000001,51.145000000000003,47.328000000000003,0.76300000000000001,0,0
OTTO,123,28.454999999999998,60.975999999999999,2.4390000000000001,7.3170000000000002,0,0.81299999999999994
OWEN,285,1.0529999999999999,88.07,7.3680000000000003,3.5089999999999999,0,0
PABLO,435,85.747,7.8159999999999998,0.23,5.9770000000000003,0,0.23
PADMA,32,0,25,0,75,0,0
PAGE,53,0,96.225999999999999,1.887,1.887,0,0
PAIGE,375,0.53300000000000003,96.8,1.0669999999999999,1.333,0,0.26700000000000002
PAM,192,2.0830000000000002,92.707999999999998,2.6040000000000001,2.6040000000000001,0,0
PAMALA,59,1.6950000000000001,84.745999999999995,6.78,3.39,0,3.39
PAMELA,8124,1.2190000000000001,92.688000000000002,4.7759999999999998,1.1080000000000001,8.5999999999999993E-2,0.123
PAMELLA,34,2.9409999999999998,85.293999999999997,11.765000000000001,0,0,0
PANAGIOTIS,38,0,97.367999999999995,2.6320000000000001,0,0,0
PANKAJ,89,0,10.112,0,86.516999999999996,3.371,0
PAOLA,91,42.856999999999999,57.143000000000001,0,0,0,0
PAOLO,73,10.959,78.081999999999994,0,8.2189999999999994,0,2.74
PARAG,41,2.4390000000000001,24.39,0,70.731999999999999,2.4390000000000001,0
PARAMJIT,55,1.8180000000000001,20,0,72.727000000000004,1.8180000000000001,3.6360000000000001
PARESH,47,0,19.149000000000001,0,80.850999999999999,0,0
PARIS,40,0,80,17.5,0,2.5,0
PARKER,64,0,92.188000000000002,4.6879999999999997,1.5629999999999999,1.5629999999999999,0
PARMINDER,42,0,16.667000000000002,0,76.19,2.3809999999999998,4.7619999999999996
PARUL,42,0,11.904999999999999,0,85.713999999999999,2.3809999999999998,0
PARVIN,30,0,66.667000000000002,0,33.332999999999998,0,0
PARVIZ,34,0,82.352999999999994,0,17.646999999999998,0,0
PASCAL,49,2.0409999999999999,77.551000000000002,12.244999999999999,6.1219999999999999,2.0409999999999999,0
PASCUAL,58,86.206999999999994,5.1719999999999997,1.724,6.8970000000000002,0,0
PASQUALE,158,1.899,97.468000000000004,0,0.63300000000000001,0,0
PAT,221,3.1669999999999998,88.234999999999999,2.7149999999999999,5.43,0,0.45200000000000001
PATIENCE,36,0,55.555999999999997,44.444000000000003,0,0,0
PATRICA,32,6.25,84.375,6.25,3.125,0,0
PATRICE,450,1.333,85.332999999999998,13.111000000000001,0.222,0,0
PATRICIA,16894,4.9370000000000003,90.066999999999993,3.919,0.78700000000000003,0.13600000000000001,0.154
PATRICIO,55,74.545000000000002,12.727,0,12.727,0,0
PATRICK,8553,1.204,93.944000000000003,2.4319999999999999,2.2570000000000001,8.2000000000000003E-2,8.2000000000000003E-2
PATSY,505,1.782,90.692999999999998,5.3470000000000004,1.5840000000000001,0.59399999999999997,0
PATTI,558,0.71699999999999997,96.594999999999999,0.53800000000000003,1.9710000000000001,0.17899999999999999,0
PATTIE,34,0,85.293999999999997,11.765000000000001,2.9409999999999998,0,0
PATTY,284,1.056,88.731999999999999,1.7609999999999999,8.0990000000000002,0.35199999999999998,0
PAUL,17354,2.1379999999999999,93.143000000000001,1.452,3.0659999999999998,0.109,9.1999999999999998E-2
PAULA,3501,3.3130000000000002,92.402000000000001,3.113,0.8,0.2,0.17100000000000001
PAULETTE,472,1.4830000000000001,79.025000000000006,16.102,2.1190000000000002,0.84699999999999998,0.42399999999999999
PAULINA,59,32.203000000000003,44.067999999999998,5.085,18.643999999999998,0,0
PAULINE,687,3.7850000000000001,76.709999999999994,11.645,7.7149999999999999,0,0.14599999999999999
PAULINO,30,63.332999999999998,20,0,16.667000000000002,0,0
PAULO,107,34.579000000000001,58.878999999999998,0.93500000000000005,5.6070000000000002,0,0
PAVEL,132,2.2730000000000001,96.97,0,0.75800000000000001,0,0
PAWEL,87,3.448,96.552000000000007,0,0,0,0
PEARL,197,7.1070000000000002,66.497,16.244,10.151999999999999,0,0
PEDER,17,0,100,0,0,0,0
PEDRO,1191,88.832999999999998,7.5570000000000004,1.2589999999999999,2.0990000000000002,0.16800000000000001,8.4000000000000005E-2
PEGGIE,32,0,62.5,31.25,6.25,0,0
PEGGY,2234,1.343,93.778000000000006,2.7309999999999999,1.611,0.26900000000000002,0.26900000000000002
PEI,45,0,0,0,100,0,0
PENELOPE,259,0.77200000000000002,94.594999999999999,1.544,2.3170000000000002,0.38600000000000001,0.38600000000000001
PENG,57,1.754,0,0,98.245999999999995,0,0
PENNI,43,2.3260000000000001,97.674000000000007,0,0,0,0
PENNIE,49,4.0819999999999999,87.754999999999995,6.1219999999999999,0,2.0409999999999999,0
PENNY,996,0.60199999999999998,95.08,2.3090000000000002,1.506,0.20100000000000001,0.30099999999999999
PER,38,0,100,0,0,0,0
PERCY,66,21.212,22.727,40.908999999999999,15.151999999999999,0,0
PERLA,74,59.459000000000003,18.919,0,21.622,0,0
PERRY,595,1.345,88.570999999999998,7.0590000000000002,2.8570000000000002,0,0.16800000000000001
PETAR,24,0,100,0,0,0,0
PETE,239,24.268000000000001,71.13,0.41799999999999998,4.1840000000000002,0,0
PETER,10054,1.94,91.674999999999997,1.1439999999999999,5.0430000000000001,9.9000000000000005E-2,9.9000000000000005E-2
PETR,58,0,96.552000000000007,1.724,0,1.724,0
PETRA,168,32.738,61.905000000000001,4.1669999999999998,1.19,0,0
PEYTON,31,0,93.548000000000002,3.226,3.226,0,0
PHAN,27,0,0,0,100,0,0
PHAT,46,0,0,0,100,0,0
PHI,31,6.452,3.226,0,90.322999999999993,0,0
PHIL,191,5.2359999999999998,82.198999999999998,2.0939999999999999,10.471,0,0
PHILIP,4418,1.5840000000000001,92.938000000000002,1.2450000000000001,4.0519999999999996,6.8000000000000005E-2,0.113
PHILIPPE,107,0.93500000000000005,89.72,2.8039999999999998,6.5419999999999998,0,0
PHILLIP,3023,2.9769999999999999,89.613,3.97,3.01,0.19800000000000001,0.23200000000000001
PHOEBE,89,1.1240000000000001,79.775000000000006,4.4939999999999998,14.606999999999999,0,0
PHONG,112,0,1.786,0,98.213999999999999,0,0
PHU,55,0,0,0,100,0,0
PHUC,69,0,2.899,0,95.652000000000001,0,1.4490000000000001
PHUNG,44,2.2730000000000001,2.2730000000000001,0,95.454999999999998,0,0
PHUOC,39,0,5.1280000000000001,0,94.872,0,0
PHUONG,223,0,2.242,0,96.861000000000004,0,0.89700000000000002
PHYLLIS,1697,1.4139999999999999,88.037999999999997,8.25,1.591,0.23599999999999999,0.47099999999999997
PIA,42,7.1429999999999998,66.667000000000002,9.5239999999999991,16.667000000000002,0,0
PIERRE,247,4.0490000000000004,59.918999999999997,28.745000000000001,6.0730000000000004,0.40500000000000003,0.81
PIETER,46,0,100,0,0,0,0
PIETRO,51,3.9220000000000002,96.078000000000003,0,0,0,0
PILAR,76,61.841999999999999,27.632000000000001,1.3160000000000001,9.2110000000000003,0,0
PING,148,0,3.3780000000000001,0,95.945999999999998,0,0.67600000000000005
PIOTR,130,0,99.230999999999995,0.76900000000000002,0,0,0
PIPER,37,0,91.891999999999996,5.4050000000000002,0,2.7029999999999998,0
PIYUSH,31,0,19.355,0,80.644999999999996,0,0
PO,30,0,3.3330000000000002,0,96.667000000000002,0,0
POLLY,222,0.90100000000000002,92.793000000000006,1.351,4.9550000000000001,0,0
POONAM,35,0,20,0,80,0,0
PORFIRIO,49,89.796000000000006,6.1219999999999999,0,4.0819999999999999,0,0
PORTIA,63,1.587,50.793999999999997,30.158999999999999,14.286,1.587,1.587
PRADEEP,73,0,12.329000000000001,0,86.301000000000002,0,1.37
PRAKASH,90,0,22.222000000000001,0,77.778000000000006,0,0
PRASAD,70,0,10,0,88.570999999999998,1.429,0
PRASHANT,81,0,17.283999999999999,0,79.012,2.4689999999999999,1.2350000000000001
PRAVEEN,78,1.282,23.077000000000002,1.282,71.795000000000002,0,2.5640000000000001
PRAVIN,44,0,25,0,70.454999999999998,2.2730000000000001,2.2730000000000001
PREETI,33,0,9.0909999999999993,0,87.879000000000005,3.03,0
PREM,44,0,31.818000000000001,0,63.636000000000003,2.2730000000000001,2.2730000000000001
PRESTON,268,0.373,85.075000000000003,10.448,2.9849999999999999,0.746,0.373
PRINCE,32,3.125,12.5,59.375,21.875,0,3.125
PRISCILLA,620,11.613,70.322999999999993,11.452,6.29,0.161,0.161
PRITI,48,0,22.917000000000002,0,72.917000000000002,4.1669999999999998,0
PRIYA,59,0,16.949000000000002,0,79.661000000000001,3.39,0
PRUDENCE,37,2.7029999999999998,86.486000000000004,10.811,0,0,0
PUI,27,0,0,0,100,0,0
QI,81,1.2350000000000001,2.4689999999999999,0,96.296000000000006,0,0
QIAN,53,1.887,0,0,98.113,0,0
QIANG,86,0,0,0,100,0,0
QIN,42,2.3809999999999998,0,0,95.238,0,2.3809999999999998
QING,109,0.91700000000000004,3.67,0,95.412999999999997,0,0
QIU,15,0,0,0,100,0,0
QUAN,104,0,2.8849999999999998,0,97.114999999999995,0,0
QUANG,117,1.7090000000000001,1.7090000000000001,0,95.725999999999999,0,0.85499999999999998
QUENTIN,104,0,71.153999999999996,23.077000000000002,5.7690000000000001,0,0
QUINCY,40,0,37.5,47.5,15,0,0
QUINN,91,2.198,83.516000000000005,4.3959999999999999,9.89,0,0
QUINTIN,40,7.5,55,32.5,5,0,0
QUINTON,45,2.222,51.110999999999997,44.444000000000003,2.222,0,0
QUOC,68,0,2.9409999999999998,0,97.058999999999997,0,0
QUY,38,0,5.2629999999999999,0,94.736999999999995,0,0
QUYEN,69,1.4490000000000001,5.7969999999999997,0,92.754000000000005,0,0
QUYNH,54,0,7.407,0,90.741,0,1.8520000000000001
RACHAEL,462,5.1950000000000003,91.126000000000005,2.165,1.0820000000000001,0.216,0.216
RACHEAL,32,12.5,84.375,3.125,0,0,0
RACHEL,3100,4.3869999999999996,90.805999999999997,2.29,2.355,3.2000000000000001E-2,0.129
RACHELE,40,2.5,97.5,0,0,0,0
RACHELLE,330,3.6360000000000001,91.515000000000001,2.4239999999999999,2.4239999999999999,0,0
RAE,164,1.22,90.853999999999999,4.2679999999999998,3.6589999999999998,0,0
RAELENE,21,0,100,0,0,0,0
RAFAEL,1116,88.441000000000003,8.8710000000000004,0.26900000000000002,2.419,0,0
RAFAELA,57,82.456000000000003,10.526,1.754,5.2629999999999999,0,0
RAFAL,38,7.8949999999999996,89.474000000000004,2.6320000000000001,0,0,0
RAFFAELE,24,0,100,0,0,0,0
RAFFI,33,0,96.97,0,3.03,0,0
RAFI,30,0,86.667000000000002,0,13.333,0,0
RAHUL,118,0,24.576000000000001,0.84699999999999998,72.034000000000006,1.6950000000000001,0.84699999999999998
RAINER,31,3.226,96.774000000000001,0,0,0,0
RAISA,34,0,97.058999999999997,2.9409999999999998,0,0,0
RAJ,95,0,22.105,0,77.894999999999996,0,0
RAJA,51,0,23.529,5.8819999999999997,70.587999999999994,0,0
RAJAN,47,0,36.17,0,61.701999999999998,2.1280000000000001,0
RAJEEV,70,0,7.1429999999999998,0,91.429000000000002,0,1.429
RAJENDRA,91,0,19.78,3.2970000000000002,73.626000000000005,3.2970000000000002,0
RAJESH,306,0.65400000000000003,17.974,0,79.084999999999994,1.9610000000000001,0.32700000000000001
RAJINDER,66,1.5149999999999999,25.757999999999999,0,68.182000000000002,4.5449999999999999,0
RAJIV,101,0,21.782,0,78.218000000000004,0,0
RAJU,43,0,13.952999999999999,0,79.069999999999993,4.6509999999999998,2.3260000000000001
RAKESH,143,0.69899999999999995,18.181999999999999,0.69899999999999995,78.322000000000003,1.399,0.69899999999999995
RALEIGH,40,2.5,95,2.5,0,0,0
RALF,46,2.1739999999999999,97.825999999999993,0,0,0,0
RALPH,2477,5.3689999999999998,88.656000000000006,4.32,1.1299999999999999,0.20200000000000001,0.32300000000000001
RAM,83,0,36.145000000000003,0,60.241,2.41,1.2050000000000001
RAMA,48,0,20.832999999999998,0,79.167000000000002,0,0
RAMAN,34,0,17.646999999999998,0,82.352999999999994,0,0
RAMESH,189,1.0580000000000001,21.164000000000001,0,75.661000000000001,2.1160000000000001,0
RAMI,42,0,85.713999999999999,0,14.286,0,0
RAMIN,59,0,84.745999999999995,0,15.254,0,0
RAMIRO,354,93.22,4.8019999999999996,0.28199999999999997,1.6950000000000001,0,0
RAMON,999,79.179000000000002,11.311,1.3009999999999999,8.0079999999999991,0,0.2
RAMONA,517,24.757999999999999,64.41,6.5759999999999996,3.8679999999999999,0.193,0.193
RANA,92,2.1739999999999999,73.912999999999997,2.1739999999999999,21.739000000000001,0,0
RANAE,30,0,100,0,0,0,0
RAND,73,1.37,94.521000000000001,1.37,2.74,0,0
RANDA,54,0,90.741,3.7040000000000002,5.556,0,0
RANDAL,451,1.109,95.343999999999994,1.109,1.996,0.443,0
RANDALL,2812,0.71099999999999997,96.727999999999994,0.996,1.387,7.0999999999999994E-2,0.107
RANDEE,48,2.0830000000000002,97.917000000000002,0,0,0,0
RANDEL,48,0,97.917000000000002,2.0830000000000002,0,0,0
RANDELL,79,3.7970000000000002,89.873000000000005,6.3289999999999997,0,0,0
RANDI,298,1.3420000000000001,95.972999999999999,2.3490000000000002,0.33600000000000002,0,0
RANDOLPH,502,2.7890000000000001,82.072000000000003,11.355,3.3860000000000001,0.19900000000000001,0.19900000000000001
RANDON,15,0,100,0,0,0,0
RANDY,3010,1.827,92.757000000000005,2.0270000000000001,3.09,0.16600000000000001,0.13300000000000001
RANIA,31,0,90.322999999999993,0,9.6769999999999996,0,0
RANJIT,61,0,29.507999999999999,0,68.852000000000004,1.639,0
RAOUL,33,15.151999999999999,51.515000000000001,12.121,21.212,0,0
RAPHAEL,96,17.707999999999998,58.332999999999998,16.667000000000002,7.2919999999999998,0,0
RAQUEL,390,56.667000000000002,32.308,4.6150000000000002,5.8970000000000002,0,0.51300000000000001
RASHID,32,0,28.125,15.625,56.25,0,0
RASHMI,64,0,17.187999999999999,0,82.813000000000002,0,0
RAUL,1015,89.260999999999996,7.0940000000000003,0.49299999999999999,3.0539999999999998,9.9000000000000005E-2,0
RAVI,195,0,20,0,76.41,2.5640000000000001,1.026
RAVINDER,68,2.9409999999999998,22.059000000000001,0,75,0,0
RAVINDRA,44,0,11.364000000000001,2.2730000000000001,86.364000000000004,0,0
RAY,999,6.8070000000000004,79.58,6.907,6.2060000000000004,0.3,0.2
RAYMOND,5195,5.4859999999999998,84.754999999999995,4.3499999999999996,5.12,0.13500000000000001,0.154
RAYMUNDO,107,90.653999999999996,4.673,0,4.673,0,0
RAYNA,36,2.778,69.444000000000003,19.443999999999999,2.778,5.556,0
REAGAN,31,0,96.774000000000001,0,3.226,0,0
REBA,88,0,88.635999999999996,7.9550000000000001,2.2730000000000001,1.1359999999999999,0
REBECA,84,65.475999999999999,34.524000000000001,0,0,0,0
REBECCA,7229,3.4860000000000002,94.052000000000007,0.83,1.369,0.124,0.13800000000000001
REBECKA,17,0,100,0,0,0,0
REBEKAH,387,1.55,96.382000000000005,1.034,1.034,0,0
REED,189,0,97.884,0.52900000000000003,1.587,0,0
REENA,52,0,40.384999999999998,0,55.768999999999998,1.923,1.923
REESE,36,0,100,0,0,0,0
REFUGIO,77,98.700999999999993,0,0,0,1.2989999999999999,0
REGAN,96,1.042,92.707999999999998,2.0830000000000002,4.1669999999999998,0,0
REGENA,23,0,100,0,0,0,0
REGGIE,54,5.556,68.519000000000005,20.37,5.556,0,0
REGINA,1434,6.0670000000000002,78.311999999999998,12.762,2.4409999999999998,0.20899999999999999,0.20899999999999999
REGINALD,487,1.8480000000000001,31.417000000000002,63.655000000000001,2.669,0,0.41099999999999998
REID,140,0,91.429000000000002,0.71399999999999997,7.1429999999999998,0.71399999999999997,0
REINA,115,73.912999999999997,22.609000000000002,0.87,2.609,0,0
REINALDO,57,82.456000000000003,14.035,0,3.5089999999999999,0,0
REKHA,50,0,30,2,66,2,0
REMEDIOS,53,16.981000000000002,9.4339999999999993,0,73.584999999999994,0,0
RENA,176,1.7050000000000001,86.932000000000002,9.0909999999999993,2.2730000000000001,0,0
RENAE,169,1.7749999999999999,94.082999999999998,3.55,0,0.59199999999999997,0
RENATA,143,11.888,85.314999999999998,2.7970000000000002,0,0,0
RENATE,92,1.087,97.825999999999993,0,1.087,0,0
RENATO,124,23.387,30.645,1.613,43.548000000000002,0,0.80600000000000005
RENE,800,44.875,48.125,2.625,4,0.125,0.25
RENEA,36,0,69.444000000000003,30.556000000000001,0,0,0
RENEE,2317,1.9419999999999999,91.281999999999996,4.7910000000000004,1.64,8.5999999999999993E-2,0.25900000000000001
RENITA,52,0,51.923000000000002,46.154000000000003,1.923,0,0
RENU,35,0,22.856999999999999,0,77.143000000000001,0,0
RENUKA,32,0,21.875,0,75,3.125,0
RETHA,33,0,84.847999999999999,15.151999999999999,0,0,0
REUBEN,109,18.349,58.716000000000001,20.183,2.7519999999999998,0,0
REVA,62,0,75.805999999999997,22.581,0,1.613,0
REX,441,0.90700000000000003,90.022999999999996,0.45400000000000001,8.6170000000000009,0,0
REY,46,50,10.87,0,39.130000000000003,0,0
REYES,54,96.296000000000006,1.8520000000000001,0,1.8520000000000001,0,0
REYNA,91,87.912000000000006,9.89,2.198,0,0,0
REYNALDO,267,65.168999999999997,5.6180000000000003,0.749,28.463999999999999,0,0
REYNOLD,43,0,67.441999999999993,18.605,13.952999999999999,0,0
REZA,120,0,80.832999999999998,0,19.167000000000002,0,0
RHEA,84,2.3809999999999998,82.143000000000001,7.1429999999999998,7.1429999999999998,1.19,0
RHETT,79,0,100,0,0,0,0
RHIANNON,57,1.754,98.245999999999995,0,0,0,0
RHODA,102,6.8630000000000004,70.587999999999994,15.686,6.8630000000000004,0,0
RHONDA,2096,0.85899999999999999,90.457999999999998,7.8239999999999998,0.33400000000000002,0.38200000000000001,0.14299999999999999
RIAN,33,0,93.938999999999993,6.0609999999999999,0,0,0
RICARDO,1232,78.570999999999998,12.256,3.8959999999999999,5.2759999999999998,0,0
RICH,65,0,98.462000000000003,0,1.538,0,0
RICHARD,29033,2.8690000000000002,93.697000000000003,1.409,1.8009999999999999,7.9000000000000001E-2,0.14499999999999999
RICHELLE,84,0,90.475999999999999,4.7619999999999996,4.7619999999999996,0,0
RICHIE,35,5.7140000000000004,68.570999999999998,17.143000000000001,8.5709999999999997,0,0
RICHMOND,34,0,70.587999999999994,8.8239999999999998,20.588000000000001,0,0
RICK,1371,2.7719999999999998,93.144000000000005,0.72899999999999998,2.8450000000000002,0.29199999999999998,0.219
RICKEY,281,0.35599999999999998,84.697999999999993,13.879,0.71199999999999997,0,0.35599999999999998
RICKI,37,2.7029999999999998,86.486000000000004,8.1080000000000005,2.7029999999999998,0,0
RICKIE,123,0.81299999999999994,87.805000000000007,10.569000000000001,0.81299999999999994,0,0
RICKY,1180,2.5419999999999998,84.915000000000006,7.0339999999999998,5.1689999999999996,0.16900000000000001,0.16900000000000001
RICO,38,21.053000000000001,28.946999999999999,18.420999999999999,28.946999999999999,0,2.6320000000000001
RIGOBERTO,244,96.721000000000004,2.4590000000000001,0,0.41,0.41,0
RIKKI,36,0,97.221999999999994,2.778,0,0,0
RILEY,69,0,85.507000000000005,13.042999999999999,1.4490000000000001,0,0
RIMA,36,0,91.667000000000002,0,8.3330000000000002,0,0
RINA,74,18.919,50,1.351,28.378,0,1.351
RISA,50,2,96,0,2,0,0
RITA,1937,8.3119999999999994,81.052999999999997,4.75,5.6790000000000003,5.1999999999999998E-2,0.155
RITCHIE,31,3.226,80.644999999999996,6.452,9.6769999999999996,0,0
RITESH,33,0,18.181999999999999,0,78.787999999999997,0,3.03
RITU,41,0,17.073,0,80.488,2.4390000000000001,0
ROB,143,0.69899999999999995,97.902000000000001,0.69899999999999995,0,0.69899999999999995,0
ROBB,69,1.4490000000000001,95.652000000000001,0,2.899,0,0
ROBBIE,247,0.81,87.853999999999999,10.930999999999999,0.40500000000000003,0,0
ROBBIN,114,0,89.474000000000004,10.526,0,0,0
ROBBY,69,1.4490000000000001,94.203000000000003,0,4.3479999999999999,0,0
ROBERT,48260,2.1379999999999999,94.510999999999996,2.161,0.92400000000000004,0.128,0.13700000000000001
ROBERTA,1461,3.08,92.471000000000004,3.2170000000000001,0.95799999999999996,0.20499999999999999,6.8000000000000005E-2
ROBERTO,1248,80.528999999999996,12.821,0.32100000000000001,6.33,0,0
ROBIN,4258,0.77500000000000002,94.245999999999995,3.6869999999999998,1.1040000000000001,0.14099999999999999,4.7E-2
ROBYN,906,0.77300000000000002,95.584999999999994,2.2080000000000002,1.1040000000000001,0,0.33100000000000002
ROCCO,197,1.5229999999999999,97.97,0,0.50800000000000001,0,0
ROCHELLE,479,1.4610000000000001,83.715999999999994,12.944000000000001,1.879,0,0
ROCIO,156,94.230999999999995,5.1280000000000001,0,0.64100000000000001,0,0
ROCK,43,4.6509999999999998,90.697999999999993,2.3260000000000001,2.3260000000000001,0,0
ROCKY,149,6.04,83.893000000000001,1.3420000000000001,8.7249999999999996,0,0
ROD,150,5.3330000000000002,90,2.6669999999999998,1.333,0.66700000000000004,0
RODD,20,0,100,0,0,0,0
RODERIC,30,0,73.332999999999998,10,16.667000000000002,0,0
RODERICK,305,0.98399999999999999,64.59,28.852,4.9180000000000001,0.65600000000000003,0
RODGER,219,0,94.977000000000004,2.74,1.8260000000000001,0,0.45700000000000002
RODNEY,2151,1.627,86.191999999999993,9.4369999999999994,2.278,0.23200000000000001,0.23200000000000001
RODOLFO,509,77.406999999999996,7.4660000000000002,0,14.734999999999999,0,0.39300000000000002
RODRICK,41,0,51.22,43.902000000000001,4.8780000000000001,0,0
RODRIGO,264,78.03,10.227,0,11.742000000000001,0,0
ROGELIO,363,80.715999999999994,3.306,0,15.978,0,0
ROGER,4373,2.5150000000000001,92.841999999999999,2.1040000000000001,2.355,2.3E-2,0.16
ROHAN,34,8.8239999999999998,23.529,35.293999999999997,29.411999999999999,0,2.9409999999999998
ROHIT,81,0,14.815,0,82.715999999999994,2.4689999999999999,0
ROLAND,634,6.94,74.763000000000005,11.041,7.2560000000000002,0,0
ROLANDO,331,66.465000000000003,9.0630000000000006,0,24.471,0,0
ROLF,84,0,97.619,1.19,0,1.19,0
ROLLAND,47,2.1280000000000001,95.745000000000005,0,2.1280000000000001,0,0
ROLLIN,39,0,92.308000000000007,2.5640000000000001,5.1280000000000001,0,0
ROMA,40,0,75,5,20,0,0
ROMAN,344,24.128,72.965000000000003,1.163,1.163,0.29099999999999998,0.29099999999999998
ROMEO,176,22.158999999999999,18.75,2.2730000000000001,56.817999999999998,0,0
ROMMEL,43,20.93,11.628,2.3260000000000001,65.116,0,0
ROMULO,45,31.111000000000001,11.111000000000001,0,57.777999999999999,0,0
ROMY,30,6.6669999999999998,63.332999999999998,0,30,0,0
RON,597,2.3450000000000002,88.441999999999993,4.0199999999999996,4.6900000000000004,0.33500000000000002,0.16800000000000001
RONA,59,3.39,77.965999999999994,5.085,13.558999999999999,0,0
RONALD,11915,1.611,92.396000000000001,4.0289999999999999,1.5860000000000001,0.20100000000000001,0.17599999999999999
RONALDO,65,29.231000000000002,20,6.1539999999999999,44.615000000000002,0,0
RONDA,392,1.02,95.918000000000006,2.806,0,0,0.255
RONEN,15,0,100,0,0,0,0
RONG,88,0,0,0,98.864000000000004,0,1.1359999999999999
RONI,69,7.2460000000000004,84.058000000000007,2.899,4.3479999999999999,1.4490000000000001,0
RONIT,21,0,100,0,0,0,0
RONNA,65,0,98.462000000000003,1.538,0,0,0
RONNIE,870,4.8280000000000003,78.506,13.678000000000001,2.5289999999999999,0.115,0.34499999999999997
RONNY,74,12.162000000000001,71.622,8.1080000000000005,5.4050000000000002,0,2.7029999999999998
RONY,34,47.058999999999997,41.176000000000002,5.8819999999999997,5.8819999999999997,0,0
ROOSEVELT,65,0,7.6920000000000002,92.308000000000007,0,0,0
ROQUE,31,58.064999999999998,35.484000000000002,0,6.452,0,0
RORY,248,2.016,93.144999999999996,3.226,1.613,0,0
ROSA,1443,72.903999999999996,20.236000000000001,4.4349999999999996,2.2869999999999999,0.13900000000000001,0
ROSALBA,92,90.216999999999999,8.6959999999999997,0,1.087,0,0
ROSALEE,41,9.7560000000000002,70.731999999999999,19.512,0,0,0
ROSALIA,71,57.746000000000002,33.802999999999997,1.4079999999999999,7.0419999999999998,0,0
ROSALIE,364,10.44,83.516000000000005,1.6479999999999999,3.8460000000000001,0.54900000000000004,0
ROSALINA,78,58.973999999999997,16.667000000000002,0,23.077000000000002,0,1.282
ROSALIND,185,3.2429999999999999,58.918999999999997,34.054000000000002,3.7839999999999998,0,0
ROSALINDA,167,61.078000000000003,19.161999999999999,0.59899999999999998,18.562999999999999,0.59899999999999998,0
ROSALIO,37,81.081000000000003,8.1080000000000005,0,10.811,0,0
ROSALVA,41,97.561000000000007,2.4390000000000001,0,0,0,0
ROSALYN,124,5.6449999999999996,56.451999999999998,32.258000000000003,4.8390000000000004,0,0.80600000000000005
ROSANA,31,48.387,29.032,0,22.581,0,0
ROSANN,30,3.3330000000000002,90,0,6.6669999999999998,0,0
ROSANNA,121,10.744,71.073999999999998,3.306,13.223000000000001,0.82599999999999996,0.82599999999999996
ROSANNE,206,4.3689999999999998,94.174999999999997,0.97099999999999997,0.48499999999999999,0,0
ROSARIO,308,60.39,22.077999999999999,0,17.532,0,0
ROSAURA,38,97.367999999999995,2.6320000000000001,0,0,0,0
ROSCOE,51,0,64.706000000000003,35.293999999999997,0,0,0
ROSE,1516,8.641,76.846999999999994,9.3010000000000002,4.6829999999999998,0.26400000000000001,0.26400000000000001
ROSEANN,195,1.026,96.41,2.0510000000000002,0.51300000000000001,0,0
ROSEANNA,33,12.121,87.879000000000005,0,0,0,0
ROSEANNE,112,6.25,90.179000000000002,1.786,1.786,0,0
ROSELLA,34,14.706,76.471000000000004,5.8819999999999997,2.9409999999999998,0,0
ROSELYN,40,5,75,7.5,12.5,0,0
ROSEMARIE,552,7.9710000000000001,81.884,3.2610000000000001,6.3410000000000002,0.54300000000000004,0
ROSEMARY,1309,6.875,86.477999999999994,4.202,2.2149999999999999,0.22900000000000001,0
ROSENDO,82,90.244,1.22,0,8.5370000000000008,0,0
ROSETTA,74,5.4050000000000002,45.945999999999998,43.243000000000002,2.7029999999999998,1.351,1.351
ROSHAN,37,0,43.243000000000002,2.7029999999999998,54.054000000000002,0,0
ROSIE,161,29.814,37.887999999999998,22.981000000000002,8.0749999999999993,0.621,0.621
ROSIO,16,100,0,0,0,0,0
ROSITA,55,32.726999999999997,25.454999999999998,1.8180000000000001,38.182000000000002,1.8180000000000001,0
ROSLYN,114,1.754,68.421000000000006,27.193000000000001,2.6320000000000001,0,0
ROSS,857,1.4,95.448999999999998,0.46700000000000003,2.3340000000000001,0.35,0
ROSWITHA,17,0,100,0,0,0,0
ROWENA,94,6.383,46.808999999999997,6.383,39.362000000000002,1.0640000000000001,0
ROXANA,113,51.326999999999998,38.938000000000002,0.88500000000000001,7.9649999999999999,0.88500000000000001,0
ROXANE,63,6.3490000000000002,87.302000000000007,1.587,4.7619999999999996,0,0
ROXANN,71,2.8170000000000002,95.775000000000006,1.4079999999999999,0,0,0
ROXANNA,79,16.456,78.480999999999995,2.532,1.266,1.266,0
ROXANNE,561,4.4560000000000004,85.74,6.2389999999999999,3.2090000000000001,0.35699999999999998,0
ROXIE,45,2.222,80,17.777999999999999,0,0,0
ROY,2099,3.4780000000000002,85.135999999999996,5.6219999999999999,5.431,0.23799999999999999,9.5000000000000001E-2
ROYAL,50,0,84,10,4,0,2
ROYCE,124,0.80600000000000005,90.322999999999993,6.452,2.419,0,0
RUBEN,966,80.849000000000004,13.768000000000001,1.242,4.0369999999999999,0,0.104
RUBINA,31,12.903,29.032,3.226,51.613,0,3.226
RUBY,507,9.8620000000000001,53.057000000000002,24.062999999999999,12.622999999999999,0.39400000000000002,0
RUDOLF,61,3.2789999999999999,93.442999999999998,0,3.2789999999999999,0,0
RUDOLPH,252,17.062999999999999,55.555999999999997,23.413,3.5710000000000002,0.39700000000000002,0
RUDY,310,43.225999999999999,42.581000000000003,3.226,10,0.64500000000000002,0.32300000000000001
RUFUS,82,1.22,52.439,41.463000000000001,3.6589999999999998,1.22,0
RUI,105,3.81,38.094999999999999,0,58.094999999999999,0,0
RUPERT,40,7.5,47.5,27.5,17.5,0,0
RUSLAN,38,0,100,0,0,0,0
RUSS,95,1.0529999999999999,94.736999999999995,0,4.2110000000000003,0,0
RUSSEL,102,0,97.058999999999997,0.98,1.9610000000000001,0,0
RUSSELL,3312,0.72499999999999998,94.745999999999995,2.6269999999999998,1.661,0.06,0.18099999999999999
RUSTIN,22,0,100,0,0,0,0
RUSTY,97,3.093,96.906999999999996,0,0,0,0
RUTH,2718,6.1070000000000002,86.019000000000005,5.4080000000000004,2.1339999999999999,0.184,0.14699999999999999
RUTHANN,86,1.163,98.837000000000003,0,0,0,0
RUTHANNE,31,0,96.774000000000001,3.226,0,0,0
RUTHIE,42,4.7619999999999996,59.524000000000001,35.713999999999999,0,0,0
RYAN,6510,0.98299999999999998,95.745000000000005,0.86,2.3039999999999998,7.6999999999999999E-2,3.1E-2
RYANN,18,0,100,0,0,0,0
RYSZARD,55,0,100,0,0,0,0
SABINA,82,15.853999999999999,64.634,2.4390000000000001,15.853999999999999,1.22,0
SABINE,72,0,97.221999999999994,2.778,0,0,0
SABINO,39,74.358999999999995,17.949000000000002,0,7.6920000000000002,0,0
SABRA,26,0,100,0,0,0,0
SABRINA,523,5.7359999999999998,75.334999999999994,14.34,4.0149999999999997,0.38200000000000001,0.191
SACHIN,64,0,14.063000000000001,0,84.375,1.5629999999999999,0
SADIE,94,6.383,72.34,17.021000000000001,0,3.1909999999999998,1.0640000000000001
SAEED,59,0,71.186000000000007,1.6950000000000001,27.119,0,0
SAI,49,2.0409999999999999,8.1630000000000003,0,89.796000000000006,0,0
SAID,56,1.786,78.570999999999998,3.5710000000000002,14.286,1.786,0
SAL,46,21.739000000000001,69.564999999999998,0,6.5220000000000002,2.1739999999999999,0
SALIM,53,0,47.17,0,47.17,1.887,3.774
SALINA,32,9.375,40.625,15.625,34.375,0,0
SALLIE,148,1.351,87.837999999999994,8.1080000000000005,1.351,0,1.351
SALLY,1980,2.323,93.888999999999996,0.70699999999999996,2.778,0.253,5.0999999999999997E-2
SALOMON,51,80.391999999999996,13.725,1.9610000000000001,3.9220000000000002,0,0
SALVADOR,793,91.802999999999997,5.0439999999999996,0.126,2.9,0.126,0
SALVATORE,665,0.752,98.947000000000003,0,0.15,0,0.15
SAM,727,3.0259999999999998,73.040000000000006,4.5389999999999997,19.257000000000001,0.13800000000000001,0
SAMANTHA,1009,3.5680000000000001,88.701999999999998,3.5680000000000001,3.5680000000000001,0.19800000000000001,0.39600000000000002
SAMEER,60,0,31.667000000000002,0,65,0,3.3330000000000002
SAMER,72,1.389,81.944000000000003,2.778,13.888999999999999,0,0
SAMI,63,3.1749999999999998,82.54,4.7619999999999996,9.5239999999999991,0,0
SAMIR,180,3.3330000000000002,56.110999999999997,0.55600000000000005,38.889000000000003,0.55600000000000005,0.55600000000000005
SAMIRA,49,8.1630000000000003,71.429000000000002,8.1630000000000003,10.204000000000001,2.0409999999999999,0
SAMMIE,54,1.8520000000000001,40.741,53.704000000000001,3.7040000000000002,0,0
SAMMY,147,6.8029999999999999,68.027000000000001,9.5239999999999991,14.286,0,1.361
SAMSON,64,4.6879999999999997,20.312999999999999,25,50,0,0
SAMUEL,3302,11.599,73.197999999999993,9.3879999999999999,5.4210000000000003,0.182,0.21199999999999999
SAN,56,37.5,5.3570000000000002,0,55.356999999999999,1.786,0
SANDEEP,138,0.72499999999999998,19.565000000000001,0,78.260999999999996,0,1.4490000000000001
SANDER,15,0,100,0,0,0,0
SANDHYA,42,0,14.286,0,83.332999999999998,2.3809999999999998,0
SANDI,152,1.974,93.421000000000006,0.65800000000000003,3.2890000000000001,0.65800000000000003,0
SANDOR,33,3.03,93.938999999999993,3.03,0,0,0
SANDRA,9815,7.58,86.713999999999999,4.34,1.06,0.20399999999999999,0.10199999999999999
SANDY,549,7.2859999999999996,70.492000000000004,2.1859999999999999,19.489999999999998,0,0.54600000000000004
SANFORD,103,0,90.290999999999997,4.8540000000000001,4.8540000000000001,0,0
SANG,204,0,2.9409999999999998,0,97.058999999999997,0,0
SANGEETA,48,0,18.75,0,81.25,0,0
SANGITA,34,0,23.529,0,73.528999999999996,2.9409999999999998,0
SANJAY,260,0.38500000000000001,13.846,0,83.846000000000004,1.923,0
SANJEEV,105,0.95199999999999996,15.238,0,82.856999999999999,0,0.95199999999999996
SANJIV,47,0,17.021000000000001,0,82.978999999999999,0,0
SANTA,42,40.475999999999999,47.619,4.7619999999999996,7.1429999999999998,0,0
SANTIAGO,256,89.843999999999994,7.8129999999999997,0,2.3439999999999999,0,0
SANTO,54,11.111000000000001,88.888999999999996,0,0,0,0
SANTOS,201,96.02,2.9849999999999999,0,0.995,0,0
SANTOSH,59,1.6950000000000001,16.949000000000002,0,81.355999999999995,0,0
SARA,3165,6.6980000000000004,90.869,1.0740000000000001,1.169,0.126,6.3E-2
SARAH,6450,1.891,93.968999999999994,1.752,2.0779999999999998,0.14000000000000001,0.17100000000000001
SARI,38,0,92.105000000000004,2.6320000000000001,5.2629999999999999,0,0
SARINA,33,0,78.787999999999997,0,21.212,0,0
SARITA,64,7.8129999999999997,31.25,25,34.375,0,1.5629999999999999
SARKIS,63,0,95.238,0,4.7619999999999996,0,0
SASHA,92,6.5220000000000002,85.87,5.4349999999999996,2.1739999999999999,0,0
SATISH,117,0,17.094000000000001,0,80.341999999999999,1.7090000000000001,0.85499999999999998
SATYA,45,0,40,2.222,53.332999999999998,4.444,0
SAU,18,0,0,0,100,0,0
SAUL,290,70,28.620999999999999,1.379,0,0,0
SAUNDRA,168,2.3809999999999998,80.356999999999999,16.667000000000002,0,0.59499999999999997,0
SAVANNAH,45,2.222,82.221999999999994,13.333,2.222,0,0
SAVERIO,25,0,100,0,0,0,0
SAVITA,35,2.8570000000000002,14.286,0,77.143000000000001,5.7140000000000004,0
SAWSAN,16,0,100,0,0,0,0
SAYED,37,0,43.243000000000002,0,56.756999999999998,0,0
SCARLETT,35,5.7140000000000004,94.286000000000001,0,0,0,0
SCHUYLER,23,0,100,0,0,0,0
SCOT,320,0.313,97.5,0.625,1.5629999999999999,0,0
SCOTT,14744,0.42699999999999999,98.311000000000007,0.27100000000000002,0.86799999999999999,6.0999999999999999E-2,6.0999999999999999E-2
SCOTTIE,46,2.1739999999999999,82.608999999999995,15.217000000000001,0,0,0
SCOTTY,78,2.5640000000000001,88.462000000000003,3.8460000000000001,5.1280000000000001,0,0
SEAMUS,31,0,100,0,0,0,0
SEAN,3934,0.86399999999999999,94.509,2.3639999999999999,1.9570000000000001,0.127,0.17799999999999999
SEBASTIAN,187,25.667999999999999,62.567,3.7429999999999999,8.0210000000000008,0,0
SEE,21,0,0,0,100,0,0
SEEMA,78,0,26.922999999999998,0,69.230999999999995,2.5640000000000001,1.282
SEGUNDO,43,86.046999999999997,4.6509999999999998,0,9.3019999999999996,0,0
SELENA,85,10.587999999999999,61.176000000000002,20,8.2349999999999994,0,0
SELINA,68,14.706,51.470999999999997,14.706,17.646999999999998,0,1.4710000000000001
SELMA,50,4,80,12,4,0,0
SEN,17,0,0,0,100,0,0
SENG,30,0,10,0,90,0,0
SEOK,16,0,0,0,100,0,0
SEONG,39,0,5.1280000000000001,0,94.872,0,0
SERAFIN,49,69.388000000000005,12.244999999999999,2.0409999999999999,16.327000000000002,0,0
SERENA,140,2.8570000000000002,75.713999999999999,7.1429999999999998,14.286,0,0
SERGE,72,1.389,79.167000000000002,19.443999999999999,0,0,0
SERGEI,43,0,97.674000000000007,0,2.3260000000000001,0,0
SERGEY,208,0,98.558000000000007,0,1.4419999999999999,0,0
SERGIO,958,83.194000000000003,14.718,0.52200000000000002,1.5660000000000001,0,0
SERGIY,16,0,100,0,0,0,0
SETH,914,0.32800000000000001,98.031000000000006,0.875,0.65600000000000003,0.109,0
SEUNG,83,0,4.819,0,95.180999999999997,0,0
SEYED,35,2.8570000000000002,68.570999999999998,0,28.571000000000002,0,0
SEYMOUR,51,0,86.275000000000006,9.8040000000000003,3.9220000000000002,0,0
SHAD,59,0,98.305000000000007,0,0,0,1.6950000000000001
SHADI,22,0,100,0,0,0,0
SHAE,25,0,100,0,0,0,0
SHAHID,46,0,30.434999999999999,2.1739999999999999,65.216999999999999,2.1739999999999999,0
SHAHIN,31,6.452,80.644999999999996,0,12.903,0,0
SHAHRAM,30,0,96.667000000000002,0,3.3330000000000002,0,0
SHAILESH,51,0,21.568999999999999,0,78.430999999999997,0,0
SHAINA,25,0,100,0,0,0,0
SHALINI,31,0,19.355,0,80.644999999999996,0,0
SHAN,70,0,37.143000000000001,0,62.856999999999999,0,0
SHANA,239,0.83699999999999997,90.795000000000002,6.2759999999999998,1.6739999999999999,0.41799999999999998,0
SHANDA,72,1.389,80.555999999999997,16.667000000000002,1.389,0,0
SHANE,1326,0.754,97.058999999999997,0.754,1.2070000000000001,7.4999999999999997E-2,0.151
SHANKAR,33,3.03,30.303000000000001,0,66.667000000000002,0,0
SHANNA,211,1.4219999999999999,93.838999999999999,1.8959999999999999,1.8959999999999999,0.94799999999999995,0
SHANNAN,68,5.8819999999999997,92.647000000000006,0,0,0,1.4710000000000001
SHANNON,3268,1.1020000000000001,95.41,2.754,0.55100000000000005,9.1999999999999998E-2,9.1999999999999998E-2
SHANON,62,1.613,90.322999999999993,6.452,1.613,0,0
SHANTI,30,3.3330000000000002,40,6.6669999999999998,50,0,0
SHAO,34,0,0,0,100,0,0
SHARA,54,3.7040000000000002,90.741,1.8520000000000001,1.8520000000000001,0,1.8520000000000001
SHARAD,33,3.03,30.303000000000001,0,63.636000000000003,0,3.03
SHAREE,31,0,87.096999999999994,12.903,0,0,0
SHAREN,35,2.8570000000000002,91.429000000000002,2.8570000000000002,2.8570000000000002,0,0
SHARI,674,1.0389999999999999,95.251999999999995,2.077,1.335,0,0.29699999999999999
SHARILYN,32,0,100,0,0,0,0
SHARLA,70,0,95.713999999999999,2.8570000000000002,0,1.429,0
SHARLENE,113,2.6549999999999998,86.725999999999999,5.31,5.31,0,0
SHARON,8151,0.73599999999999999,91.302000000000007,5.766,1.877,0.17199999999999999,0.14699999999999999
SHARRON,136,0,90.441000000000003,9.5589999999999993,0,0,0
SHARYL,44,0,93.182000000000002,2.2730000000000001,4.5449999999999999,0,0
SHARYN,113,0.88500000000000001,96.46,0.88500000000000001,0.88500000000000001,0.88500000000000001,0
SHASHI,32,3.125,18.75,0,78.125,0,0
SHAUN,709,0.70499999999999996,92.384,3.8079999999999998,2.5390000000000001,0.14099999999999999,0.42299999999999999
SHAUNA,288,0.34699999999999998,92.361000000000004,6.25,1.042,0,0
SHAWN,3243,0.98699999999999999,94.018000000000001,3.0219999999999998,1.603,0.185,0.185
SHAWNA,402,1.7410000000000001,95.025000000000006,1.99,0.746,0.498,0
SHAWNEE,18,0,100,0,0,0,0
SHAY,65,0,95.385000000000005,3.077,0,0,1.538
SHAYLA,42,2.3809999999999998,64.286000000000001,33.332999999999998,0,0,0
SHAYNA,45,2.222,88.888999999999996,4.444,4.444,0,0
SHAYNE,70,0,95.713999999999999,1.429,2.8570000000000002,0,0
SHEA,67,1.4930000000000001,91.045000000000002,5.97,1.4930000000000001,0,0
SHEELA,31,6.452,29.032,0,64.516000000000005,0,0
SHEENA,116,4.3099999999999996,70.69,16.379000000000001,6.8970000000000002,1.724,0
SHEILA,2474,1.819,87.146000000000001,8.5690000000000008,2.0609999999999999,0.04,0.36399999999999999
SHEILAH,31,3.226,70.968000000000004,16.129000000000001,9.6769999999999996,0,0
SHELAGH,18,0,100,0,0,0,0
SHELBY,313,1.278,92.971000000000004,5.1120000000000001,0.31900000000000001,0,0.31900000000000001
SHELDON,294,0.34,85.713999999999999,10.544,3.4009999999999998,0,0
SHELIA,175,0.57099999999999995,69.713999999999999,29.713999999999999,0,0,0
SHELLEY,1133,0.61799999999999999,95.057000000000002,2.1179999999999999,1.9419999999999999,8.7999999999999995E-2,0.17699999999999999
SHELLI,105,1.905,97.143000000000001,0.95199999999999996,0,0,0
SHELLIE,119,1.681,90.756,5.8819999999999997,1.681,0,0
SHELLY,1074,1.024,94.6,1.9550000000000001,2.048,0.372,0
SHELTON,39,2.5640000000000001,48.718000000000004,46.154000000000003,2.5640000000000001,0,0
SHENG,52,1.923,1.923,0,96.153999999999996,0,0
SHEREE,157,0.63700000000000001,89.171999999999997,8.2799999999999994,1.274,0.63700000000000001,0
SHERI,929,0.53800000000000003,94.941000000000003,2.153,1.9379999999999999,0.32300000000000001,0.108
SHERIDAN,29,0,100,0,0,0,0
SHERIE,62,3.226,93.548000000000002,1.613,1.613,0,0
SHERILYN,57,0,92.981999999999999,3.5089999999999999,3.5089999999999999,0,0
SHERMAN,179,1.6759999999999999,59.218000000000004,27.373999999999999,11.173,0,0.55900000000000005
SHERRI,1144,0.52400000000000002,93.881,4.3710000000000004,1.0489999999999999,0.17499999999999999,0
SHERRIE,386,1.2949999999999999,90.933000000000007,6.218,1.2949999999999999,0.25900000000000001,0
SHERRIL,24,0,100,0,0,0,0
SHERRILL,84,1.19,90.475999999999999,4.7619999999999996,1.19,2.3809999999999998,0
SHERRY,2170,0.92200000000000004,92.441999999999993,4.194,2.2120000000000002,0.13800000000000001,9.1999999999999998E-2
SHERRYL,57,1.754,89.474000000000004,7.0179999999999998,1.754,0,0
SHERWIN,43,0,67.441999999999993,13.952999999999999,18.605,0,0
SHERWOOD,33,0,87.879000000000005,12.121,0,0,0
SHERYL,1210,0.57899999999999996,93.471000000000004,3.7189999999999999,1.736,8.3000000000000004E-2,0.41299999999999998
SHERYLE,19,0,100,0,0,0,0
SHI,40,0,0,0,100,0,0
SHIH,20,0,0,0,100,0,0
SHILOH,15,0,100,0,0,0,0
SHILPA,61,1.639,16.393000000000001,0,80.328000000000003,0,1.639
SHIN,33,0,9.0909999999999993,0,90.909000000000006,0,0
SHIRA,36,0,97.221999999999994,2.778,0,0,0
SHIRLEE,52,0,94.230999999999995,1.923,3.8460000000000001,0,0
SHIRLEY,2986,2.0760000000000001,80.575999999999993,12.257,4.5880000000000001,0.23400000000000001,0.26800000000000002
SHLOMO,29,0,100,0,0,0,0
SHMUEL,15,0,100,0,0,0,0
SHON,37,0,86.486000000000004,10.811,2.7029999999999998,0,0
SHONDA,32,0,75,21.875,3.125,0,0
SHU,105,0,1.905,0,98.094999999999999,0,0
SHUANG,20,0,0,0,100,0,0
SHUI,15,0,0,0,100,0,0
SHYAM,33,0,21.212,3.03,75.757999999999996,0,0
SI,34,0,11.765000000000001,0,88.234999999999999,0,0
SIAMAK,30,0,93.332999999999998,0,6.6669999999999998,0,0
SIDNEY,407,0.98299999999999998,81.572000000000003,13.268000000000001,3.931,0.246,0
SIEGFRIED,23,0,100,0,0,0,0
SIERRA,42,2.3809999999999998,90.475999999999999,2.3809999999999998,2.3809999999999998,0,2.3809999999999998
SIGNE,22,0,100,0,0,0,0
SIGRID,58,3.448,94.828000000000003,1.724,0,0,0
SILAS,55,7.2729999999999997,65.454999999999998,18.181999999999999,5.4550000000000001,3.6360000000000001,0
SILVANA,63,15.872999999999999,76.19,0,7.9370000000000003,0,0
SILVIA,557,73.608999999999995,23.698,1.2569999999999999,1.077,0.35899999999999999,0
SILVIO,48,45.832999999999998,52.082999999999998,0,0,0,2.0830000000000002
SIMA,40,0,80,0,17.5,2.5,0
SIMEON,39,5.1280000000000001,51.281999999999996,28.204999999999998,15.385,0,0
SIMON,558,9.8569999999999993,65.590999999999994,3.5840000000000001,20.789000000000001,0,0.17899999999999999
SIMONA,40,22.5,60,7.5,5,2.5,2.5
SIMONE,155,6.452,68.387,19.355,3.871,0,1.9350000000000001
SIOBHAN,95,0,93.683999999999997,4.2110000000000003,2.105,0,0
SIU,34,0,2.9409999999999998,0,97.058999999999997,0,0
SIVAKUMAR,37,0,13.513999999999999,0,83.784000000000006,0,2.7029999999999998
SKY,19,0,100,0,0,0,0
SKYE,36,5.556,88.888999999999996,0,2.778,2.778,0
SKYLAR,17,0,100,0,0,0,0
SKYLER,25,0,100,0,0,0,0
SLAVICA,15,0,100,0,0,0,0
SLAWOMIR,53,0,100,0,0,0,0
SLOANE,17,0,100,0,0,0,0
SLOBODAN,20,0,100,0,0,0,0
SMITA,53,1.887,16.981000000000002,0,81.132000000000005,0,0
SNEZANA,21,0,100,0,0,0,0
SO,27,0,0,0,100,0,0
SOCORRO,170,78.823999999999998,12.353,0,8.2349999999999994,0.58799999999999997,0
SOFIA,188,48.936,41.488999999999997,1.0640000000000001,7.9790000000000001,0,0.53200000000000003
SOHAIL,45,0,22.222000000000001,0,75.555999999999997,0,2.222
SOK,16,0,0,0,100,0,0
SOLEDAD,64,73.438000000000002,6.25,1.5629999999999999,18.75,0,0
SOLOMON,116,2.5859999999999999,35.344999999999999,44.828000000000003,15.516999999999999,1.724,0
SOMMER,30,6.6669999999999998,93.332999999999998,0,0,0,0
SON,179,1.117,2.7930000000000001,0,95.531000000000006,0,0.55900000000000005
SONA,30,0,70,3.3330000000000002,26.667000000000002,0,0
SONAL,50,0,20,0,78,2,0
SONDRA,250,0.4,90.8,7.2,1.6,0,0
SONG,92,0,5.4349999999999996,0,94.564999999999998,0,0
SONIA,873,46.048000000000002,36.655000000000001,7.6749999999999998,9.3930000000000007,0.115,0.115
SONJA,407,1.2290000000000001,85.995000000000005,11.057,1.2290000000000001,0.246,0.246
SONNY,104,5.7690000000000001,39.423000000000002,3.8460000000000001,50.962000000000003,0,0
SONYA,494,6.4779999999999998,71.861999999999995,18.219000000000001,2.6320000000000001,0,0.81
SOO,83,1.2050000000000001,3.6139999999999999,0,93.975999999999999,0,1.2050000000000001
SOOK,38,0,2.6320000000000001,0,97.367999999999995,0,0
SOON,103,0,2.9129999999999998,0,97.087000000000003,0,0
SOPHIA,267,12.36,56.18,14.231999999999999,17.228000000000002,0,0
SOPHIE,119,4.202,78.150999999999996,5.8819999999999997,11.765000000000001,0,0
SORAYA,44,20.454999999999998,61.363999999999997,2.2730000000000001,9.0909999999999993,2.2730000000000001,4.5449999999999999
SOREN,17,0,100,0,0,0,0
SPENCER,433,0.23100000000000001,88.915000000000006,6.0049999999999999,4.6189999999999998,0.23100000000000001,0
SPIRO,16,0,100,0,0,0,0
SRIDHAR,64,1.5629999999999999,10.938000000000001,0,87.5,0,0
SRIKANTH,49,0,10.204000000000001,0,89.796000000000006,0,0
SRINIVAS,128,0.78100000000000003,16.405999999999999,0,79.688000000000002,0.78100000000000003,2.3439999999999999
SRINIVASA,70,0,4.2859999999999996,0,94.286000000000001,1.429,0
SRINIVASAN,49,2.0409999999999999,8.1630000000000003,0,89.796000000000006,0,0
SRIRAM,34,0,14.706,0,82.352999999999994,2.9409999999999998,0
STACEY,2141,1.5880000000000001,93.647999999999996,3.27,1.121,0.14000000000000001,0.23400000000000001
STACI,334,1.198,95.21,1.796,1.796,0,0
STACIA,94,1.0640000000000001,91.489000000000004,3.1909999999999998,4.2549999999999999,0,0
STACIE,520,1.7310000000000001,95,2.3079999999999998,0.96199999999999997,0,0
STACY,2229,1.1220000000000001,94.481999999999999,2.3330000000000002,1.5249999999999999,0.26900000000000002,0.26900000000000002
STAN,181,1.105,91.16,3.3149999999999999,3.867,0.55200000000000005,0
STANFORD,50,0,76,20,4,0,0
STANISLAV,45,2.222,97.778000000000006,0,0,0,0
STANISLAW,101,0,100,0,0,0,0
STANISLAWA,19,0,100,0,0,0,0
STANLEY,2032,1.1319999999999999,84.843000000000004,7.0369999999999999,6.6440000000000001,4.9000000000000002E-2,0.29499999999999998
STANTON,41,0,82.927000000000007,7.3170000000000002,7.3170000000000002,0,2.4390000000000001
STARLA,57,1.754,91.227999999999994,7.0179999999999998,0,0,0
STARR,43,2.3260000000000001,90.697999999999993,6.9770000000000003,0,0,0
STAVROS,21,0,100,0,0,0,0
STEFAN,265,3.0190000000000001,91.320999999999998,1.887,3.3959999999999999,0,0.377
STEFANI,63,3.1749999999999998,93.650999999999996,0,1.587,0,1.587
STEFANIA,18,0,100,0,0,0,0
STEFANIE,426,1.8779999999999999,93.662000000000006,2.347,1.8779999999999999,0,0.23499999999999999
STEFANO,48,0,97.917000000000002,2.0830000000000002,0,0,0
STEFFANIE,38,5.2629999999999999,89.474000000000004,5.2629999999999999,0,0,0
STEFFANY,15,0,100,0,0,0,0
STEFFEN,15,0,100,0,0,0,0
STELLA,392,13.265000000000001,57.652999999999999,12.755000000000001,14.795999999999999,0.255,1.276
STEPAN,22,0,100,0,0,0,0
STEPHAN,312,0.96199999999999997,95.513000000000005,2.2440000000000002,0.96199999999999997,0.32100000000000001,0
STEPHANE,44,2.2730000000000001,88.635999999999996,6.8179999999999996,2.2730000000000001,0,0
STEPHANI,48,0,100,0,0,0,0
STEPHANIE,6382,2.2879999999999998,91.287999999999997,4.3090000000000002,1.8180000000000001,7.8E-2,0.219
STEPHANY,56,3.5710000000000002,83.929000000000002,7.1429999999999998,1.786,1.786,1.786
STEPHEN,13940,0.76,96.290999999999997,1.1120000000000001,1.7290000000000001,5.7000000000000002E-2,0.05
STEPHENIE,35,2.8570000000000002,94.286000000000001,0,2.8570000000000002,0,0
STERLING,122,0,74.59,20.492000000000001,4.9180000000000001,0,0
STEVAN,54,3.7040000000000002,96.296000000000006,0,0,0,0
STEVE,2897,4.8330000000000002,85.399000000000001,2.2090000000000001,7.2140000000000004,0.24199999999999999,0.104
STEVEN,18797,1.351,95.271000000000001,1.181,2.0539999999999998,7.3999999999999996E-2,6.9000000000000006E-2
STEVIE,35,2.8570000000000002,57.143000000000001,31.428999999999998,5.7140000000000004,0,2.8570000000000002
STEWART,340,1.1759999999999999,93.823999999999998,2.3530000000000002,2.6469999999999998,0,0
STUART,1177,0.34,96.602000000000004,0.93500000000000005,2.1240000000000001,0,0
SU,81,0,7.407,0,92.593000000000004,0,0
SUBHASH,31,0,9.6769999999999996,3.226,83.870999999999995,3.226,0
SUDHA,66,1.5149999999999999,22.727,0,74.242000000000004,0,1.5149999999999999
SUDHAKAR,34,0,20.588000000000001,0,79.412000000000006,0,0
SUDHIR,54,0,11.111000000000001,1.8520000000000001,87.037000000000006,0,0
SUE,1229,0.56999999999999995,93.409000000000006,0.81399999999999995,5.0449999999999999,0.16300000000000001,0
SUEANN,33,0,84.847999999999999,0,6.0609999999999999,0,9.0909999999999993
SUELLEN,39,0,97.436000000000007,0,2.5640000000000001,0,0
SUK,46,2.1739999999999999,4.3479999999999999,2.1739999999999999,91.304000000000002,0,0
SUKHWINDER,37,5.4050000000000002,21.622,0,72.972999999999999,0,0
SUMAN,43,0,16.279,0,81.394999999999996,2.3260000000000001,0
SUMIT,45,0,15.555999999999999,0,84.444000000000003,0,0
SUMMER,226,0.88500000000000001,94.69,2.6549999999999998,1.77,0,0
SUN,148,0.67600000000000005,8.1080000000000005,0,90.540999999999997,0,0.67600000000000005
SUNDAY,31,0,61.29,35.484000000000002,3.226,0,0
SUNG,246,0.40699999999999997,2.4390000000000001,0,96.748000000000005,0,0.40699999999999997
SUNIL,205,0,19.512,1.9510000000000001,77.561000000000007,0.97599999999999998,0
SUNITA,75,2.6669999999999998,24,0,72,1.333,0
SUNNY,131,0,54.962000000000003,1.5269999999999999,41.984999999999999,1.5269999999999999,0
SUNSHINE,34,0,97.058999999999997,2.9409999999999998,0,0,0
SUONG,17,0,0,0,100,0,0
SURENDRA,44,0,18.181999999999999,2.2730000000000001,77.272999999999996,2.2730000000000001,0
SURESH,175,0,21.143000000000001,0.57099999999999995,77.143000000000001,1.143,0
SURINDER,71,0,22.535,0,73.239000000000004,4.2249999999999996,0
SUSAN,19604,1.117,96.281000000000006,0.5,1.8720000000000001,8.2000000000000003E-2,0.14799999999999999
SUSANA,291,68.040999999999997,21.992999999999999,1.0309999999999999,8.9350000000000005,0,0
SUSANN,33,0,90.909000000000006,9.0909999999999993,0,0,0
SUSANNA,196,9.1839999999999993,79.081999999999994,0,11.734999999999999,0,0
SUSANNAH,75,0,94.667000000000002,0,5.3330000000000002,0,0
SUSANNE,498,1.004,97.992000000000004,0.20100000000000001,0.80300000000000005,0,0
SUSETTE,15,0,100,0,0,0,0
SUSHIL,37,0,21.622,0,78.378,0,0
SUSIE,203,9.8520000000000003,57.634999999999998,11.823,20.196999999999999,0.49299999999999999,0
SUZAN,182,1.099,91.757999999999996,3.8460000000000001,2.7469999999999999,0,0.54900000000000004
SUZANN,61,0,100,0,0,0,0
SUZANNA,83,8.4339999999999993,85.542000000000002,1.2050000000000001,4.819,0,0
SUZANNE,3986,1.4550000000000001,96.838999999999999,0.47699999999999998,1.1539999999999999,0,7.4999999999999997E-2
SUZETTE,208,5.2880000000000003,82.212000000000003,7.6920000000000002,4.327,0.48099999999999998,0
SUZIE,30,3.3330000000000002,66.667000000000002,3.3330000000000002,26.667000000000002,0,0
SUZY,34,0,82.352999999999994,0,17.646999999999998,0,0
SVEN,52,1.923,96.153999999999996,0,1.923,0,0
SVETLANA,210,0,98.570999999999998,0,1.429,0,0
SWATI,53,0,24.527999999999999,0,71.697999999999993,3.774,0
SYBIL,69,1.4490000000000001,82.608999999999995,11.593999999999999,1.4490000000000001,2.899,0
SYDNEY,179,2.7930000000000001,83.24,8.9390000000000001,5.0279999999999996,0,0
SYED,289,0.69199999999999995,23.875,0,74.048000000000002,0.69199999999999995,0.69199999999999995
SYLVAIN,16,0,100,0,0,0,0
SYLVESTER,103,5.8250000000000002,32.039000000000001,60.194000000000003,1.9419999999999999,0,0
SYLVIA,1420,24.013999999999999,58.168999999999997,12.113,5.282,0.35199999999999998,7.0000000000000007E-2
SYLVIE,43,0,90.697999999999993,4.6509999999999998,4.6509999999999998,0,0
SYLWIA,16,0,100,0,0,0,0
TABATHA,75,5.3330000000000002,82.667000000000002,9.3330000000000002,0,0,2.6669999999999998
TABITHA,193,3.109,84.974000000000004,9.3260000000000005,1.554,0.51800000000000002,0.51800000000000002
TAD,107,0,95.326999999999998,0,4.673,0,0
TADD,18,0,100,0,0,0,0
TADEUSZ,71,0,97.183000000000007,0,2.8170000000000002,0,0
TAE,96,0,3.125,0,96.875,0,0
TAI,124,0,12.903,1.613,85.483999999999995,0,0
TAK,31,0,3.226,0,96.774000000000001,0,0
TAKASHI,17,0,0,0,100,0,0
TAL,35,0,97.143000000000001,2.8570000000000002,0,0,0
TALIA,33,6.0609999999999999,87.879000000000005,6.0609999999999999,0,0,0
TALIN,15,0,100,0,0,0,0
TAM,157,0,5.0960000000000001,0,94.903999999999996,0,0
TAMA,20,0,100,0,0,0,0
TAMAR,71,2.8170000000000002,84.507000000000005,9.859,1.4079999999999999,0,1.4079999999999999
TAMARA,1743,1.7210000000000001,93.001000000000005,4.4180000000000001,0.57399999999999995,0.115,0.17199999999999999
TAMATHA,30,0,86.667000000000002,13.333,0,0,0
TAMEKA,30,0,10,90,0,0,0
TAMELA,88,2.2730000000000001,87.5,10.227,0,0,0
TAMERA,163,0,95.091999999999999,4.9080000000000004,0,0,0
TAMI,551,1.633,96.37,0.72599999999999998,1.089,0,0.18099999999999999
TAMIE,34,2.9409999999999998,94.117999999999995,2.9409999999999998,0,0,0
TAMIKA,82,3.6589999999999998,7.3170000000000002,89.024000000000001,0,0,0
TAMMI,167,1.198,95.808000000000007,2.9940000000000002,0,0,0
TAMMIE,281,1.7789999999999999,86.477000000000004,9.2530000000000001,2.1349999999999998,0.35599999999999998,0
TAMMY,2916,1.5780000000000001,92.421000000000006,2.8460000000000001,2.7429999999999999,0.17100000000000001,0.24
TAMRA,195,0.51300000000000001,96.923000000000002,2.0510000000000002,0.51300000000000001,0,0
TAN,111,0,5.4050000000000002,0,94.594999999999999,0,0
TANA,100,2,94,3,1,0,0
TANIA,245,22.449000000000002,69.796000000000006,2.8570000000000002,4.8979999999999997,0,0
TANISHA,42,0,19.047999999999998,80.951999999999998,0,0,0
TANJA,71,2.8170000000000002,88.731999999999999,8.4510000000000005,0,0,0
TANNER,54,1.8520000000000001,96.296000000000006,0,1.8520000000000001,0,0
TANYA,1069,3.6480000000000001,81.945999999999998,10.664,2.9,0.46800000000000003,0.374
TAO,96,0,2.0830000000000002,0,96.875,0,1.042
TARA,1828,0.93,94.364999999999995,3.2280000000000002,1.3129999999999999,5.5E-2,0.109
TAREK,55,0,87.272999999999996,1.8180000000000001,9.0909999999999993,0,1.8180000000000001
TARI,31,0,93.548000000000002,6.452,0,0,0
TARIQ,58,1.724,36.207000000000001,1.724,58.621000000000002,1.724,0
TARUN,31,0,16.129000000000001,0,83.870999999999995,0,0
TARYN,125,0,92,4,4,0,0
TASHA,145,2.069,73.102999999999994,22.759,2.069,0,0
TATE,31,3.226,90.322999999999993,0,3.226,3.226,0
TATIANA,144,9.7219999999999995,84.028000000000006,4.1669999999999998,2.0830000000000002,0,0
TATUM,16,0,100,0,0,0,0
TATYANA,165,0.60599999999999998,97.575999999999993,0,1.212,0.60599999999999998,0
TAUNYA,22,0,100,0,0,0,0
TAWNY,30,3.3330000000000002,93.332999999999998,0,3.3330000000000002,0,0
TAWNYA,55,1.8180000000000001,94.545000000000002,3.6360000000000001,0,0,0
TAYLOR,326,1.534,95.399000000000001,1.2270000000000001,1.84,0,0
TED,763,1.3109999999999999,89.384,1.704,7.2080000000000002,0.39300000000000002,0
TEDD,37,0,94.594999999999999,0,5.4050000000000002,0,0
TEDDY,158,6.9619999999999997,75.316000000000003,4.43,12.657999999999999,0,0.63300000000000001
TEENA,68,0,95.587999999999994,1.4710000000000001,2.9409999999999998,0,0
TENA,50,4,88,4,4,0,0
TEODORA,40,32.5,45,0,22.5,0,0
TEODORO,66,69.697000000000003,10.606,0,18.181999999999999,1.5149999999999999,0
TEOFILO,30,66.667000000000002,20,0,13.333,0,0
TERA,74,2.7029999999999998,91.891999999999996,4.0540000000000003,1.351,0,0
TERENCE,460,0.435,86.304000000000002,8.0429999999999993,4.5650000000000004,0.217,0.435
TERESA,5068,11.089,83.268000000000001,2.802,2.5059999999999998,0.23699999999999999,9.9000000000000005E-2
TERESE,121,3.306,94.215000000000003,0.82599999999999996,1.653,0,0
TERESITA,200,19.5,18.5,1,60,0.5,0.5
TERESSA,32,0,87.5,12.5,0,0,0
TERI,681,1.762,93.978999999999999,2.056,1.615,0.441,0.14699999999999999
TERRA,92,0,92.391000000000005,6.5220000000000002,1.087,0,0
TERRANCE,456,0.439,81.578999999999994,15.132,2.4119999999999999,0,0.439
TERRELL,106,0,61.320999999999998,37.735999999999997,0,0,0.94299999999999995
TERRENCE,718,0.55700000000000005,86.908000000000001,9.4710000000000001,2.6459999999999999,0.13900000000000001,0.27900000000000003
TERRI,1815,1.212,93.884,3.085,1.5429999999999999,0.16500000000000001,0.11
TERRIE,206,1.456,92.718000000000004,4.3689999999999998,0.97099999999999997,0,0.48499999999999999
TERRILL,36,0,83.332999999999998,13.888999999999999,2.778,0,0
TERRY,4864,0.72,93.194999999999993,4.2350000000000003,1.357,0.26700000000000002,0.22600000000000001
TERYL,19,0,100,0,0,0,0
TESSA,96,1.042,93.75,2.0830000000000002,3.125,0,0
TETYANA,20,0,100,0,0,0,0
THAD,111,0.90100000000000002,95.495000000000005,1.802,0.90100000000000002,0,0.90100000000000002
THADDEUS,150,0.66700000000000004,92.667000000000002,6,0,0.66700000000000004,0
THAI,90,2.222,1.111,1.111,94.444000000000003,0,1.111
THANG,87,0,2.2989999999999999,0,97.700999999999993,0,0
THANH,373,0.26800000000000002,1.34,0,98.123000000000005,0,0.26800000000000002
THAO,103,0,5.8250000000000002,0,94.174999999999997,0,0
THEA,76,2.6320000000000001,86.841999999999999,6.5789999999999997,3.9470000000000001,0,0
THELMA,395,13.923999999999999,55.695999999999998,21.265999999999998,8.6080000000000005,0,0.50600000000000001
THEO,36,5.556,69.444000000000003,11.111000000000001,13.888999999999999,0,0
THEODORA,64,4.6879999999999997,87.5,7.8129999999999997,0,0,0
THEODORE,1742,1.32,89.781999999999996,5.97,2.5259999999999998,0.23,0.17199999999999999
THERESA,4117,3.6429999999999998,89.798000000000002,4.008,2.2349999999999999,0.19400000000000001,0.121
THERESE,524,1.145,95.228999999999999,0.76300000000000001,2.29,0,0.57299999999999995
THERON,57,0,91.227999999999994,5.2629999999999999,0,1.754,1.754
THI,47,0,6.383,0,93.617000000000004,0,0
THIEN,64,1.5629999999999999,0,0,98.438000000000002,0,0
THIERRY,32,0,84.375,6.25,9.375,0,0
THINH,59,0,1.6950000000000001,0,98.305000000000007,0,0
THO,44,2.2730000000000001,4.5449999999999999,0,93.182000000000002,0,0
THOMAS,27408,0.97399999999999998,95.917000000000002,1.31,1.569,0.113,0.11700000000000001
THONG,62,0,0,0,100,0,0
THOR,44,0,95.454999999999998,0,2.2730000000000001,2.2730000000000001,0
THU,99,0,6.0609999999999999,0,92.929000000000002,0,1.01
THUAN,70,0,1.429,0,97.143000000000001,0,1.429
THUC,17,0,0,0,100,0,0
THURMAN,35,0,71.429000000000002,25.713999999999999,0,2.8570000000000002,0
THUY,212,0.47199999999999998,4.2450000000000001,0.47199999999999998,94.811000000000007,0,0
TIA,127,0,74.016000000000005,18.898,6.2990000000000004,0,0.78700000000000003
TIAN,35,0,0,2.8570000000000002,97.143000000000001,0,0
TIBOR,37,2.7029999999999998,89.188999999999993,0,5.4050000000000002,2.7029999999999998,0
TIEN,97,2.0619999999999998,4.1239999999999997,0,93.813999999999993,0,0
TIFFANI,97,3.093,84.536000000000001,9.2780000000000005,3.093,0,0
TIFFANIE,50,2,82,10,6,0,0
TIFFANY,1833,1.4179999999999999,82.433000000000007,10.202,5.2919999999999998,0.32700000000000001,0.32700000000000001
TIM,987,1.216,90.881,1.1140000000000001,6.6870000000000003,0.10100000000000001,0
TIMMY,72,2.778,80.555999999999997,5.556,11.111000000000001,0,0
TIMOTHY,14467,0.69099999999999995,96.274000000000001,1.7629999999999999,1.044,0.13800000000000001,0.09
TIN,72,0,4.1669999999999998,0,95.832999999999998,0,0
TINA,2653,2.2989999999999999,88.164000000000001,3.2040000000000002,5.9930000000000003,0.188,0.151
TING,59,0,5.085,0,93.22,0,1.6950000000000001
TINH,27,0,0,0,100,0,0
TISHA,69,2.899,79.709999999999994,14.493,1.4490000000000001,0,1.4490000000000001
TITO,37,45.945999999999998,13.513999999999999,0,40.540999999999997,0,0
TITUS,34,0,55.881999999999998,26.471,17.646999999999998,0,0
TOAN,59,0,3.39,0,96.61,0,0
TOBIAS,88,10.227,86.364000000000004,2.2730000000000001,1.1359999999999999,0,0
TOBIN,58,1.724,94.828000000000003,0,1.724,0,1.724
TOBY,324,1.8520000000000001,92.900999999999996,2.778,2.16,0.309,0
TOD,162,0.61699999999999999,98.765000000000001,0,0.61699999999999999,0,0
TODD,5722,0.40200000000000002,97.885000000000005,0.94399999999999995,0.66400000000000003,8.6999999999999994E-2,1.7000000000000001E-2
TOM,963,0.93500000000000005,82.034999999999997,1.038,15.472,0.312,0.20799999999999999
TOMAS,307,67.427000000000007,25.407,0.97699999999999998,6.1890000000000001,0,0
TOMASZ,101,0.99,98.02,0,0.99,0,0
TOMEKA,19,0,0,100,0,0,0
TOMI,30,3.3330000000000002,86.667000000000002,0,6.6669999999999998,3.3330000000000002,0
TOMISLAV,16,0,100,0,0,0,0
TOMMIE,130,3.8460000000000001,61.537999999999997,32.308,1.538,0.76900000000000002,0
TOMMY,703,3.556,73.825999999999993,8.8190000000000008,13.087,0.71099999999999997,0
TONG,74,0,0,0,98.649000000000001,0,1.351
TONI,954,2.83,87.001999999999995,8.3859999999999992,1.048,0.52400000000000002,0.21
TONIA,156,3.2050000000000001,78.846000000000004,17.308,0.64100000000000001,0,0
TONJA,59,0,83.051000000000002,15.254,0,1.6950000000000001,0
TONY,1692,6.915,63.002000000000002,8.57,21.099,0.35499999999999998,5.8999999999999997E-2
TONYA,898,0.89100000000000001,83.519000000000005,14.699,0.44500000000000001,0.223,0.223
TORI,89,1.1240000000000001,92.135000000000005,5.6180000000000003,1.1240000000000001,0,0
TORREY,37,2.7029999999999998,72.972999999999999,24.324000000000002,0,0,0
TORY,60,0,90,5,3.3330000000000002,1.667,0
TOSHA,31,0,67.742000000000004,32.258000000000003,0,0,0
TRACE,33,3.03,90.909000000000006,6.0609999999999999,0,0,0
TRACEE,40,0,87.5,10,2.5,0,0
TRACEY,1249,0.80100000000000005,89.751999999999995,8.407,0.88100000000000001,0,0.16
TRACI,721,0.55500000000000005,93.064999999999998,4.577,1.6639999999999999,0.13900000000000001,0
TRACIE,383,1.044,90.338999999999999,6.7889999999999997,1.5669999999999999,0,0.26100000000000001
TRACY,4122,0.995,92.334000000000003,4.2460000000000004,2.1349999999999998,0.14599999999999999,0.14599999999999999
TRAM,33,0,6.0609999999999999,0,93.938999999999993,0,0
TRAN,32,0,0,0,100,0,0
TRANG,116,0,4.3099999999999996,0,94.828000000000003,0,0.86199999999999999
TRAVIS,1908,0.73399999999999999,94.234999999999999,3.5640000000000001,0.996,0.41899999999999998,5.1999999999999998E-2
TRENA,40,2.5,82.5,12.5,0,2.5,0
TRENT,314,0,97.134,1.5920000000000001,1.274,0,0
TRENTON,87,0,91.953999999999994,5.7469999999999999,2.2989999999999999,0,0
TRESA,36,0,94.444000000000003,5.556,0,0,0
TRESSA,43,0,88.372,11.628,0,0,0
TREVA,41,0,80.488,19.512,0,0,0
TREVOR,667,0.9,92.203999999999994,5.6970000000000001,0.9,0,0.3
TREY,33,0,93.938999999999993,3.03,3.03,0,0
TRI,128,0,3.125,0,96.875,0,0
TRICIA,596,2.0129999999999999,92.281999999999996,3.02,2.181,0.16800000000000001,0.33600000000000002
TRINA,308,3.5710000000000002,76.623000000000005,15.909000000000001,3.2469999999999999,0.32500000000000001,0.32500000000000001
TRINH,57,0,3.5089999999999999,0,96.491,0,0
TRINIDAD,97,83.504999999999995,10.308999999999999,0,6.1859999999999999,0,0
TRINITY,32,0,90.625,3.125,6.25,0,0
TRISH,37,0,97.296999999999997,0,2.7029999999999998,0,0
TRISHA,404,1.98,95.05,1.238,1.4850000000000001,0.248,0
TRISTA,50,0,94,4,0,2,0
TRISTAN,83,1.2050000000000001,83.132999999999996,4.819,10.843,0,0
TRONG,21,0,0,0,100,0,0
TROY,1890,0.84699999999999998,92.381,5.556,1.0580000000000001,0.106,5.2999999999999999E-2
TRUC,30,0,3.3330000000000002,0,93.332999999999998,0,3.3330000000000002
TRUDI,39,0,97.436000000000007,2.5640000000000001,0,0,0
TRUDIE,18,0,100,0,0,0,0
TRUDY,314,0.95499999999999996,93.948999999999998,3.5030000000000001,1.5920000000000001,0,0
TRUMAN,51,3.9220000000000002,92.156999999999996,3.9220000000000002,0,0,0
TRUNG,126,0,0,0,100,0,0
TRUONG,41,0,0,0,100,0,0
TU,83,1.2050000000000001,0,0,97.59,0,1.2050000000000001
TUAN,259,0.38600000000000001,2.3170000000000002,0,96.911000000000001,0,0.38600000000000001
TUCKER,36,0,100,0,0,0,0
TUNG,93,0,2.1509999999999998,0,97.849000000000004,0,0
TUSHAR,40,0,17.5,0,77.5,5,0
TUYEN,41,2.4390000000000001,0,0,97.561000000000007,0,0
TUYET,41,0,4.8780000000000001,0,92.683000000000007,0,2.4390000000000001
TWILA,58,3.448,91.379000000000005,5.1719999999999997,0,0,0
TWYLA,44,0,88.635999999999996,9.0909999999999993,0,0,2.2730000000000001
TY,230,0.435,83.477999999999994,1.7390000000000001,13.913,0.435,0
TYE,30,0,93.332999999999998,0,6.6669999999999998,0,0
TYLER,1063,0.84699999999999998,97.647999999999996,0.188,0.84699999999999998,0.28199999999999997,0.188
TYRA,46,0,67.391000000000005,32.609000000000002,0,0,0
TYRONE,262,3.8170000000000002,32.061,59.542000000000002,4.1980000000000004,0,0.38200000000000001
TYSON,190,1.0529999999999999,93.158000000000001,2.6320000000000001,2.6320000000000001,0,0.52600000000000002
TZVI,15,0,100,0,0,0,0
UBALDO,36,91.667000000000002,5.556,0,2.778,0,0
UDAY,32,0,21.875,0,78.125,0,0
UDO,18,0,100,0,0,0,0
ULISES,39,89.744,10.256,0,0,0,0
ULRIKE,25,0,100,0,0,0,0
ULYSSES,45,17.777999999999999,15.555999999999999,46.667000000000002,17.777999999999999,2.222,0
UMA,53,0,15.093999999999999,0,83.019000000000005,1.887,0
UMESH,37,0,10.811,0,89.188999999999993,0,0
URIEL,60,78.332999999999998,16.667000000000002,1.667,1.667,1.667,0
URSULA,200,6,83,9,1.5,0,0.5
URSZULA,22,0,100,0,0,0,0
USHA,88,0,25,0,69.317999999999998,3.4089999999999998,2.2730000000000001
UT,17,0,0,0,100,0,0
UTE,19,0,100,0,0,0,0
UWE,20,0,100,0,0,0,0
VADIM,109,0.91700000000000004,96.33,0,2.7519999999999998,0,0
VAHAN,16,0,100,0,0,0,0
VAHE,37,0,100,0,0,0,0
VAHIK,15,0,100,0,0,0,0
VAISHALI,37,0,18.919,2.7029999999999998,75.676000000000002,2.7029999999999998,0
VAL,82,1.22,92.683000000000007,2.4390000000000001,3.6589999999999998,0,0
VALARIE,111,3.6040000000000001,74.775000000000006,21.622,0,0,0
VALENTIN,128,43.75,50,1.5629999999999999,2.3439999999999999,2.3439999999999999,0
VALENTINA,119,13.445,83.192999999999998,0,3.3610000000000002,0,0
VALENTINE,45,15.555999999999999,60,11.111000000000001,13.333,0,0
VALERI,39,2.5640000000000001,97.436000000000007,0,0,0,0
VALERIA,74,24.324000000000002,55.405000000000001,20.27,0,0,0
VALERIE,2666,3.8260000000000001,86.647000000000006,7.5389999999999997,1.6879999999999999,0.113,0.188
VALERIY,47,0,97.872,0,2.1280000000000001,0,0
VALERY,53,0,88.679000000000002,11.321,0,0,0
VALORIE,71,0,91.549000000000007,8.4510000000000005,0,0,0
VAN,339,1.77,46.313000000000002,5.0149999999999997,46.607999999999997,0,0.29499999999999998
VANCE,184,0.54300000000000004,89.674000000000007,5.4349999999999996,3.2610000000000001,0.54300000000000004,0.54300000000000004
VANDANA,39,0,10.256,0,89.744,0,0
VANESSA,1066,15.76,63.414999999999999,15.946999999999999,4.0339999999999998,0.28100000000000003,0.56299999999999994
VARSHA,36,0,22.222000000000001,2.778,75,0,0
VASILE,40,2.5,95,0,2.5,0,0
VASILIKI,23,0,100,0,0,0,0
VASILIOS,40,2.5,97.5,0,0,0,0
VASILIY,38,2.6320000000000001,97.367999999999995,0,0,0,0
VASYL,25,0,100,0,0,0,0
VAUGHN,127,0,88.188999999999993,10.236000000000001,1.575,0,0
VEENA,45,0,20,0,77.778000000000006,2.222,0
VELMA,145,11.724,51.033999999999999,33.792999999999999,2.069,0.69,0.69
VENESSA,32,18.75,56.25,25,0,0,0
VENKAT,42,0,23.81,0,71.429000000000002,4.7619999999999996,0
VENKATA,104,0,15.385,0.96199999999999997,81.730999999999995,0.96199999999999997,0.96199999999999997
VENKATESH,43,0,13.952999999999999,0,86.046999999999997,0,0
VENUS,55,12.727,41.817999999999998,20,23.635999999999999,1.8180000000000001,0
VERA,410,3.1709999999999998,74.634,17.561,4.1459999999999999,0.24399999999999999,0.24399999999999999
VERN,72,0,90.278000000000006,5.556,4.1669999999999998,0,0
VERNA,163,1.84,73.62,20.245000000000001,3.681,0.61299999999999999,0
VERNE,34,0,97.058999999999997,0,2.9409999999999998,0,0
VERNON,637,1.099,79.591999999999999,15.856,3.4540000000000002,0,0
VERONICA,1500,40.133000000000003,46.667000000000002,10.199999999999999,2.8,0.2,0
VERONIKA,37,8.1080000000000005,91.891999999999996,0,0,0,0
VERONIQUE,37,2.7029999999999998,81.081000000000003,16.216000000000001,0,0,0
VICENTE,213,82.629000000000005,5.6340000000000003,0,11.737,0,0
VICKEY,41,0,92.683000000000007,7.3170000000000002,0,0,0
VICKI,1909,0.83799999999999997,95.442999999999998,2.0430000000000001,1.4670000000000001,0.21,0
VICKIE,908,1.4319999999999999,92.180999999999997,5.2859999999999996,0.77100000000000002,0.11,0.22
VICKY,504,4.1669999999999998,84.325000000000003,1.587,9.3249999999999993,0.19800000000000001,0.39700000000000002
VICTOR,2896,40.710999999999999,47.478999999999999,4.8689999999999998,6.7679999999999998,6.9000000000000006E-2,0.104
VICTORIA,2754,8.4239999999999995,83.515000000000001,3.74,3.7040000000000002,0.32700000000000001,0.28999999999999998
VIDA,48,2.0830000000000002,70.832999999999998,18.75,6.25,2.0830000000000002,0
VIDAL,34,70.587999999999994,14.706,8.8239999999999998,5.8819999999999997,0,0
VIDYA,35,0,28.571000000000002,0,71.429000000000002,0,0
VIEN,18,0,0,0,100,0,0
VIET,65,0,0,0,100,0,0
VIJAY,193,0,18.135000000000002,0,78.756,2.5910000000000002,0.51800000000000002
VIJAYA,65,1.538,18.462,0,80,0,0
VIKAS,65,0,27.692,0,72.308000000000007,0,0
VIKI,40,0,95,0,2.5,0,2.5
VIKKI,83,1.2050000000000001,90.361000000000004,4.819,3.6139999999999999,0,0
VIKRAM,65,1.538,23.077000000000002,0,75.385000000000005,0,0
VIKTOR,94,1.0640000000000001,97.872,0,1.0640000000000001,0,0
VILMA,145,53.792999999999999,24.827999999999999,6.2069999999999999,15.172000000000001,0,0
VINAY,65,0,6.1539999999999999,0,92.308000000000007,1.538,0
VINCE,186,5.3760000000000003,76.343999999999994,3.226,13.978,0.53800000000000003,0.53800000000000003
VINCENT,2796,4.149,81.938000000000002,5.508,8.0470000000000006,7.1999999999999995E-2,0.28599999999999998
VINCENZA,34,2.9409999999999998,97.058999999999997,0,0,0,0
VINCENZO,102,1.9610000000000001,98.039000000000001,0,0,0,0
VINH,155,0,2.581,0,97.418999999999997,0,0
VINOD,90,0,23.332999999999998,1.111,73.332999999999998,2.222,0
VIOLA,131,19.847000000000001,46.564999999999998,26.718,3.8170000000000002,2.29,0.76300000000000001
VIOLET,170,5.8819999999999997,68.234999999999999,18.824000000000002,7.0590000000000002,0,0
VIOLETA,87,45.976999999999997,27.585999999999999,0,25.286999999999999,0,1.149
VIOLETTA,19,0,100,0,0,0,0
VIPUL,48,4.1669999999999998,20.832999999999998,0,70.832999999999998,4.1669999999999998,0
VIRGIL,249,0.80300000000000005,87.55,10.039999999999999,1.2050000000000001,0,0.40200000000000002
VIRGILIO,85,30.588000000000001,16.471,0,52.941000000000003,0,0
VIRGINA,32,3.125,93.75,0,3.125,0,0
VIRGINIA,3057,9.5850000000000009,83.775000000000006,3.6640000000000001,2.65,0.13100000000000001,0.19600000000000001
VISHAL,55,0,20,0,80,0,0
VITA,32,0,90.625,3.125,6.25,0,0
VITALIY,51,0,98.039000000000001,0,1.9610000000000001,0,0
VITALY,28,0,100,0,0,0,0
VITO,168,1.786,97.024000000000001,0,0.59499999999999997,0,0.59499999999999997
VIVEK,115,0,20,0.87,77.391000000000005,0,1.7390000000000001
VIVIAN,829,9.2880000000000003,62.725999999999999,14.113,13.631,0.24099999999999999,0
VIVIANA,52,73.076999999999998,23.077000000000002,1.923,1.923,0,0
VIVIEN,34,0,70.587999999999994,2.9409999999999998,20.588000000000001,0,5.8819999999999997
VLADIMIR,378,5.2910000000000004,91.799000000000007,1.8520000000000001,1.0580000000000001,0,0
VLADISLAV,35,0,100,0,0,0,0
VOLODYMYR,30,3.3330000000000002,96.667000000000002,0,0,0,0
VON,46,2.1739999999999999,73.912999999999997,13.042999999999999,10.87,0,0
VONDA,58,0,94.828000000000003,5.1719999999999997,0,0,0
VU,101,0,3.96,0.99,94.058999999999997,0,0.99
VYACHESLAV,35,0,100,0,0,0,0
WADE,566,0.35299999999999998,94.7,2.827,1.7669999999999999,0.17699999999999999,0.17699999999999999
WAI,156,0,1.282,0,98.718000000000004,0,0
WALDEMAR,50,6,94,0,0,0,0
WALID,38,0,92.105000000000004,0,7.8949999999999996,0,0
WALKER,35,0,97.143000000000001,0,2.8570000000000002,0,0
WALLACE,359,1.1140000000000001,84.400999999999996,7.7990000000000004,6.1280000000000001,0.27900000000000003,0.27900000000000003
WALLY,45,2.222,77.778000000000006,6.6669999999999998,13.333,0,0
WALT,43,0,97.674000000000007,2.3260000000000001,0,0,0
WALTER,3147,4.5119999999999996,85.796000000000006,7.69,1.875,3.2000000000000001E-2,9.5000000000000001E-2
WALTRAUD,17,0,100,0,0,0,0
WAN,56,0,7.1429999999999998,0,91.070999999999998,0,1.786
WANDA,1332,4.2039999999999997,77.552999999999997,16.516999999999999,1.1259999999999999,0.3,0.3
WANG,24,0,0,0,100,0,0
WARD,123,0,98.373999999999995,0,0.81299999999999994,0,0.81299999999999994
WARNER,46,4.3479999999999999,80.435000000000002,8.6959999999999997,6.5220000000000002,0,0
WARREN,1217,0.57499999999999996,86.031000000000006,7.4770000000000003,5.3410000000000002,0.247,0.32900000000000001
WAYNE,3455,0.69499999999999995,90.477999999999994,4.718,3.8490000000000002,8.6999999999999994E-2,0.17399999999999999
WEI,406,0.49299999999999999,0.73899999999999999,0,98.275999999999996,0,0.49299999999999999
WEIDONG,18,0,0,0,100,0,0
WEIMIN,24,0,0,0,100,0,0
WEIMING,17,0,0,0,100,0,0
WEIPING,15,0,0,0,100,0,0
WELDON,64,0,90.625,9.375,0,0,0
WEN,149,0,1.3420000000000001,0,97.986999999999995,0,0.67100000000000004
WENDE,21,0,100,0,0,0,0
WENDEE,15,0,100,0,0,0,0
WENDELL,276,0.72499999999999998,67.754000000000005,26.812000000000001,4.3479999999999999,0,0.36199999999999999
WENDI,244,1.23,96.721000000000004,0.41,1.639,0,0
WENDIE,30,0,96.667000000000002,0,3.3330000000000002,0,0
WENDY,3963,2.8010000000000002,91.647999999999996,1.615,3.76,0.126,0.05
WERNER,67,5.97,91.045000000000002,1.4930000000000001,1.4930000000000001,0,0
WES,43,0,95.349000000000004,0,4.6509999999999998,0,0
WESLEY,1136,0.44,91.637,3.8730000000000002,3.6970000000000001,0.26400000000000001,8.7999999999999995E-2
WESTON,73,1.37,98.63,0,0,0,0
WHITNEY,477,0.629,95.388000000000005,2.516,1.258,0.21,0
WIESLAW,46,0,100,0,0,0,0
WIESLAWA,19,0,100,0,0,0,0
WILBERT,104,9.6150000000000002,39.423000000000002,45.192,4.8079999999999998,0.96199999999999997,0
WILBUR,137,4.38,78.102000000000004,13.138999999999999,4.38,0,0
WILBURN,31,0,90.322999999999993,9.6769999999999996,0,0,0
WILDA,34,20.588000000000001,70.587999999999994,8.8239999999999998,0,0,0
WILEY,52,0,84.614999999999995,15.385,0,0,0
WILFORD,35,0,74.286000000000001,11.429,11.429,2.8570000000000002,0
WILFRED,146,5.4790000000000001,57.533999999999999,21.917999999999999,15.068,0,0
WILFREDO,181,67.956000000000003,8.84,0,23.204000000000001,0,0
WILHELMINA,38,0,55.262999999999998,21.053000000000001,23.684000000000001,0,0
WILL,116,6.0339999999999998,81.034000000000006,7.7590000000000003,5.1719999999999997,0,0
WILLA,60,1.667,66.667000000000002,30,1.667,0,0
WILLARD,251,1.5940000000000001,91.234999999999999,5.976,1.1950000000000001,0,0
WILLIAM,31935,1.397,94.522999999999996,2.5579999999999998,1.3,0.10299999999999999,0.11899999999999999
WILLIE,901,2.2200000000000002,18.867999999999999,75.915999999999997,2.5529999999999999,0.111,0.33300000000000002
WILLIS,164,0,82.316999999999993,12.195,4.8780000000000001,0,0.61
WILLY,35,20,42.856999999999999,5.7140000000000004,31.428999999999998,0,0
WILMA,319,4.3890000000000002,75.549000000000007,13.166,6.5830000000000002,0.313,0
WILMER,62,45.161000000000001,46.774000000000001,6.452,1.613,0,0
WILSON,318,23.27,41.509,9.1189999999999998,25.786000000000001,0,0.314
WINDY,34,0,76.471000000000004,8.8239999999999998,14.706,0,0
WING,89,0,0,0,98.876000000000005,0,1.1240000000000001
WINIFRED,135,0,74.814999999999998,17.777999999999999,6.6669999999999998,0.74099999999999999,0
WINNIE,111,2.7029999999999998,18.919,6.306,72.072000000000003,0,0
WINONA,36,2.778,75,5.556,13.888999999999999,0,2.778
WINSTON,207,5.7969999999999997,44.927999999999997,32.366999999999997,16.908000000000001,0,0
WITOLD,15,0,100,0,0,0,0
WOJCIECH,72,0,100,0,0,0,0
WOLFGANG,74,1.351,98.649000000000001,0,0,0,0
WON,76,0,2.6320000000000001,0,97.367999999999995,0,0
WOO,31,0,0,0,100,0,0
WOODROW,91,0,80.22,18.681000000000001,1.099,0,0
WOON,15,0,0,0,100,0,0
WYATT,98,1.02,92.856999999999999,4.0819999999999999,1.02,0,1.02
WYNNE,24,0,100,0,0,0,0
XAVIER,115,50.435000000000002,30.434999999999999,16.521999999999998,2.609,0,0
XI,40,0,2.5,0,97.5,0,0
XIA,25,0,0,0,100,0,0
XIAN,24,0,0,0,100,0,0
XIANG,51,0,0,0,100,0,0
XIAO,154,0,1.948,0,98.052000000000007,0,0
XIAODONG,52,0,0,0,100,0,0
XIAOFENG,27,0,0,0,100,0,0
XIAOHONG,24,0,0,0,100,0,0
XIAOPING,23,0,0,0,100,0,0
XIN,135,1.4810000000000001,0.74099999999999999,0,97.778000000000006,0,0
XING,42,0,2.3809999999999998,0,97.619,0,0
XIOMARA,36,80.555999999999997,11.111000000000001,8.3330000000000002,0,0,0
XIONG,19,0,0,0,100,0,0
XIU,48,0,0,0,100,0,0
XOCHITL,36,69.444000000000003,25,0,5.556,0,0
XU,45,0,0,0,100,0,0
XUAN,59,0,1.6950000000000001,1.6950000000000001,96.61,0,0
XUE,51,0,0,0,100,0,0
XUEJUN,15,0,0,0,100,0,0
XUN,17,0,0,0,100,0,0
YADIRA,68,86.765000000000001,11.765000000000001,1.4710000000000001,0,0,0
YAKOV,35,0,100,0,0,0,0
YAN,263,0.38,7.2240000000000002,0.38,91.254999999999995,0,0.76
YANA,40,0,100,0,0,0,0
YANET,22,100,0,0,0,0,0
YANG,125,0.8,0,0,99.2,0,0
YAO,62,0,1.613,3.226,95.161000000000001,0,0
YARON,21,0,100,0,0,0,0
YASMIN,69,31.884,30.434999999999999,7.2460000000000004,28.986000000000001,0,1.4490000000000001
YE,31,3.226,3.226,0,93.548000000000002,0,0
YEE,41,0,4.8780000000000001,0,95.122,0,0
YEFIM,15,0,100,0,0,0,0
YELENA,147,0.68,99.32,0,0,0,0
YEN,94,1.0640000000000001,2.1280000000000001,0,96.808999999999997,0,0
YESENIA,119,91.596999999999994,7.5629999999999997,0.84,0,0,0
YEVGENIY,63,0,100,0,0,0,0
YEVGENIYA,17,0,100,0,0,0,0
YI,206,0.48499999999999999,1.9419999999999999,0,97.087000000000003,0,0.48499999999999999
YIN,48,0,6.25,0,93.75,0,0
YING,192,0,3.125,0,96.353999999999999,0,0.52100000000000002
YIU,20,0,0,0,100,0,0
YOGESH,36,0,8.3330000000000002,0,91.667000000000002,0,0
YOKO,31,0,12.903,0,87.096999999999994,0,0
YOLANDA,1003,56.929000000000002,19.042999999999999,19.341999999999999,4.2869999999999999,0.19900000000000001,0.19900000000000001
YONG,369,0.54200000000000004,5.149,0,94.308999999999997,0,0
YOON,44,0,4.5449999999999999,0,95.454999999999998,0,0
YOSHIKO,16,0,0,0,100,0,0
YOUNG,437,0,2.746,0.22900000000000001,96.796000000000006,0,0.22900000000000001
YOUSSEF,48,2.0830000000000002,85.417000000000002,4.1669999999999998,8.3330000000000002,0,0
YU,227,0.441,2.2029999999999998,0,97.356999999999999,0,0
YUAN,78,0,1.282,0,98.718000000000004,0,0
YUE,89,0,2.2469999999999999,0,97.753,0,0
YUK,27,0,0,0,100,0,0
YULIA,21,0,100,0,0,0,0
YULIYA,51,0,100,0,0,0,0
YUN,134,0.746,1.4930000000000001,0,96.269000000000005,0.746,0.746
YUNG,42,2.3809999999999998,0,0,97.619,0,0
YURI,81,11.111000000000001,76.543000000000006,0,12.346,0,0
YURIY,100,0,100,0,0,0,0
YVES,37,0,64.864999999999995,29.73,5.4050000000000002,0,0
YVETTE,439,22.779,53.985999999999997,21.411999999999999,1.595,0.22800000000000001,0
YVONNE,1296,10.185,65.278000000000006,18.364000000000001,5.2469999999999999,0.54,0.38600000000000001
ZACH,51,1.9610000000000001,98.039000000000001,0,0,0,0
ZACHARIAH,55,1.8180000000000001,92.727000000000004,3.6360000000000001,0,1.8180000000000001,0
ZACHARY,1116,0.80600000000000005,95.968000000000004,1.613,0.98599999999999999,0.26900000000000002,0.35799999999999998
ZACHERY,33,0,96.97,3.03,0,0,0
ZACK,33,3.03,87.879000000000005,6.0609999999999999,3.03,0,0
ZAHRA,37,0,78.378,2.7029999999999998,18.919,0,0
ZANE,96,1.042,95.832999999999998,1.042,2.0830000000000002,0,0
ZBIGNIEW,100,0,100,0,0,0,0
ZDZISLAW,17,0,100,0,0,0,0
ZELJKO,21,0,100,0,0,0,0
ZENAIDA,100,31,10,0,59,0,0
ZENON,38,21.053000000000001,78.947000000000003,0,0,0,0
ZHANNA,30,3.3330000000000002,96.667000000000002,0,0,0,0
ZHAO,23,0,0,0,100,0,0
ZHE,22,0,0,0,100,0,0
ZHEN,66,0,0,0,100,0,0
ZHENG,47,2.1280000000000001,0,0,97.872,0,0
ZHI,85,0,3.5289999999999999,0,94.117999999999995,0,2.3530000000000002
ZHIGANG,16,0,0,0,100,0,0
ZHIQIANG,18,0,0,0,100,0,0
ZHIYONG,17,0,0,0,100,0,0
ZHONG,72,0,0,0,100,0,0
ZHUO,28,0,0,0,100,0,0
ZI,16,0,0,0,100,0,0
ZINA,31,3.226,70.968000000000004,22.581,3.226,0,0
ZOE,102,3.9220000000000002,87.254999999999995,4.9020000000000001,3.9220000000000002,0,0
ZOFIA,55,0,100,0,0,0,0
ZOILA,66,86.364000000000004,12.121,1.5149999999999999,0,0,0
ZOLTAN,47,6.383,87.233999999999995,4.2549999999999999,2.1280000000000001,0,0
ZORAN,52,0,100,0,0,0,0
ALL OTHER FIRST NAMES,214124,8.2260000000000009,51.421999999999997,11.541,28.117000000000001,0.39600000000000002,0.29799999999999999,
